timestamp_ms,open,high,low,close,volume
1552003200000,3456.2,3478.4,3395.2,3424.5,16.72387566
1552089600000,3436.6,3509.7,3433,3488.5,9.64658511
1552176000000,3478.2,3479.5,3450,3474.4,7.40991354
1552262400000,3473,3473,3410.1,3422.7,14.08742737
1552348800000,3419,3441.9,3378.7,3425.4,21.9087434
1552435200000,3426.6,3599,3390.1,3398.7,23.04311913
1552521600000,3400.4,3500,3355.7,3407.2,33.07090267
1552608000000,3409.9,3451.9,3403.1,3443.2,28.06977279
1552694400000,3454.6,3538.2,3448.6,3518.1,40.37969379
1552780800000,3510.6,3518.1,3477.2,3504.7,21.33806111
1552867200000,3535,3535,3480.5,3504.5,30.20236275
1552953600000,3503.6,3532.4,3489.5,3521,14.43343736
1553040000000,3524.6,3539.9,3504.6,3530.4,16.93986643
1553126400000,3533.1,3555.6,3450.8,3497.3,30.34357235
1553212800000,3494.9,3547.1,3485.8,3530.4,15.98786387
1553299200000,3522.6,3543.3,3509.6,3525.4,12.01371366
1553385600000,3520.4,3525.3,3505.2,3519.1,19.13573972
1553472000000,3515.5,3521.6,3420.1,3458.4,25.4715975
1553558400000,3463.9,3482.3,3441.6,3479.8,23.53749137
1553644800000,3479.5,3581.5,3479.5,3579.7,20.59651566
1553731200000,3575,3580.5,3555.6,3570.1,19.29762831
1553817600000,3572,3649.2,3567.4,3648.3,34.41991834
1553904000000,3647.4,3672.6,3618.6,3645.2,13.32448871
1553990400000,3649,3655.1,3635.6,3643.8,12.5510823
1554076800000,3620,3703.1,3620,3697.9,23.83317169
1554163200000,3692.6,4531.7,3691.3,4375.8,209.5638875
1554249600000,4374,4753,3900,4426.5,149.65923356
1554336000000,4399.9,4508.1,4250.6,4356.7,139.85783788
1554422400000,4376.2,4519.7,4376.2,4489.2,57.69770242
1554508800000,4463.4,4675.6,4390.1,4495.6,81.16143976
1554595200000,4500.4,4679.9,4493.7,4636.1,31.34117336
1554681600000,4624.1,4732.6,4571.5,4701,66.74324097
1554768000000,4680.7,4685.7,4581.1,4608.9,47.77163937
1554854400000,4629.9,4841.9,4629.9,4724.7,94.86748001
1554940800000,4746,4746,4399.9,4497.6,85.61703326
1555027200000,4456.2,4526.5,4389.9,4500,34.89037666
1555113600000,4497.5,4536.8,4475.4,4481.7,13.90548204
1555200000000,4505.9,4583.1,4455,4566.9,10.69941731
1555286400000,4573.8,4581.8,4394.5,4463.4,26.36153807
1555372800000,4451.9,4641.1,4451.9,4614.4,26.27947475
1555459200000,4650,4667.1,4597.1,4617.7,27.05412831
1555545600000,4638,4744.3,4638,4697.7,51.8229713
1555632000000,4696.4,4746.5,4657.5,4713.4,18.96799208
1555718400000,4715.5,4750.7,4687.9,4736.1,23.41778139
1555804800000,4736.6,4749.9,4654,4725.4,30.87047499
1555891200000,4719.8,4832.9,4698.4,4777.3,25.52299293
1555977600000,4782.8,5014.5,4782.8,4947.2,93.23401935
1556064000000,4950,5017.8,4824,4890.5,72.96495122
1556150400000,4903.6,4957,4500.9,4611.2,48.55228102
1556236800000,4619,4739,4542,4613.4,84.84106753
1556323200000,4631.7,4685.8,4600.4,4649.4,28.01411589
1556409600000,4667.3,4687.2,4580.7,4620.9,17.40381691
1556496000000,4629.8,4650.9,4574.8,4605,24.3304534
1556582400000,4604.9,4717.4,4586.4,4706.6,43.01125781
1556668800000,4703.4,4757.2,4698.9,4756,25.22687813
1556755200000,4747.5,4846.3,4736.5,4827.6,40.37152282
1556841600000,4809.9,5180.3,4804,5053.9,126.86128186
1556928000000,5085,5193.9,4917.5,5138.3,77.65077998
1557014400000,5155,5170.7,5055.3,5125.9,40.32941153
1557100800000,5089,5136.6,4988.2,5084.7,43.43793163
1557187200000,5116.8,5325,5113.6,5152.2,101.4503685
1557273600000,5100,5309.8,5100,5302.4,43.93128941
1557360000000,5309,5500.5,5297.9,5476.2,71.78283023
1557446400000,5482.2,5717.6,5450.7,5653.2,158.96516481
1557532800000,5655.1,6545,5655.1,6319.1,347.09866445
1557619200000,6321,6744.2,6001.9,6217.3,452.80333441
1557705600000,6153.8,7242.3,6136.1,6950.2,365.41487657
1557792000000,6954.3,7418.6,6808,7135.5,382.0877025
1557878400000,7157.4,7373.9,6997.4,7317.5,223.36801851
1557964800000,7309.7,7456.2,6875,7053.2,224.42294759
1558051200000,7074.5,7074.5,6111.4,6614.8,352.19018481
1558137600000,6636.8,6735.3,6486,6536.2,140.45873634
1558224000000,6539.8,7430,6539.8,7362.4,233.30585516
1558310400000,7321,7321.9,6802.1,7180.1,160.75579066
1558396800000,7196.4,7266,7033.8,7159.5,111.77886496
1558483200000,7145,7193.7,6792,6866.3,92.82354857
1558569600000,6844.1,7131.9,6750,7046.9,105.2325101
1558656000000,7044.2,7300,6980,7146.1,126.13764653
1558742400000,7143.1,7290,7088.1,7220.1,69.32912202
1558828800000,7220.1,7860.5,7070,7820,221.08806468
1558915200000,7830.2,7977.6,7400,7869.3,159.61950772
1559001600000,7863.7,7880.5,7639.3,7825.3,78.62362181
1559088000000,7790.9,7869.9,7555.6,7780.3,107.14158227
1559174400000,7780.9,8140,7209,7451.1,212.89026555
1559260800000,7480.7,7689.6,7315.2,7674.4,93.17161549
1559347200000,7676.6,7719.9,7566.1,7664.6,73.26384168
1559433600000,7669.5,7905.7,7660.5,7827.3,59.16933639
1559520000000,7824.2,7829.7,7260,7260.1,104.94096064
1559606400000,7260,7260,6400,6835.8,305.69241656
1559692800000,6840.3,7052.1,6750,6963.5,184.90792693
1559779200000,6929.5,7009,6609,6921.3,90.12875524
1559865600000,6948.7,7180.5,6902.2,7097.5,140.28679775
1559952000000,7075.8,7106.9,6880.9,7012.4,68.33436944
1560038400000,7024.3,7030,6668,6767.5,81.12994739
1560124800000,6757.1,7140.3,6666.7,7079.7,123.56827279
1560211200000,7104.1,7120,6850,6990.6,109.39734981
1560297600000,6993,7316.8,6923.8,7217.9,131.49967867
1560384000000,7237,7407.7,7161.7,7301.2,116.11084345
1560470400000,7320.3,7783.6,7274.5,7752.7,152.40429262
1560556800000,7759.9,7930.6,7689.9,7895.6,137.82123663
1560643200000,7898.2,8377.8,7845.4,8030,261.32909025
1560729600000,8047.3,8437,8040.1,8305.3,183.02776289
1560816000000,8330.2,8336,7998.9,8038.8,162.25426255
1560902400000,8109.7,8284.3,8078.8,8268.7,52.85090136
1560988800000,8259.9,8510.6,8180.9,8452.9,119.80527471
1561075200000,8456.9,8979.8,8456.9,8978.5,132.20604232
1561161600000,8971.7,9871.7,8800,9381.1,386.22980838
1561248000000,9350,9872.2,9191,9431.4,214.68147832
1561334400000,9481.8,9734.4,9264.5,9665.2,164.03230333
1561420800000,9725,10373,9653.2,10335,260.54016095
1561507200000,10352,12072,9400,11136,815.37424355
1561593600000,11080,11600,9046.4,9807.7,954.16639799
1561680000000,9812.1,10953,9550,10884,471.30655426
1561766400000,10869,10869,10002,10492,319.30007842
1561852800000,10470,10733,9527.6,9536.1,316.25253226
1561939200000,9536.1,9852.2,8814.5,9373.8,518.44328571
1562025600000,9369.6,9710.3,8556,9576.9,595.00969846
1562112000000,9698.4,10647,9684.5,10605,442.23992267
1562198400000,10615,10673,9838,9915,284.66980166
1562284800000,9915,10211,9596.5,9767.5,279.24731161
1562371200000,9838.7,10408,9838.7,10002,203.15522029
1562457600000,9950,10334,9900,10205,177.99648798
1562544000000,10250,11050,10146,10981,287.24901927
1562630400000,10982,11464,10819,11222,302.66235766
1562716800000,11229,11728,10350,10783,506.32947912
1562803200000,10700,10728,9780.4,10097,432.97387859
1562889600000,10094,10606,9874.7,10478,219.58884602
1562976000000,10503,10503,9589.2,10127,218.71870372
1563062400000,10124,10183,9000,9079.6,292.68077072
1563148800000,9063.6,9750,8800,9675.5,315.87558668
1563235200000,9674.4,9750,8358.4,8426.1,431.06201099
1563321600000,8420.9,8896.2,8100.9,8640.4,467.23527627
1563408000000,8651.8,9549.9,8300,9466.6,480.0806865
1563494400000,9487.9,9556.1,9086.4,9403.7,195.26287677
1563580800000,9414.1,9924.3,9300.1,9625.2,156.3474306
1563667200000,9609.9,9673.7,9224.4,9440.4,101.91069899
1563753600000,9496.2,9500.9,8993.3,9233.1,122.59674594
1563840000000,9206.1,9206.1,8840.1,8840.1,186.431154
1563926400000,8840.1,8911.3,8576.1,8833.6,170.09786155
1564012800000,8754.7,9149.1,8753.2,8862.6,102.36739369
1564099200000,8855.1,8888.6,8703.9,8848.9,74.6297458
1564185600000,8841.6,9174.9,8406.1,8523,202.87942908
1564272000000,8518.6,8650.1,8216.9,8567.5,83.01104036
1564358400000,8586.7,8697.9,8434,8461.1,85.69927666
1564444800000,8528.6,8725.4,8438,8586.4,69.43692746
1564531200000,8581.8,9100,8581.8,9100,166.82696804
1564617600000,9121,9439.9,8941.1,9385.1,137.50344241
1564704000000,9400.4,9600.4,9304.1,9494.7,182.21014031
1564790400000,9475.1,9820.6,9463.8,9709.6,134.10207302
1564876800000,9747.8,9949.9,9523.6,9883.9,119.31355957
1564963200000,9880.3,10650,9878.4,10505,257.54842248
1565049600000,10467,10960,10008,10253,330.66163346
1565136000000,10207,10833,10160,10662,275.18835793
1565222400000,10705,10717,10273,10690,144.43140914
1565308800000,10690,10719,10415,10593,135.5737096
1565395200000,10620,10670,10048,10106,165.27043752
1565481600000,10082,10334,9956.8,10316,83.94432415
1565568000000,10299,10304,10062,10159,40.55219686
1565654400000,10156,10187,9596.1,9729.3,218.3129873
1565740800000,9723.3,9723.3,8956,8996.3,273.56493122
1565827200000,9128.6,9415,8528.3,9270.9,438.41069948
1565913600000,9269.3,9516,8806.1,9328,308.13746959
1566000000000,9357.5,9439.9,9012.5,9219.7,123.96126553
1566086400000,9236.1,9471,9096.9,9319.4,105.9998871
1566172800000,9297.4,9866.9,9265.3,9857.9,171.50258601
1566259200000,9870,9876.9,9350,9700.6,175.14912037
1566345600000,9718.8,9729.9,8911.9,9121.8,280.786331
1566432000000,9130,9231.3,8852,9134.2,109.12231006
1566518400000,9100.6,9413.5,9092.1,9341,97.19485698
1566604800000,9346,9351.9,8933.9,9109.3,92.40445426
1566691200000,9110,9260,8952.9,9112.7,64.19173969
1566777600000,9119.2,9514.5,9117.2,9349.5,120.89704957
1566864000000,9305.1,9312.6,9052.2,9159.8,49.38063168
1566950400000,9159,9292,8685.1,8781.7,135.52654372
1567036800000,8779,8779,8454,8570.7,140.08988751
1567123200000,8566.9,8830.1,8497.4,8734.4,76.5996097
1567209600000,8780,8807,8622,8771.7,29.18807251
1567296000000,8758.1,8940,8702.7,8896.2,50.15098709
1567382400000,8899.8,9528,8870.7,9478.9,198.09535396
1567468800000,9500,9838.4,9377.6,9657.6,174.9595624
1567555200000,9689.8,9825.4,9417.6,9593.5,155.80470991
1567641600000,9556.7,9657.4,9461.1,9584.7,72.68384988
1567728000000,9581,9919.7,9284.4,9361,222.76203656
1567814400000,9340.2,9590.1,9340,9501.6,79.44426763
1567900800000,9515.2,9592.5,9301,9450,77.33192349
1567987200000,9442.8,9546.7,9146.9,9346.9,158.70951772
1568073600000,9371.3,9401.5,9016.7,9154.9,87.86802973
1568160000000,9207,9233.3,8989.8,9214.8,103.58787852
1568246400000,9271.6,9465.7,9120.7,9409.9,108.62959935
1568332800000,9439.9,9440,9186.5,9358.3,86.27703736
1568419200000,9359,9429.5,9274.4,9374.2,26.46067733
1568505600000,9359.7,9374.4,9287.2,9308.9,24.44724825
1568592000000,9330.3,9389.9,9171.8,9310.8,74.4018438
1568678400000,9312.2,9319.2,9205.2,9205.2,60.61608623
1568764800000,9228.1,9264.9,9175,9206.8,52.14835849
1568851200000,9227.8,9370.1,8800,9311.4,145.64831037
1568937600000,9316.1,9316.8,9168.5,9228.1,76.3814648
1569024000000,9225.3,9225.9,9020.9,9053.8,56.90967681
1569110400000,9068,9152,8750,9128.1,83.11399506
1569196800000,9130.1,9300,8767.5,8820,164.58151352
1569283200000,8831.2,8926.4,7247.2,7791.2,533.55550278
1569369600000,7763.2,7954.6,7490.1,7703,278.26520668
1569456000000,7704.9,7771.2,7000,7406.3,273.0533807
1569542400000,7385.7,7585.9,7185.8,7486.7,142.36030553
1569628800000,7519.9,7657.1,7366.7,7501.4,71.54737444
1569715200000,7529.7,7538.9,7242.9,7384.4,85.20890628
1569801600000,7314.2,7654.4,7077.7,7603.8,187.97014164
1569888000000,7622.5,7800,7542.4,7605.8,148.76999099
1569974400000,7624,7652.2,7101,7650,73.4523877
1570060800000,7650,7672.9,7366.9,7533.6,68.30061655
1570147200000,7430.4,7500,7343.5,7454.9,43.2460301
1570233600000,7434.2,7480.5,7317,7420.1,67.87569549
1570320000000,7441.1,7441.1,7025,7161,93.21656494
1570406400000,7164.4,7574,7000,7483.7,163.93887659
1570492800000,7493.5,7586,7404.1,7484.3,75.09709442
1570579200000,7478.7,7899,7403.3,7815.3,170.37520306
1570665600000,7840.6,7873.3,7684.3,7809.3,90.39246127
1570752000000,7818.3,7977.1,7484.5,7498,85.06564446
1570838400000,7516.6,7631.2,7499.8,7562,35.61217028
1570924800000,7550,7681.9,7401,7525.9,49.04427178
1571011200000,7508.1,7622.4,7471.9,7574,62.03069475
1571097600000,7593.6,7632.8,7362.7,7379.1,81.76465627
1571184000000,7391.1,7416.9,7173.3,7230.1,88.06566067
1571270400000,7211.9,7309.7,7171.7,7259.9,52.05654421
1571356800000,7269,7292.6,7050,7128.8,57.84630162
1571443200000,7129.7,7238.1,7067.1,7117.2,31.59335594
1571529600000,7132.9,7449.5,7079.2,7367,96.94423233
1571616000000,7385.8,7446.8,7310.4,7373.9,53.97158828
1571702400000,7362.2,7452.6,7177.1,7220,47.43900286
1571788800000,7213,7239.2,6572.7,6726.5,213.59244064
1571875200000,6713,6769,6613.8,6705.2,60.64650622
1571961600000,6701.1,7900,6679.8,7800,337.25873846
1572048000000,7800,9321.5,7800,8331.1,403.90989597
1572134400000,8348.9,8889.6,8224,8602.5,234.59041146
1572220800000,8636.7,8966.5,8245.8,8305.1,143.23063131
1572307200000,8300,8593.9,8200,8490.3,97.87791194
1572393600000,8468.7,8486.6,8121,8259.3,95.4703887
1572480000000,8231.1,8441,8029.7,8210.8,94.79800032
1572566400000,8200.8,8324.9,8118.8,8280,59.04414772
1572652800000,8308.7,8400,8242,8333.5,35.87258915
1572739200000,8360.5,8399.8,8151,8265.5,36.90895371
1572825600000,8249.6,8595.3,8187.1,8460.7,103.40882787
1572912000000,8455.6,8526.6,8257,8412.2,77.74932741
1572998400000,8411.7,8520.6,8382.8,8455.9,38.69921355
1573084800000,8446.4,8457.9,8251,8329.9,52.62598233
1573171200000,8302.9,8361.2,7867.3,7956.6,127.17025937
1573257600000,7960.9,8054.6,7932.3,8000.8,52.46651872
1573344000000,7992.4,8270.2,7959.3,8207.4,63.65470073
1573430400000,8201.8,8226.8,7800,7908.3,88.90879718
1573516800000,7908.8,8055.5,7811.1,7996.2,60.05513197
1573603200000,8000,8000,7913.2,7971.1,32.23329749
1573689600000,7971.9,7972,7798.8,7840.4,45.322827
1573776000000,7840.3,7983.4,7613.2,7665.8,73.49019447
1573862400000,7666.6,7746.4,7650,7688.2,34.34150241
1573948800000,7687.8,7799,7603.1,7696.8,43.88731517
1574035200000,7684,7684,7254.9,7399.4,93.89525565
1574121600000,7385.5,7410.7,7237.7,7334.4,75.57462112
1574208000000,7338.7,7432.4,7281,7294.6,52.3152457
1574294400000,7292.4,7325.9,6699.5,6891.9,134.32124119
1574380800000,6897.2,6981,6180.1,6633.2,319.08213022
1574467200000,6620.7,7000,6468.1,6658,99.98104147
1574553600000,6666.3,6666.3,6254.8,6271.8,122.46274475
1574640000000,6285.9,6711.2,5946.5,6475.1,212.41000312
1574726400000,6495.8,6683.5,6401,6514,76.621252
1574812800000,6508,6978.1,6250,6844.6,218.26497535
1574899200000,6860,6960.7,6710.5,6771.5,70.87822074
1574985600000,6754,7131.3,6754,7033.7,100.27101263
1575072000000,7031.6,7108.3,6784,6864.8,68.20826706
1575158400000,6821.9,6822.2,6573.7,6733.3,96.19069071
1575244800000,6715.6,6744,6522,6611.5,58.18106407
1575331200000,6610.4,6693.2,6543.8,6604.4,66.49182306
1575417600000,6570,7000,6425.1,6496.7,88.39933379
1575504000000,6492.8,6744,6486.1,6650.2,70.50091516
1575590400000,6653.8,6887,6590.7,6823.8,81.30849623
1575676800000,6834,6865,6756.1,6776.7,37.87964689
1575763200000,6778,6843.3,6685.2,6806.8,64.58823562
1575849600000,6810,6897.5,6600,6639.2,65.06816132
1575936000000,6626.6,6671.9,6463.3,6504.2,47.10537389
1576022400000,6515.3,6569.6,6448.8,6477,35.80437364
1576108800000,6526,6526,6380.7,6436,32.88652567
1576195200000,6444.4,6555.2,6434.6,6520,30.20674643
1576281600000,6519.4,6527.5,6321,6360.2,37.72087301
1576368000000,6360.1,6454.6,6321.1,6394.8,33.47108952
1576454400000,6393.6,6396.8,6131.3,6183.3,98.45404146
1576540800000,6190.9,6219.7,5900,5923.3,124.73443809
1576627200000,5930.8,6717.7,5800.5,6553.4,204.38999173
1576713600000,6593.8,6629.2,6330.9,6421.1,85.6186224
1576800000000,6440.1,6526.4,6379,6501.8,32.33792295
1576886400000,6498.8,6500.4,6436.8,6457.1,30.76057213
1576972800000,6451.6,6788,6440.4,6788,67.80789156
1577059200000,6788,6932,6565.8,6607.3,114.75703876
1577145600000,6602.5,6706.4,6465.7,6524,73.58318667
1577232000000,6551.7,6559.5,6420,6483.7,31.13993631
1577318400000,6483,6687.3,6450,6493,65.6748049
1577404800000,6480.7,6500,6355.9,6485.9,37.02628365
1577491200000,6479.5,6583.3,6479.5,6528,65.860539
1577577600000,6524.2,6740.1,6520.5,6604.5,90.37933503
1577664000000,6595.2,6595.2,6435.6,6446.2,52.6391923
1577750400000,6440,6510.3,6350,6400.1,69.19670591
1577836800000,6392.8,6456,6384.1,6401.1,20.61598333
1577923200000,6399.1,6404.4,6201.2,6219.3,75.04363859
1578009600000,6214.8,6635.3,6150,6556,96.17138205
1578096000000,6556,6621.5,6528.2,6592,25.81962173
1578182400000,6596.3,6703.4,6556.8,6581.8,64.35609277
1578268800000,6581.5,6969.3,6578.8,6935.7,86.58866592
1578355200000,6940,7365.2,6940,7320.6,295.12798378
1578441600000,7312.1,7587,7079.7,7235.2,301.14487929
1578528000000,7248.3,7248.3,6982.5,7045.3,138.62933345
1578614400000,7047.4,7361,6935.1,7361,137.87017322
1578700800000,7360.8,7439.9,7200.3,7210.5,72.18318171
1578787200000,7200,7340,7158,7337,44.68651037
1578873600000,7340,7350,7251,7304.2,31.12075567
1578960000000,7291.7,7990.2,7291.7,7939.7,341.79180937
1579046400000,7926.5,7984.4,7716.9,7901.8,171.19360286
1579132800000,7912.8,7934.4,7707.3,7835,72.4321858
1579219200000,7828.3,8090,7791.1,8039.1,147.01552313
1579305600000,8039.1,8086,7953,8047.9,70.70134479
1579392000000,8027.7,8273.4,7670,7848,198.86454314
1579478400000,7858.8,7878.6,7679.3,7787.8,115.53247569
1579564800000,7793.4,7899,7675,7876.7,70.11997637
1579651200000,7873.9,7946.7,7746.3,7791,59.94782396
1579737600000,7804.7,7805.1,7477.6,7571.2,127.42277212
1579824000000,7598.3,7718.9,7457.1,7650.2,96.79003186
1579910400000,7636.9,7645.8,7510.5,7577.3,50.74190642
1579996800000,7575,7797.3,7527.2,7797.3,86.23417395
1580083200000,7799,8140,7765.3,8066.2,209.47903005
1580169600000,8074.7,8519.1,8070,8511.3,258.46679927
1580256000000,8526,8564.1,8398.6,8428.2,228.40056467
1580342400000,8424.6,8672.7,8322,8609.6,192.8420034
1580428800000,8604.2,8624.4,8334.7,8414,235.89343815
1580515200000,8425.5,8524.8,8380.9,8450,68.48834532
1580601600000,8450,8529.8,8259.9,8417.4,74.69391226
1580688000000,8412.8,8629.9,8353,8406.2,113.71186917
1580774400000,8400.5,8449,8225.2,8306.1,163.63913002
1580860800000,8306.3,8862,8297.7,8729.7,268.94963761
1580947200000,8749.9,8955.9,8664.2,8882.3,247.0394557
1581033600000,8886.9,9009,8875,8973,254.78331435
1581120000000,8962.2,9083.2,8850,9071.1,102.00909688
1581206400000,9055.7,9289.1,9035.3,9282.2,212.36098828
1581292800000,9284.9,9309.9,8897.9,9028.5,329.41774667
1581379200000,9026.9,9500,8901.1,9412.6,232.53819726
1581465600000,9400.9,9602.9,9384.4,9526.4,230.07427445
1581552000000,9519.7,9687.6,9288.1,9453.8,311.61018063
1581638400000,9451.4,9589.7,9331.2,9572.6,115.96880078
1581724800000,9573.7,9589.9,9084.6,9159.8,184.92073708
1581811200000,9164.7,9282.6,8800,9182,185.73411666
1581897600000,9169,9187.5,8743.3,8960.6,229.18337685
1581984000000,8967.3,9501.8,8920.1,9416.5,331.31786207
1582070400000,9434,9548.4,8686.4,8914,360.58375321
1582156800000,8885.8,8990.4,8761.7,8917.8,164.17351103
1582243200000,8918.8,9051.4,8847.7,8953,73.05991648
1582329600000,8945,8959.4,8831.2,8929.5,66.10862408
1582416000000,8929.5,9230.8,8923.9,9222.1,69.40771938
1582502400000,9198.1,9241,8740.5,8919.3,165.58521953
1582588800000,8913.7,8931.3,8521,8555.2,228.31028791
1582675200000,8555.7,8613.3,7930.9,8080.1,479.95452992
1582761600000,8080.1,8183.2,7850.7,8004.4,233.01456542
1582848000000,8022.2,8101.3,7683,7913.2,217.67132127
1582934400000,7893,7983.4,7750,7750,99.93305757
1583020800000,7745.1,7941.4,7629.7,7722.6,123.76880272
1583107200000,7722.7,8070,7690.4,8006.8,250.89836553
1583193600000,8008.7,8030,7766.8,7847.4,138.87079263
1583280000000,7851.8,7934.6,7811.8,7869,53.00115207
1583366400000,7869,8189.5,7869,8086.2,144.23741401
1583452800000,8084,8146.4,8000.7,8121.2,63.71361738
1583539200000,8121,8164.7,7857,7897.3,85.41219244
1583625600000,7881.7,7881.7,7035.1,7068.9,214.41968483
1583712000000,7097,7213.7,6687.9,6963.3,396.45803539
1583798400000,6969.2,7179.8,6727.7,6982.2,298.40988043
1583884800000,6965,7089.7,6728.1,7045.4,189.71207336
1583971200000,7068,7069.9,4200,4367.6,1299.3916905
1584057600000,4345.1,5434.2,3519.7,5101.8,1636.66503503
1584144000000,5109,5119,4576.9,4666.2,578.93510137
1584230400000,4694.5,5500,4624.3,4810.5,765.2991523
1584316800000,4817.7,4818.5,4000,4514.9,1251.65653209
1584403200000,4550,5082.5,4440,4874.7,986.48834977
1584489600000,4872.7,4985,4603.2,4950.8,661.38601929
1584576000000,4951.1,6071.8,4850,5827.3,1621.04493678
1584662400000,5827.4,6495.8,5294.9,5823.3,1776.44834505
1584748800000,5823.8,6069,5515.7,5815.9,758.6071011
1584835200000,5810.5,6023.1,5405,5473.5,654.53452836
1584921600000,5435.3,6167.5,5380,6047,999.85715547
1585008000000,6070.5,6350,5943.1,6265.9,899.37248792
1585094400000,6258.2,6450,5999.9,6162.5,679.93993267
1585180800000,6175,6246.9,6000.1,6128.7,296.60793576
1585267200000,6134.7,6216.2,5665.2,5746.1,362.3374784
1585353600000,5716.6,5716.6,5439.1,5630.7,507.19605296
1585440000000,5647.1,5647.1,5283.7,5284.4,363.45017013
1585526400000,5305.9,5994,5280,5822,668.93302451
1585612800000,5832.4,5950,5802.7,5838.7,283.23608078
1585699200000,5848.3,6113.9,5651.9,6069.3,362.24823172
1585785600000,6107.1,6656.2,6016.3,6274.2,1128.12360733
1585872000000,6266.8,6525.1,6142.3,6250.5,756.96658763
1585958400000,6244.1,6475,6184,6370,375.28706725
1586044800000,6370,6389,6205.7,6284.7,200.09963173
1586131200000,6272.9,6803.9,6272.9,6803.8,869.62498116
1586217600000,6803.9,6916.8,6497,6611,672.45125956
1586304000000,6608,6833.7,6593.9,6778.9,333.06328171
1586390400000,6779.3,6789.5,6538,6681.2,370.47954451
1586476800000,6687.2,6687.2,6176.4,6281.5,624.34713458
1586563200000,6300,6363.1,6207,6304,185.94743437
1586649600000,6317.2,6602.7,6228.7,6329.5,430.36779354
1586736000000,6323.4,6328.5,6062,6294.9,533.9873671
1586822400000,6312.9,6376.4,6208.9,6255.2,332.02197049
1586908800000,6240,6320,6073.8,6083.2,248.4204984
1586995200000,6070,6636.6,5950.4,6548.8,629.71676926
1587081600000,6559.8,6600,6447.8,6490.3,226.69101244
1587168000000,6480,6722.1,6480,6686.8,294.28019606
1587254400000,6697.1,6697.1,6510.6,6567.4,183.63344118
1587340800000,6565.7,6650,6242,6305.9,433.30380894
1587427200000,6301,6426.6,6271.6,6319.1,188.78288986
1587513600000,6317.5,6621.7,6301.8,6597.8,245.35398065
1587600000000,6599,7174.3,6506.3,6938.8,781.29781374
1587686400000,6945.5,7079.8,6855.4,6942.5,386.12838267
1587772800000,6948.8,7124,6890.3,6987.4,235.44332439
1587859200000,6986.5,7125,6979.6,7116.4,291.27327997
1587945600000,7116.4,7199.4,7052.1,7197,356.33515194
1588032000000,7171.2,7190.1,7102.8,7178.2,203.27167874
1588118400000,7186.7,8268.1,7130,8075.6,1778.79678633
1588204800000,8041.9,8728.1,7700,7873.3,1841.97390899
1588291200000,7892.4,8293.7,7892.4,8045.7,491.65585082
1588377600000,8036.7,8200,8000,8182.6,346.17491663
1588464000000,8187,8373,7972,8127,450.5878786
1588550400000,8150.3,8226.1,7809.9,8151.9,517.09110262
1588636800000,8163.4,8385,8103.8,8339,536.97303589
1588723200000,8335.6,8717.1,8250.3,8495.8,858.00404501
1588809600000,8495.7,9279.4,8402.4,9215,1382.12634441
1588896000000,9215,9260.6,9000,9068.9,571.51642159
1588982400000,9068.9,9150,8800,8820.7,624.32182037
1589068800000,8821.2,8823,7619.5,8095.2,1311.39404407
1589155200000,8110.3,8500,7561.6,7929.5,1219.73402334
1589241600000,7925.6,8280.8,7909.1,8127.6,417.77524373
1589328000000,8135.6,8703.1,8135.6,8606.2,604.72843354
1589414400000,8644.1,9190,8588.1,9053,972.53538805
1589500800000,9099.4,9099.4,8450.6,8600.9,652.85933743
1589587200000,8627.1,8847.2,8526.8,8682.5,277.54893161
1589673600000,8659.6,9113.1,8641.4,8925.7,502.12866144
1589760000000,8935.8,9150,8770.1,8909.7,504.30315879
1589846400000,8878.7,9015,8700,8951,378.20774664
1589932800000,8941.9,8987.9,8529.9,8670.5,558.80268244
1590019200000,8664.9,8722.1,8041.2,8261.4,785.47405149
1590105600000,8284.9,8517.5,8189,8415.4,366.59212629
1590192000000,8429.3,8544.5,8365.1,8422.6,165.02155404
1590278400000,8421,8536.8,8000.1,8007.9,376.23863574
1590364800000,8001.2,8239.8,7937.2,8176.9,408.54979964
1590451200000,8184.7,8242,7940,8051.7,220.83054926
1590537600000,8061.6,8405.9,8059.6,8361.7,327.80877243
1590624000000,8365.3,8679,8291.7,8633.4,339.29456017
1590710400000,8650,8664.5,8393,8504,222.26650746
1590796800000,8496.6,8743.3,8411.9,8711.6,233.91673907
1590883200000,8716.4,8716.4,8460,8528.1,179.51456392
1590969600000,8497.2,9246.9,8487.7,9103.3,565.44312842
1591056000000,9110,9129.2,8302.3,8522.5,859.37275086
1591142400000,8521.9,8620,8385.5,8604.1,180.05174581
1591228800000,8609.9,8705.1,8470.4,8645.7,554.88753384
1591315200000,8647.8,8691.1,8513.3,8541.7,309.70890893
1591401600000,8540,8634.9,8468.1,8575.6,165.79032249
1591488000000,8570.6,8670,8375,8618.9,342.52431365
1591574400000,8642.5,8666.2,8553.1,8648.5,216.18692888
1591660800000,8670,8710,8476,8633.6,366.19177106
1591747200000,8625,8762.6,8560,8708.8,371.18337715
1591833600000,8711.3,8746.9,8006.8,8216.5,745.79346245
1591920000000,8210.9,8452,8190.3,8417,202.73617361
1592006400000,8419,8428.5,8308.5,8410,145.45673373
1592092800000,8416.8,8417.8,8238.5,8299.7,118.25076862
1592179200000,8294.8,8386.4,7937,8317.5,554.19344199
1592265600000,8323.1,8494.8,8286.9,8453.5,190.10407804
1592352000000,8454.1,8500,8240.2,8416,123.87582268
1592438400000,8407.3,8430.8,8284.9,8377.9,112.65990753
1592524800000,8364.4,8400,8258,8323.3,140.55291494
1592611200000,8313.1,8394.1,8225.1,8369.1,133.74676178
1592697600000,8371.7,8404.6,8304.6,8306.6,95.06628915
1592784000000,8304.3,8673.8,8303.8,8588.4,314.74526004
1592870400000,8598.4,8617.9,8486.8,8498.9,118.74198014
1592956800000,8508.6,8544.5,8178.8,8252.8,304.63423495
1593043200000,8254,8325.5,8019,8246.8,228.67547029
1593129600000,8240,8282.9,8077,8172.8,234.9348781
1593216000000,8155.1,8199.3,7925,8045.7,211.6016589
1593302400000,8033.1,8193.6,7988.3,8135.9,152.0603284
1593388800000,8132.1,8213.4,8008.6,8166.6,162.93800934
1593475200000,8171.9,8192.7,8100.1,8146.2,73.61457732
1593561600000,8123.5,8271.5,8112.5,8210.1,107.25700432
1593648000000,8211.2,8238,7995,8101.5,172.90412768
1593734400000,8091,8142,8063.4,8077.7,105.42707875
1593820800000,8060.1,8174,8055.9,8117.9,80.51985468
1593907200000,8130.3,8136.3,7952.1,8082.7,104.21684644
1593993600000,8079.7,8273,8051,8261.9,166.01563681
1594080000000,8258.9,8273,8185.5,8213.1,137.76194157
1594166400000,8225,8362.2,8199.3,8334.9,285.81390126
1594252800000,8340.6,8340.6,8136.1,8196.2,190.424911
1594339200000,8195.6,8245.8,8120,8227.7,136.53144104
1594425600000,8235.6,8237.3,8144.1,8187.2,63.10314314
1594512000000,8191.4,8267.2,8136.4,8238.4,79.13011673
1594598400000,8238.1,8250,8118.9,8154.2,147.46277866
1594684800000,8143.4,8149.7,8045.1,8124.6,124.99508767
1594771200000,8126.6,8129.6,8050,8059.2,114.15789044
1594857600000,8062.1,8080.1,7944.8,8026.7,268.34578108
1594944000000,8020.2,8048.7,7985.6,8020.7,64.22368147
1595030400000,8022.3,8067.3,7999.3,8039.5,76.67734291
1595116800000,8045.7,8080,7991.2,8061.1,82.41151631
1595203200000,8064.7,8073.6,8000.1,8010,73.86884062
1595289600000,8011.1,8257.7,8011.1,8159.4,222.26474064
1595376000000,8155.9,8254,8063.3,8240.9,147.37449978
1595462400000,8245.7,8330,8180.5,8296.6,341.10740533
1595548800000,8297.1,8297.1,8178.4,8203.9,196.10637959
1595635200000,8211.1,8360,8198.4,8336,222.83893465
1595721600000,8331.9,8675.1,8304.9,8525.4,521.58277603
1595808000000,8528,9666.2,8519.4,9382.5,1466.95165352
1595894400000,9388.4,9569.7,9011.5,9329.7,1053.10338308
1595980800000,9326.9,9619,9270,9438.3,662.48579643
1596067200000,9399.5,9458.2,9227.1,9379.1,394.59490441
1596153600000,9390.4,9729.9,9251.5,9633.6,474.37654812
1596240000000,9657.2,10089,9501,10046,635.96495497
1596326400000,10054,10285,9094,9410,847.87809243
1596412800000,9403.9,9780.6,9300,9579.3,352.48317925
1596499200000,9578.6,9712.3,9430,9487.7,286.03117445
1596585600000,9504.7,9937.7,9433,9906.2,373.12266516
1596672000000,9908.6,10057,9764,9924.4,376.84090142
1596758400000,9910.1,10046,9650,9860.9,420.80809226
1596844800000,9858.9,10020,9805.6,9985.7,237.80799248
1596931200000,9984.6,9999,9801,9916,165.42984979
1597017600000,9929.4,10223,9850,10132,592.45702054
1597104000000,10132,10170,9500,9721,729.77851475
1597190400000,9712.1,9865.6,9528.2,9832.9,282.1283124
1597276800000,9826,9978.7,9550.7,9977.9,376.39282162
1597363200000,9977.9,10038,9884,9960.3,336.13060511
1597449600000,9960.1,10117,9909,10022,293.91093068
1597536000000,10020,10080,9910,10061,139.52480793
1597622400000,10069,10500,9954.3,10355,612.75015117
1597708800000,10363,10425,9973,10024,375.28814362
1597795200000,10036,10067,9757.9,9940.5,364.96446969
1597881600000,9939.5,10045,9886.6,10009,207.36307989
1597968000000,10004,10038,9776,9796.5,218.23498019
1598054400000,9795.6,9927.7,9700,9910.9,163.36018078
1598140800000,9917.7,9943.5,9802.4,9895.3,90.3284216
1598227200000,9892,9999,9851.4,9983,120.56714757
1598313600000,9981.8,9986.8,9420.3,9586.8,463.19871791
1598400000000,9583.6,9761.3,9548.7,9694.3,212.43992815
1598486400000,9690.6,9769,9438.7,9597.7,225.37351844
1598572800000,9579.6,9716.9,9571.4,9699,136.12030228
1598659200000,9699,9744.7,9633,9661.2,87.05875469
1598745600000,9659,9837.6,9659,9830.6,136.17314937
1598832000000,9839.7,9880,9746.3,9777.9,141.20195942
1598918400000,9776.8,10111,9686,9989,302.47705622
1599004800000,10003,10030,9501,9649.6,402.07201866
1599091200000,9639.2,9712.8,8505,8623.7,680.00324685
1599177600000,8614.1,8992.6,8455,8853.8,553.60416672
1599264000000,8852.8,8941.9,8360.1,8584,443.1314358
1599350400000,8599.8,8748.5,8464.3,8702.5,209.09844232
1599436800000,8676.1,8813.5,8377,8783.3,297.33837503
1599523200000,8786.4,8834.1,8400,8610,242.63541598
1599609600000,8617.9,8766.3,8492.8,8673.4,129.67308884
1599696000000,8673.6,8823,8671.5,8770,172.84229742
1599782400000,8766.1,8793.9,8655.1,8789.5,105.30829665
1599868800000,8791.7,8859,8703.8,8829.9,97.06074193
1599955200000,8830.5,8945,8653.2,8736.4,150.50249949
1600041600000,8741.4,9074.6,8680.8,9010.2,223.88778306
1600128000000,9009.9,9215,8961.9,9117.4,230.74718976
1600214400000,9118.2,9388.5,9032.6,9291.4,209.45464579
1600300800000,9292.4,9378.6,9126.8,9229.9,158.52802081
1600387200000,9244.4,9325.7,9148.6,9235.7,117.05701069
1600473600000,9246.4,9434.5,9224.2,9371.6,128.45531192
1600560000000,9372.7,9372.7,9108.6,9230,137.54727924
1600646400000,9230,9266.2,8800,8875.6,374.95739304
1600732800000,8864.7,9039.6,8842,9004.6,153.81530763
1600819200000,9003.3,9022.8,8698.2,8803.2,211.51425925
1600905600000,8784.9,9232,8765.2,9193.4,222.37756146
1600992000000,9202.3,9255,9086.5,9193.7,170.32709769
1601078400000,9194.9,9300,9168.4,9228.6,96.94674389
1601164800000,9227.3,9275,9120,9263.4,141.31507588
1601251200000,9267.7,9407.7,9140,9163.6,220.82403178
1601337600000,9167.3,9250,9080.9,9240.3,100.65003126
1601424000000,9242.3,9246.6,9113.9,9201.6,72.26662668
1601510400000,9198,9311.6,8911.7,9051.9,196.27809935
1601596800000,9051.5,9104.3,8870.7,9023.5,164.61993138
1601683200000,9031.7,9052.9,8980.8,9028.2,35.04165941
1601769600000,9029.9,9138.2,9013.9,9109.7,53.62496971
1601856000000,9108.4,9153.1,9064.9,9148.4,64.17777634
1601942400000,9150,9156,8977.5,9036.4,135.45435266
1602028800000,9038.9,9069.9,9003.1,9066.6,92.38555152
1602115200000,9066.6,9319.7,8972.9,9288.7,225.77167473
1602201600000,9283.1,9404.3,9216.7,9361.1,159.36692098
1602288000000,9355.3,9679,9355.3,9525.5,262.09895392
1602374400000,9523.9,9643.9,9514.9,9634.2,139.31829019
1602460800000,9626.6,9906.6,9502.6,9762.8,243.89348879
1602547200000,9739,9805.9,9639.1,9735.7,209.44439451
1602633600000,9742.7,9826.3,9625.8,9743.9,152.07760071
1602720000000,9723.3,9908.2,9634.3,9825,165.24898002
1602806400000,9814.4,9854.9,9603.7,9666.5,126.43007547
1602892800000,9674,9738.2,9634.9,9701.9,66.57256292
1602979200000,9703.4,9827.2,9696.3,9826.3,67.62274715
1603065600000,9837,10011,9759.9,9985.8,238.45755964
1603152000000,9986.1,10187,9933.3,10081,497.12381658
1603238400000,10069,11088,10069,10783,962.85154884
1603324800000,10774,11157,10708,10988,680.84297578
1603411200000,10960,11021,10500,10890,447.20790608
1603497600000,10891,11100,10857,11053,180.28455841
1603584000000,11051,11232,10889,11006,156.17113041
1603670400000,11004,11200,10835,11076,506.09373471
1603756800000,11074,11708,11059,11594,852.24888419
1603843200000,11588,11760,10992,11317,825.99732655
1603929600000,11312,11713,11095,11532,640.32440744
1604016000000,11532,11746,11261,11637,488.08908479
1604102400000,11648,12080,11504,11845,601.7284238
1604188800000,11830,11926,11710,11836,212.24030316
1604275200000,11848,11880,11361,11661,655.13748931
1604361600000,11658,11969,11426,11923,415.64889068
1604448000000,11937,12163,11237,12067,867.51117197
1604534400000,12071,13333,12029,13203,1533.70708752
1604620800000,13221,13524,12807,13152,1162.04463444
1604707200000,13126,13268,12020,12450,1330.55671329
1604793600000,12434,13183,12359,13001,664.48660502
1604880000000,13029,13312,12566,12965,1047.29296602
1604966400000,12964,13093,12782,12974,556.70631363
1605052800000,12970,13555,12950,13333,893.59932132
1605139200000,13336,13855,13141,13815,1264.95680179
1605225600000,13820,13969,13511,13804,754.73453166
1605312000000,13804,13899,13320,13592,819.96544518
1605398400000,13593,13676,13350,13475,443.63590111
1605484800000,13493,14256,13422,14099,957.75839943
1605571200000,14087,15057,13968,14884,1474.06673653
1605657600000,14875,16000,14448,15020,2021.7605491
1605744000000,15033,15362,14690,15039,698.66971136
1605830400000,15032,15862,14976,15748,893.015549
1605916800000,15751,15960,15544,15738,679.89460251
1606003200000,15737,15783,14735,15520,1131.33816588
1606089600000,15513,15800,15167,15524,656.92449619
1606176000000,15514,16386,15276,16111,1312.1416919
1606262400000,16116,16374,15528,15722,876.47203726
1606348800000,15718,15860,12607,14409,2581.41979035
1606435200000,14414,14650,13783,14319,905.41749962
1606521600000,14339,14990,14126,14841,772.74106764
1606608000000,14860,15355,14667,15200,657.5161902
1606694400000,15206,16536,15206,16429,1482.21260029
1606780800000,16434,16642,15125,15568,1540.57206427
1606867200000,15567,16076,15222,15875,628.13132251
1606953600000,15900,16143,15616,16026,537.03536164
1607040000000,16024,16080,15343,15411,660.24799605
1607126400000,15401,15870,15283,15812,247.32532176
1607212800000,15801,16010,15601,15978,273.27215438
1607299200000,16003,16022,15630,15841,251.03698118
1607385600000,15849,15925,15033,15134,483.69437544
1607472000000,15116,15445,14545,15385,845.87847206
1607558400000,15363,15372,14764,15026,448.1090804
1607644800000,15041,15061,14525,14902,449.81808669
1607731200000,14895,15665,14884,15529,363.24693708
1607817600000,15579,16000,15475,15790,450.44790667
1607904000000,15750,15926,15658,15860,263.12856196
1607990400000,15863,16082,15689,15991,376.89653506
1608076800000,15996,17669,15895,17497,1331.15310564
1608163200000,17484,19555,17391,18594,2435.35030426
1608249600000,18583,18967,18251,18860,694.07163762
1608336000000,18858,19652,18614,19405,973.73934234
1608422400000,19406,19842,18804,19216,764.98075814
1608508800000,19221,19754,18030,18589,1467.8917706
1608595200000,18590,19533,18351,19529,635.13229113
1608681600000,19528,19787,18668,19080,1203.9404881
1608768000000,19070,19510,18646,19478,607.72324497
1608854400000,19498,20291,19230,20243,900.32279187
1608940800000,20248,21989,20091,21666,1229.35541064
1609027200000,21683,23230,20909,21367,2173.10765052
1609113600000,21372,22500,21253,22137,821.7227454
1609200000000,22141,22331,21177,22322,801.88889576
1609286400000,22324,23586,22300,23485,1471.81119835
1609372800000,23498,23884,22810,23688,1039.03613782
1609459200000,23697,24300,23522,24047,643.5642523
1609545600000,24063,27500,22638,26049,2728.37392843
1609632000000,26047,28839,25895,26907,1974.84981736
1609718400000,26902,27344,22500,26136,2814.60454321
1609804800000,26143,27995,24423,27663,1968.38078589
1609891200000,27613,29925,27102,29832,2038.14625766
1609977600000,29841,34300,28300,32072,3362.07966913
1610064000000,32089,34200,29936,33161,2167.13642331
1610150400000,33200,33768,31750,32639,1039.20197079
1610236800000,32640,33491,25500,31341,2968.19579427
1610323200000,31281,31364,24788,29147,5503.37689349
1610409600000,29148,30166,26677,27896,2352.62905837
1610496000000,27910,31182,26550,30734,1901.59626905
1610582400000,30725,33062,30217,32168,1804.92069342
1610668800000,32143,32600,28377,30504,2269.64782762
1610755200000,30455,31388,29182,29811,1256.58106253
1610841600000,29811,30439,28009,29630,1396.46933261
1610928000000,29682,31011,28881,30291,1151.67168438
1611014400000,30303,31192,29600,29600,1296.08188515
1611100800000,29601,29984,27524,29282,1486.38186346
1611187200000,29278,29376,24686,25348,3120.35609164
1611273600000,25359,27900,23626,27111,2099.08188701
1611360000000,27095,27547,25841,26379,831.7237357
1611446400000,26380,27139,25430,26535,698.50166304
1611532800000,26536,28714,26351,26639,1273.26955817
1611619200000,26622,27113,25364,26725,933.34297296
1611705600000,26708,26759,24239,25117,1657.34553416
1611792000000,25145,27879,24752,27543,1293.00220268
1611878400000,27571,31650,26100,28204,4635.481786
1611964800000,28228,28782,27107,28254,1015.72811585
1612051200000,28253,28293,26597,27360,924.50997999
1612137600000,27341,28680,26700,27801,1113.97989193
1612224000000,27800,29951,27733,29469,1410.48635962
1612310400000,29475,31250,29401,31250,1430.21309808
1612396800000,31249,32286,30182,30901,1588.82072135
1612483200000,30902,31958,30642,31810,867.59049852
1612569600000,31810,34020,31745,32607,1917.42009925
1612656000000,32607,33004,31030,32292,1289.29057341
1612742400000,32279,38811,31629,38499,3587.44018669
1612828800000,38512,39950,37249,38396,2457.92839255
1612915200000,38396,39111,36048,37019,1902.55079075
1613001600000,37025,40000,36402,39556,1712.28589398
1613088000000,39584,40213,38243,39148,1272.10744118
1613174400000,39124,39699,38381,39035,834.47158817
1613260800000,39058,41023,38951,40218,1395.58300662
1613347200000,40197,40489,38250,39527,1215.3494742
1613433600000,39547,41666,38900,40662,1423.06984458
1613520000000,40676,43729,40490,43298,1795.45235055
1613606400000,43318,43629,42305,42710,929.61685294
1613692800000,42712,46558,42138,46119,1739.0849143
1613779200000,46148,47384,44665,46255,1454.21123484
1613865600000,46231,48072,45933,47408,904.70246342
1613952000000,47405,47487,33850,44555,4310.75039118
1614038400000,44574,44597,36360,40245,4688.49592481
1614124800000,40241,42537,38688,40903,1737.95452592
1614211200000,40902,42525,38535,38826,1498.26893855
1614297600000,38826,40066,36500,38429,1875.53086258
1614384000000,38419,40085,37506,38392,839.0199724
1614470400000,38352,38728,35743,37424,1502.86099468
1614556800000,37407,41359,37239,41213,1396.11264833
1614643200000,41213,41679,39000,40148,1098.34995195
1614729600000,40148,43550,39906,41900,1520.62307825
1614816000000,41889,42948,39744,40480,1186.62244171
1614902400000,40495,41506,38844,40912,1121.61563176
1614988800000,40917,41286,39649,41009,736.8141071
1615075200000,41020,43072,41020,42657,915.1600504
1615161600000,42689,44098,41512,44096,1035.2976352
1615248000000,44097,46099,43710,46099,1138.49655801
1615334400000,46098,48086,44699,46881,1536.23347063
1615420800000,46865,48450,45521,48223,1427.82177767
1615507200000,48220,48400,46222,47799,1315.84913498
1615593600000,47805,50767,46936,50223,1646.62991377
1615680000000,50205,50705,49363,49381,888.66089432
1615766400000,49382,50550,46144,46756,2299.41245787
1615852800000,46756,47743,44815,47742,1369.21828939
1615939200000,47743,49161,45633,49124,1260.44412645
1616025600000,49125,50330,47948,48413,1271.02068017
1616112000000,48390,49900,47315,48858,706.36518205
1616198400000,48824,50200,48655,48856,704.62419962
1616284800000,48840,49263,46930,48329,814.74122504
1616371200000,48358,49136,45095,45479,1294.76574212
1616457600000,45463,47147,44489,45976,1232.23745918
1616544000000,45951,48400,43938,44369,1546.16220468
1616630400000,44357,45184,42718,43647,1673.16295926
1616716800000,43626,46700,43597,46698,1015.20917949
1616803200000,46700,47939,45713,47344,853.346201
1616889600000,47339,47900,46324,47338,732.756443
1616976000000,47336,49500,46649,48881,971.97284293
1617062400000,48894,50500,48435,50111,883.19622415
1617148800000,50110,50968,48417,50022,1119.03609572
1617235200000,50028,50630,49290,49884,519.94925823
1617321600000,49939,50954,49719,50119,521.54584652
1617408000000,50119,50612,48697,48771,753.62272639
1617494400000,48771,49960,48297,49543,441.51666441
1617580800000,49590,50200,48500,49870,555.41905353
1617667200000,49950,50300,48547,48928,616.0988047
1617753600000,48928,49472,46841,47202,896.05233814
1617840000000,47182,48821,47031,48768,441.84201915
1617926400000,48784,49500,48567,48895,385.87069696
1618012800000,48934,50741,48755,50134,820.55540679
1618099200000,50119,50532,49600,50378,448.80741789
1618185600000,50393,51438,50000,50202,668.33120377
1618272000000,50202,53314,50201,53167,1181.31225317
1618358400000,53200,54203,51355,52642,1249.74730738
1618444800000,52637,53297,51909,52839,534.20197419
1618531200000,52892,53176,50053,51203,940.6728639
1618617600000,51256,52201,50216,50533,663.59731118
1618704000000,50542,50802,44616,47838,2216.89602864
1618790400000,47912,49699,45195,46373,1216.71288467
1618876800000,46421,47501,44317,46993,1023.48286177
1618963200000,46991,47211,44600,44761,705.99748626
1619049600000,44787,46049,41894,43063,1595.63100085
1619136000000,42960,43351,39241,42392,2247.33242234
1619222400000,42384,42403,40553,41600,742.90012555
1619308800000,41595,42049,39000,40616,728.62117214
1619395200000,40658,45027,40422,44760,1176.46475216
1619481600000,44724,45919,44254,45568,579.33342379
1619568000000,45568,46452,44680,45242,719.76665641
1619654400000,45298,45468,43217,44203,699.50405426
1619740800000,44208,48125,43835,48000,879.45030664
1619827200000,47999,48689,47393,48009,567.98798965
1619913600000,48030,48096,46722,47094,402.70228987
1620000000000,47084,48979,46860,47427,714.82472994
1620086400000,47439,47450,44300,44378,1193.01976997
1620172800000,44332,48283,44150,47779,790.17600403
1620259200000,47785,48448,45856,46757,867.85474152
1620345600000,46776,48260,45915,47182,697.98576614
1620432000000,47261,48969,46898,48467,836.34679902
1620518400000,48469,48747,46544,47893,682.417863
1620604800000,47920,48910,39400,46091,1165.07851852
1620691200000,46096,46886,45057,46746,659.39373911
1620777600000,46761,47847,40600,41088,1137.95209191
1620864000000,41055,42726,38678,41240,2311.04789796
1620950400000,41233,42515,40437,41153,949.95344774
1621036800000,41139,41700,38450,38556,1221.27161683
1621123200000,38587,41047,35903,38196,1875.14701378
1621209600000,38197,38345,34500,35858,2156.23835498
1621296000000,35901,37697,34712,35168,1418.31885275
1621382400000,35142,35643,24207,30247,7260.65108907
1621468800000,30201,35000,28860,33320,2679.42461189
1621555200000,33319,34499,27500,30721,2969.39497627
1621641600000,30713,32000,29056,30812,1616.81681514
1621728000000,30846,31450,25565,28494,2961.8571616
1621814400000,28556,32827,28303,31827,2559.35781618
1621900800000,31893,32653,29804,31388,1627.01085097
1621987200000,31346,33463,30926,32238,1551.03084507
1622073600000,32240,33135,30599,31629,1146.3721521
1622160000000,31654,31974,28484,29302,1700.55290113
1622246400000,29299,30626,27733,28479,1188.59133174
1622332800000,28499,29993,27573,29291,924.27471574
1622419200000,29278,30665,28103,30489,1103.31458418
1622505600000,30469,30958,29257,30034,794.06523252
1622592000000,30063,31330,29416,30781,705.40326552
1622678400000,30779,32389,30504,32321,892.36490956
1622764800000,32333,32359,29382,30337,1200.11939648
1622851200000,30352,31267,28738,29292,1143.96048879
1622937600000,29292,30042,29023,29444,519.38506457
1623024000000,29456,30271,27405,27587,1003.63401613
1623110400000,27568,27970,25414,27450,1884.5178568
1623196800000,27452,30827,26660,30667,1682.27137666
1623283200000,30746,31604,25830,30152,1588.92888083
1623369600000,30151,31000,29556,30825,849.90521696
1623456000000,30846,30930,28719,29357,856.55890482
1623542400000,29393,32500,28838,32205,1173.352509
1623628800000,32211,33853,32026,33437,1462.63678939
1623715200000,33436,34104,32648,33145,911.56815371
1623801600000,33143,33392,31786,31965,827.03356089
1623888000000,31983,33092,31451,31922,673.72396295
1623974400000,31978,32055,29640,30225,942.15695208
1624060800000,30275,30774,29517,30060,560.37660893
1624147200000,30004,30416,28237,29976,1200.77295922
1624233600000,29995,30071,26252,26582,2050.55260122
1624320000000,26538,27900,24200,27220,2806.97787674
1624406400000,27247,29200,26601,28227,1363.44890255
1624492800000,28248,29606,27133,29042,977.11991731
1624579200000,29072,29726,26265,26497,1287.02550748
1624665600000,26499,27472,25400,27013,1209.47129408
1624752000000,27013,29080,26841,29055,958.23410434
1624838400000,29078,29570,28439,28881,937.16837036
1624924800000,28917,30750,28743,30115,1067.56002959
1625011200000,30174,30323,28719,29554,843.15075239
1625097600000,29577,29577,27657,28300,823.02455592
1625184000000,28290,28661,27636,28500,467.7467381
1625270400000,28494,29435,28151,29209,448.38873127
1625356800000,29207,30281,28942,29739,537.92426483
1625443200000,29734,29734,27959,28442,707.62096042
1625529600000,28433,29608,28384,28947,529.39817909
1625616000000,28943,29640,28700,28743,468.77794551
1625702400000,28737,28785,27117,27772,893.441212
1625788800000,27763,28725,27274,28488,417.93848468
1625875200000,28490,28848,27865,28253,290.38153232
1625961600000,28256,29150,28131,28850,277.72883165
1626048000000,28853,29179,27564,27945,522.91342432
1626134400000,27916,28153,27350,27782,368.14459267
1626220800000,27787,27975,26834,27739,458.68241237
1626307200000,27735,28000,26372,26953,558.959364
1626393600000,26974,27299,26328,26597,432.74929817
1626480000000,26590,27070,26430,26711,206.22636267
1626566400000,26713,27440,26467,26909,256.5600589
1626652800000,26903,27050,25748,26124,447.03709639
1626739200000,26143,26293,24808,25262,681.29324846
1626825600000,25276,27876,25074,27251,874.22462099
1626912000000,27265,27690,26912,27449,354.81435938
1626998400000,27432,28517,27196,28517,462.59218878
1627084800000,28525,29339,28344,29103,597.36141968
1627171200000,29105,30023,28750,30022,436.40647242
1627257600000,30022,34340,29896,31565,2098.99224836
1627344000000,31558,33422,30874,33416,843.85725991
1627430400000,33416,34657,32920,33797,1375.65668174
1627516800000,33810,34258,33158,33650,573.79666955
1627603200000,33678,35600,32224,35561,938.98400164
1627689600000,35569,35650,34596,34935,750.41200246
1627776000000,34949,35800,33342,33620,798.90717663
1627862400000,33617,34070,32600,32982,687.95395709
1627948800000,32983,33500,31759,32191,540.57714746
1628035200000,32187,33755,31679,33570,692.65924403
1628121600000,33561,34950,31550,34507,1300.50412857
1628208000000,34508,36832,33739,36320,1339.80904391
1628294400000,36359,37921,36010,37834,1323.55919074
1628380800000,37818,38489,36695,37270,1157.20086834
1628467200000,37277,39562,36405,39450,1387.46387586
1628553600000,39422,39800,38089,38903,826.90033473
1628640000000,38901,39858,38707,38807,717.83962065
1628726400000,38804,39373,37318,37870,941.11601782
1628812800000,37855,40573,37730,40486,957.35744839
1628899200000,40492,40766,39079,39913,693.48767421
1628985600000,39924,40139,38663,39837,547.6993404
1629072000000,39841,40676,38768,39001,732.69602985
1629158400000,39001,40081,38009,38174,742.30817542
1629244800000,38176,39333,37849,38232,626.22901254
1629331200000,38229,40200,37704,40000,709.23653611
1629417600000,40000,42200,39765,42190,979.09571901
1629504000000,42191,42709,41441,41824,764.219417
1629590400000,41803,42389,41216,42143,527.26435551
1629676800000,42144,43116,41762,42205,783.65395812
1629763200000,42168,42499,40555,40628,817.49125258
1629849600000,40605,41801,40105,41645,668.82766518
1629936000000,41627,41939,39400,39871,676.37651241
1630022400000,39871,41711,39500,41608,565.06049325
1630108800000,41592,41793,41024,41452,328.0502825
1630195200000,41453,42030,40595,41335,373.70023742
1630281600000,41360,41456,39768,39848,518.75399665
1630368000000,39846,40750,39597,39912,596.09785591
1630454400000,39899,41458,39416,41239,641.23203065
1630540800000,41220,42544,41060,41510,856.56421236
1630627200000,41512,42930,40750,42122,659.26360366
1630713600000,42089,42598,41635,42040,374.75509662
1630800000000,42044,43647,41719,43505,428.03371025
1630886400000,43517,44450,42991,44385,695.16679
1630972800000,44384,44562,35880,39597,2330.50623801
1631059200000,39660,40016,37578,39005,978.57027905
1631145600000,38991,40067,38576,39224,618.45480298
1631232000000,39238,39786,37501,37951,648.57365985
1631318400000,37995,38975,37905,38265,356.58410152
1631404800000,38277,39275,38000,38975,329.29904277
1631491200000,38967,39764,36920,38110,580.21508173
1631577600000,38079,40038,37869,39916,436.74836614
1631664000000,39941,41000,39600,40763,536.35950716
1631750400000,40735,41144,39950,40572,455.95372712
1631836800000,40601,40938,39874,40348,351.44327623
1631923200000,40364,41671,40119,41198,332.70395556
1632009600000,41247,41287,39999,40265,247.8369089
1632096000000,40315,40373,36333,36724,1356.18989669
1632182400000,36713,37232,33777,34694,1171.24345597
1632268800000,34771,37500,34583,37324,686.29783209
1632355200000,37316,38302,36868,38260,466.66448705
1632441600000,38259,38468,34686,36568,1214.17572472
1632528000000,36581,36761,35594,36422,274.72453444
1632614400000,36463,37450,34867,36849,455.14729892
1632700800000,36824,37800,36041,36065,417.54354581
1632787200000,36091,36599,35017,35168,458.01799688
1632873600000,35142,36551,34912,35796,456.30365313
1632960000000,35804,38106,35723,37831,645.36373515
1633046400000,37869,41765,37400,41471,1118.24395339
1633132800000,41498,41704,40910,41004,404.71343502
1633219200000,41036,42398,40646,41536,453.74406536
1633305600000,41535,42585,40334,42393,710.52805618
1633392000000,42417,44745,42180,44410,890.44365026
1633478400000,44403,48182,43600,47829,1556.89188388
1633564800000,47834,47841,46046,46549,899.40715794
1633651200000,46553,48500,46443,46618,662.13077026
1633737600000,46686,47900,46451,47413,314.09482865
1633824000000,47470,48745,46824,47338,479.80299036
1633910400000,47311,49985,47061,49782,997.49674365
1633996800000,49764,49906,46819,48476,1135.63577897
1634083200000,48565,49730,46961,49469,795.72140887
1634169600000,49433,50400,49057,49459,613.5548736
1634256000000,49485,54000,49101,53123,1650.00139367
1634342400000,53085,53692,51710,52325,629.08459741
1634428800000,52334,53199,50839,53111,551.04652165
1634515200000,53107,54135,51627,53401,880.03257422
1634601600000,53412,55365,52667,55195,1145.95409472
1634688000000,55195,57484,54524,56566,1371.30299975
1634774400000,56597,57200,53309,53454,1736.69959996
1634860800000,53520,54759,51571,52090,1093.6764248
1634947200000,52092,53083,51300,52759,512.65803688
1635033600000,52748,52897,51100,52363,644.50356997
1635120000000,52350,54923,52107,54271,772.80021491
1635206400000,54336,54512,51618,52046,683.09033924
1635292800000,52060,52997,50000,50442,1283.0240643
1635379200000,50447,53428,49800,51872,911.10601289
1635465600000,51904,54549,51551,53775,610.09142522
1635552000000,53830,53917,52660,53584,376.04563034
1635638400000,53573,53969,51965,53120,494.82228549
1635724800000,53112,54000,51502,52525,576.85074341
1635811200000,52570,55500,52374,54641,767.25158485
1635897600000,54671,54910,52300,54220,688.32140103
1635984000000,54216,54364,52558,53194,543.76564279
1636070400000,53445,54253,52526,52787,511.36931892
1636156800000,52806,53350,52134,53318,300.41879788
1636243200000,53313,54781,53154,54774,379.17007058
1636329600000,54776,58473,54737,58219,1050.405613
1636416000000,58257,59080,57176,57783,861.83542663
1636502400000,57783,59688,54500,56569,1284.15999045
1636588800000,56569,57290,55902,56672,645.72133442
1636675200000,56672,57235,54427,56074,667.34996768
1636761600000,56065,56875,55387,56326,322.65454192
1636848000000,56332,57292,55626,57225,297.98889763
1636934400000,57274,57969,55818,56039,540.58748802
1637020800000,56016,56023,51437,53086,1567.82753947
1637107200000,53149,53831,51750,53427,592.53282461
1637193600000,53407,53856,49700,50135,1202.62419167
1637280000000,50088,51708,49042,51601,815.47237766
1637366400000,51603,53197,50985,53043,513.7207177
1637452800000,53085,53249,52000,52132,311.40447521
1637539200000,52123,52699,49515,50070,790.79057651
1637625600000,50101,51509,49290,51264,632.7522922
1637712000000,51196,51371,49900,51067,538.48056728
1637798400000,51043,53000,50930,52627,623.25895842
1637884800000,52653,52818,46000,47621,1446.16698243
1637971200000,47611,49000,47447,48471,459.93903294
1638057600000,48468,50934,47040,50827,655.88998371
1638144000000,50822,52268,50245,51239,652.88408022
1638230400000,51238,52066,49388,50264,795.76449536
1638316800000,50320,52150,49947,50610,693.49531253
1638403200000,50626,50741,49350,50000,485.14192461
1638489600000,50000,50900,46000,47495,1066.98275173
1638576000000,47495,49000,37800,44054,2611.55770478
1638662400000,44327,46700,42246,44022,751.50930862
1638748800000,44128,45230,41807,44815,958.97451033
1638835200000,44816,46240,44409,44942,620.31999238
1638921600000,44942,45331,43225,44495,532.2211688
1639008000000,44555,44800,41871,42100,717.2305382
1639094400000,42150,44337,41541,41706,683.95039226
1639180800000,41753,43837,41390,43700,408.12948299
1639267200000,43754,44918,43082,44312,359.45299782
1639353600000,44304,44396,40524,41432,890.48002733
1639440000000,41417,43281,41058,42995,609.20861884
1639526400000,42989,43846,41382,43259,802.23835789
1639612800000,43301,43780,41936,42062,423.80516302
1639699200000,42057,42401,40310,41111,577.32574845
1639785600000,41098,42174,40594,41702,285.76254563
1639872000000,41706,42877,41383,41552,340.60355183
1639958400000,41549,42139,40333,41609,550.54465663
1640044800000,41626,43747,41367,43344,680.9889276
1640131200000,43341,43978,42814,42905,395.8337636
1640217600000,42943,45390,42407,44856,623.13590495
1640304000000,44868,45859,44514,44934,474.46512416
1640390400000,44956,45275,44384,44640,207.35771099
1640476800000,44631,45300,43820,44903,320.46994205
1640563200000,44891,45999,44586,44771,403.83937063
1640649600000,44760,44794,41861,42055,776.96541121
1640736000000,42069,42629,40656,40936,431.40941385
1640822400000,40942,42398,40538,41633,343.4242551
1640908800000,41632,42940,40166,40687,487.47844667
1640995200000,40679,42166,40640,42034,227.90805361
1641081600000,42022,42203,41095,41645,236.26597572
1641168000000,41650,41921,40500,41113,366.08954755
1641254400000,41131,42122,40433,40642,343.37352501
1641340800000,40635,41621,37563,38448,1070.19492591
1641427200000,38450,38750,37573,38165,797.41112102
1641513600000,38179,38231,35932,36588,952.79736604
1641600000000,36581,37310,35715,36734,664.86890767
1641686400000,36704,37787,36313,36914,503.66791839
1641772800000,36910,37330,35120,36908,760.4554589
1641859200000,36939,37976,36500,37608,559.98958077
1641945600000,37638,38723,37406,38424,611.04477624
1642032000000,38465,38734,36954,37178,525.30166417
1642118400000,37189,38100,36512,37750,344.84330639
1642204800000,37750,38407,37391,37760,222.99674928
1642291200000,37800,38122,37368,37765,225.2150637
1642377600000,37765,37849,36439,37022,421.22611183
1642464000000,37023,37661,36341,37417,360.26855925
1642550400000,37414,37539,36309,36759,366.89826568
1642636800000,36759,38360,35900,36020,600.84394033
1642723200000,35975,36395,31330,32183,1718.60911212
1642809600000,32176,32490,29925,30981,1566.01366348
1642896000000,30979,32228,30574,32015,837.88370963
1642982400000,32008,33239,29146,32403,1807.18914971
1643068800000,32439,33280,31580,32703,895.44083648
1643155200000,32740,34699,32231,32778,1435.64242261
1643241600000,32799,33402,31710,33389,626.32808172
1643328000000,33377,34123,32475,33883,540.81613864
1643414400000,33871,34783,33530,34293,498.12790626
1643500800000,34312,34471,33557,34048,309.47336411
1643587200000,34030,34500,32876,34296,534.7609342
1643673600000,34293,34948,33811,34379,594.67883783
1643760000000,34376,34520,32457,32693,563.058647
1643846400000,32695,32917,31760,32606,441.55979422
1643932800000,32649,36463,32394,36296,830.39620755
1644019200000,36304,36668,35729,36221,544.87025968
1644105600000,36181,37250,36000,37015,295.99271705
1644192000000,37020,38995,36384,38361,934.86136449
1644278400000,38364,39866,37350,38568,1031.19894381
1644364800000,38638,39279,37802,38875,550.68613254
1644451200000,38908,39900,37927,38122,967.54945247
1644537600000,38169,38607,36951,37359,718.99155073
1644624000000,37351,37958,36822,37236,466.15657973
1644710400000,37280,37700,36912,37000,261.05689793
1644796800000,37000,37900,36670,37628,406.05249248
1644883200000,37653,39399,37503,39232,542.71110965
1644969600000,39283,39283,38125,38575,428.82709926
1645056000000,38618,38824,35229,35729,820.29094069
1645142400000,35692,36068,34851,35353,532.91601834
1645228800000,35346,35799,35002,35387,206.14446952
1645315200000,35395,35465,33520,33911,631.18712112
1645401600000,33934,34767,32500,32723,914.06876841
1645488000000,32753,33949,32222,33748,600.44721232
1645574400000,33749,34623,32779,32921,594.97665837
1645660800000,32949,35435,30555,34264,1698.60186662
1645747200000,34259,35382,34021,34801,619.60634568
1645833600000,34811,35635,34280,34691,330.28005621
1645920000000,34742,35370,33183,33733,664.96798564
1646006400000,33747,39250,33502,38534,1063.24754444
1646092800000,38525,40336,38285,39942,1286.02942361
1646179200000,39904,40954,39035,39505,774.55216408
1646265600000,39527,39800,37754,38371,741.60842386
1646352000000,38376,38379,35300,35832,725.22006522
1646438400000,35837,36291,35305,36085,386.49855069
1646524800000,36052,36334,34879,35331,373.74381535
1646611200000,35321,36373,34250,34983,692.71467149
1646697600000,34957,36000,34858,35544,376.1365097
1646784000000,35540,38750,35499,37858,945.16826063
1646870400000,37943,38046,35000,35828,748.89444639
1646956800000,35826,36541,34796,35507,415.41471144
1647043200000,35500,36118,35429,35605,153.70035759
1647129600000,35600,36009,34408,34601,273.42451259
1647216000000,34601,36507,34403,36256,346.43857276
1647302400000,36245,36387,34814,35848,443.17439038
1647388800000,35847,37900,35389,37282,753.27877195
1647475200000,37310,37541,36507,36910,350.18773621
1647561600000,36910,38295,36311,37775,463.44078403
1647648000000,37770,38332,37549,38151,274.89646221
1647734400000,38192,38230,37011,37351,300.02776124
1647820800000,37365,37662,36705,37240,290.57130142
1647907200000,37235,39300,37136,38401,738.65316865
1647993600000,38401,39029,37900,38953,434.68720563
1648080000000,38991,40256,38806,39982,662.73859986
1648166400000,39949,40950,39519,40387,626.75833427
1648252800000,40409,40809,40172,40585,205.78595596
1648339200000,40570,42750,40480,42669,456.45230819
1648425600000,42662,43921,42464,42838,815.33577041
1648512000000,42853,43465,42400,42768,527.58482608
1648598400000,42801,42876,41927,42195,415.99000621
1648684800000,42203,42890,40893,41130,511.28257325
1648771200000,41117,42358,40000,41920,581.6099667
1648857600000,41828,42636,41307,41474,253.47411636
1648944000000,41465,42951,41312,42060,201.29049076
1649030400000,42034,42724,41150,42465,348.23985561
1649116800000,42402,43050,41606,41742,338.11012339
1649203200000,41713,41840,39600,39609,653.91845158
1649289600000,39601,40262,39225,39980,373.017311
1649376000000,39998,40449,38707,38893,345.42351651
1649462400000,38875,39410,38717,39370,168.85958947
1649548800000,39373,39863,38459,38740,210.06911776
1649635200000,38760,38968,36046,36318,788.95457739
1649721600000,36365,37442,36151,37042,506.04543649
1649808000000,37057,38171,36563,37784,364.91521035
1649894400000,37702,38167,36520,36941,265.55626088
1649980800000,36941,37688,36795,37551,158.31280595
1650067200000,37551,37658,37030,37365,88.14011854
1650153600000,37403,37584,36572,36724,117.68429185
1650240000000,36716,38100,35741,37851,481.02255124
1650326400000,37868,38720,37554,38434,279.41887085
1650412800000,38460,38943,37725,38148,310.64695996
1650499200000,38146,39438,36825,37382,384.75722084
1650585600000,37339,37765,36333,36815,320.0262657
1650672000000,36808,37117,36450,36552,122.50001
1650758400000,36552,37000,36200,36538,154.73711743
1650844800000,36527,37874,35576,37709,481.99758914
1650931200000,37725,38139,35500,35838,568.52972707
1651017600000,35839,37384,35648,37190,266.86518048
1651104000000,37187,38420,36951,37864,458.43267774
1651190400000,37813,37925,36200,36631,311.9308122
1651276800000,36645,36836,35723,35749,188.60791571
1651363200000,35749,36728,35550,36487,231.57895768
1651449600000,36500,37249,36242,36659,311.45467001
1651536000000,36662,36778,35634,35854,253.66878391
1651622400000,35852,37706,35810,37337,582.36160325
1651708800000,37335,37500,33846,34699,909.63971544
1651795200000,34695,34789,33415,34123,525.42142605
1651881600000,34157,34300,33100,33634,208.19111092
1651968000000,33639,33653,32000,32284,609.71965295
1652054400000,32327,32525,28500,28501,1923.49170994
1652140800000,28501,30956,28215,29426,1318.40885557
1652227200000,29467,30428,26350,27553,2587.3732612
1652313600000,27553,28760,24230,27893,2017.12530779
1652400000000,27862,29848,27640,28128,1124.14548412
1652486400000,28118,29076,27502,28918,428.11680598
1652572800000,28867,30248,28318,30112,410.59434534
1652659200000,30105,30105,27961,28585,629.48953526
1652745600000,28597,29297,27994,28854,479.2241111
1652832000000,28852,29040,27320,27393,541.47417396
1652918400000,27386,28828,27315,28636,505.81509092
1653004800000,28632,29000,27225,27618,599.54569499
1653091200000,27618,28036,27426,27837,235.26813472
1653177600000,27838,28777,27673,28633,423.25408936
1653264000000,28613,28889,27018,27231,735.61133002
1653350400000,27237,27766,26691,27585,411.55906853
1653436800000,27612,28175,27476,27594,307.59723769
1653523200000,27593,27920,26211,27219,566.1770821
1653609600000,27183,27348,26350,26616,508.34057506
1653696000000,26646,27202,26572,27036,197.05913126
1653782400000,27046,27500,26856,27433,253.42448887
1653868800000,27436,29800,27283,29411,839.49719393
1653955200000,29447,30163,29108,29588,634.48861599
1654041600000,29624,29790,27507,27968,787.67269079
1654128000000,27979,28596,27637,28332,298.86891047
1654214400000,28328,28524,27300,27740,354.9257589
1654300800000,27736,27958,27511,27869,102.58028308
1654387200000,27869,28149,27558,27875,166.05718129
1654473600000,27893,29650,27845,29334,638.98310744
1654560000000,29334,29404,27378,29049,1112.05423031
1654646400000,29071,29245,27889,28178,473.74970913
1654732800000,28176,28623,27901,28336,300.87496142
1654819200000,28342,28500,27425,27666,568.4199753
1654905600000,27658,27987,26780,27012,458.16817442
1654992000000,27030,27122,25305,25305,773.63805206
1655078400000,25309,25594,21105,21584,2633.23755592
1655164800000,21589,22389,20033,21232,1711.13907911
1655251200000,21192,21770,19144,21582,2635.75365613
1655337600000,21582,21941,19176,19331,1168.34468388
1655424000000,19335,20321,19180,19466,795.95679402
1655510400000,19491,19780,16759,18068,2176.95317151
1655596800000,18088,19833,17100,19608,1738.86455358
1655683200000,19592,19965,18704,19531,1250.46120217
1655769600000,19524,20549,19315,19671,1328.11218154
1655856000000,19667,19764,18702,18884,970.70402656
1655942400000,18894,20115,18826,20052,884.65787473
1656028800000,20059,20414,19637,20090,916.37088597
1656115200000,20120,20445,19820,20354,562.12652568
1656201600000,20356,20738,19860,19923,587.35581822
1656288000000,19895,20333,19387,19585,683.68539762
1656374400000,19585,20025,19191,19263,598.85213589
1656460800000,19236,19531,18850,19241,610.67977202
1656547200000,19222,19280,17769,19020,1061.23698853
1656633600000,19031,19872,18133,18470,689.72248626
1656720000000,18470,18638,18209,18431,236.24631272
1656806400000,18450,18813,18026,18496,326.65175651
1656892800000,18497,19460,18250,19350,615.41545409
1656979200000,19381,20180,18749,19633,961.68586643
1657065600000,19673,20243,19240,20171,576.89289507
1657152000000,20175,21506,19813,21260,1115.87470577
1657238400000,21256,22000,20883,21197,944.57704435
1657324800000,21211,21550,20962,21200,314.16321366
1657411200000,21188,21213,20283,20499,631.70061497
1657497600000,20509,20624,19789,19867,618.30996646
1657584000000,19863,20021,19162,19239,689.59052787
1657670400000,19223,20195,18880,20171,965.75836262
1657756800000,20166,20814,19611,20506,656.42335146
1657843200000,20514,21000,20315,20633,466.32938649
1657929600000,20647,21400,20279,21040,606.54531274
1658016000000,21010,21473,20555,20581,374.95343784
1658102400000,20577,22350,20563,22145,1421.02397711
1658188800000,22100,23245,21200,22889,1532.02588002
1658275200000,22867,23800,22400,22828,1300.55544462
1658361600000,22818,23034,21939,22632,936.51429341
1658448000000,22660,23288,22040,22213,822.05180913
1658534400000,22238,22549,21523,21997,543.45986095
1658620800000,22002,22534,21850,22141,326.14981404
1658707200000,22132,22224,20815,20836,939.75418722
1658793600000,20827,21029,20387,21000,644.8100949
1658880000000,21000,22654,20739,22501,822.63723518
1658966400000,22486,23700,22221,23412,1053.73460082
1659052800000,23400,23844,23000,23267,895.25600051
1659139200000,23271,24148,23014,23133,616.79577633
1659225600000,23133,23675,22753,22862,415.29789933
1659312000000,22840,22941,22304,22683,491.04239112
1659398400000,22680,23021,22142,22645,435.33908358
1659484800000,22646,23200,22340,22508,508.28672421
1659571200000,22467,22833,21858,22091,533.59217849
1659657600000,22070,22925,22061,22878,467.70880479
1659744000000,22895,22912,22510,22540,171.58526183
1659830400000,22563,22995,22453,22807,275.48836527
1659916800000,22799,23757,22775,23331,634.29589953
1660003200000,23336,23467,22364,22685,664.92617063
1660089600000,22698,23500,22250,23229,721.81020656
1660176000000,23274,24050,23129,23215,881.16761909
1660262400000,23192,23800,22977,23790,573.74787469
1660348800000,23791,24244,23689,23840,568.65508276
1660435200000,23851,24410,23570,23709,625.39918653
1660521600000,23725,24601,23383,23732,668.95676901
1660608000000,23732,23898,23248,23466,435.89331015
1660694400000,23446,24030,22770,22940,734.7315839
1660780800000,22940,23250,22888,22981,392.71510767
1660867200000,22973,23005,20706,20729,1186.81572513
1660953600000,20750,21300,20327,21058,647.4358566
1661040000000,21087,21644,20994,21451,448.91954437
1661126400000,21449,21657,20880,21521,515.06920632
1661212800000,21525,21719,21072,21581,400.04853733
1661299200000,21607,21923,21275,21429,322.05623537
1661385600000,21444,21820,21383,21639,267.50660949
1661472000000,21632,21850,20220,20342,981.40838935
1661558400000,20332,21200,19251,20108,807.52989455
1661644800000,20132,20254,19642,19685,308.52503058
1661731200000,19686,20467,19666,20268,476.71681466
1661817600000,20270,20580,19508,19754,528.0076211
1661904000000,19782,20434,19778,19986,384.38270466
1661990400000,19986,20256,19704,20197,348.63766584
1662076800000,20215,20400,19850,20068,383.31976718
1662163200000,20064,20149,19762,19943,181.45632589
1662249600000,19945,20195,19721,20170,253.09454081
1662336000000,20190,20209,19788,19875,232.23838247
1662422400000,19881,20239,18905,19002,866.42109768
1662508800000,19026,19458,18802,19293,534.42478974
1662595200000,19316,19450,19083,19284,391.20946914
1662681600000,19293,21434,19230,21234,1255.5523717
1662768000000,21254,21691,21001,21530,455.26416445
1662854400000,21539,21736,21228,21680,282.50997866
1662940800000,21657,22200,21390,22109,683.38404468
1663113600000,20239,20551,19665,20248,581.8309078
1663200000000,20244,20432,19509,19746,435.07253839
1663286400000,19737,19948,19330,19776,353.9672629
1663372800000,19765,20190,19732,20099,261.66964735
1663459200000,20097,20097,19334,19384,347.64878837
1663545600000,19359,19620,18350,19474,1026.80712133
1663632000000,19473,19542,18850,18940,411.51298627
1663718400000,18933,20097,18500,18845,1072.72578993
1663804800000,18800,19836,18713,19719,590.97157854
1663891200000,19729,20000,19050,19885,650.30658883
1663977600000,19885,19904,19413,19521,383.8121958
1664064000000,19521,19749,19278,19407,303.98483019
1664150400000,19422,20000,19372,19972,539.54378153
1664236800000,19973,21136,19654,19887,1053.75954476
1664323200000,19890,20293,19361,19987,684.66436082
1664409600000,19978,20249,19385,19942,449.33348764
1664496000000,19942,20575,19651,19818,639.41790531
1664582400000,19819,19878,19587,19713,229.47450554
1664668800000,19697,19794,19329,19448,314.01231102
1664755200000,19469,20050,19386,19970,353.2435865
1664841600000,19974,20459,19876,20387,575.42951666
1664928000000,20367,20575,20072,20350,393.3488769
1665014400000,20339,20620,20207,20405,384.96882381
1665100800000,20396,20492,19785,20071,468.54704964
1665187200000,20061,20140,19790,19951,181.14835676
1665273600000,19922,20078,19851,19968,208.48299938
1665360000000,19963,20043,19675,19716,242.46078233
1665446400000,19691,19813,19459,19640,454.60654219
1665532800000,19640,19799,19569,19722,164.5269895
1665619200000,19731,20000,18925,19847,761.00340714
1665705600000,19837,20334,19634,19731,522.2436153
1665792000000,19729,19770,19555,19625,192.11398562
1665878400000,19616,19966,19616,19780,223.25100279
1665964800000,19777,20075,19662,19846,309.28949443
1666051200000,19857,19979,19393,19602,293.18741195
1666137600000,19595,19707,19485,19582,202.84204086
1666224000000,19577,19663,19358,19482,168.59348125
1666310400000,19477,19561,19220,19442,185.29822398
1666396800000,19445,19539,19388,19478,120.1055106
1666483200000,19491,19949,19377,19840,308.11785692
1666569600000,19840,19876,19453,19559,219.11660721
1666656000000,19560,20461,19490,20161,951.64630838
1666742400000,20168,20940,20139,20571,1002.78962658
1666828800000,20574,20750,20280,20349,473.25474449
1666915200000,20350,20885,20127,20672,381.33162863
1667001600000,20669,21111,20622,20869,343.29102958
1667088000000,20871,20980,20620,20723,251.49861986
1667174400000,20723,20950,20472,20724,281.61254938
1667260800000,20738,20831,20505,20741,181.39020417
1667347200000,20739,20920,20450,20542,431.95116026
1667433600000,20522,20850,20506,20716,237.39490823
1667520000000,20737,21418,20681,21251,557.28802402
1667606400000,21250,21546,21163,21381,305.3238598
1667692800000,21394,21449,21044,21069,216.48787238
1667779200000,21066,21216,20400,20555,704.65659362
1667865600000,20596,20650,17500,18445,2395.72539701
1667952000000,18429,18479,15588,15890,2478.65643507
1668038400000,15911,17824,15750,17255,2160.3685067
1668124800000,17249,17340,15900,16428,1044.4241394
1668211200000,16469,16498,16050,16196,271.61600655
1668297600000,16176,16319,15683,15797,458.81100356
1668384000000,15799,16633,15321,16063,1125.79065278
1668470400000,16062,16449,15989,16314,550.75795845
1668556800000,16289,16402,15751,16010,622.29512237
1668643200000,16011,16164,15850,16105,357.71293136
1668729600000,16109,16360,15981,16160,266.85591359
1668816000000,16140,16265,16011,16169,182.00019138
1668902400000,16157,16215,15655,15737,240.21522712
1668988800000,15747,15838,15111,15372,692.76247842
1669075200000,15384,15815,15202,15716,408.58475642
1669161600000,15699,16125,15660,15938,482.61288234
1669248000000,15940,16089,15802,15938,208.73818426
1669334400000,15934,15944,15700,15857,198.9717481
1669420800000,15857,16010,15762,15832,136.50338036
1669507200000,15830,15995,15815,15840,156.26510714
1669593600000,15840,15892,15412,15667,352.53075733
1669680000000,15683,15970,15567,15927,247.06559794
1669766400000,15925,16531,15889,16481,471.81094076
1669852800000,16477,16525,16026,16138,368.45602802
1669939200000,16142,16246,16040,16238,173.5885402
1670025600000,16238,16275,16011,16040,94.05791704
1670112000000,16053,16300,16051,16221,143.95894468
1670198400000,16233,16495,16100,16169,338.65068945
1670284800000,16152,16325,16107,16320,131.78253084
1670371200000,16322,16352,15950,16022,244.09418282
1670457600000,16016,16362,15950,16312,217.95342786
1670544000000,16313,16400,16208,16235,152.7937972
1670630400000,16237,16346,16224,16263,85.51652875
1670716800000,16263,16389,16220,16252,118.58585934
1670803200000,16250,16336,16014,16298,255.83792291
1670889600000,16313,16884,16193,16728,521.29493287
1670976000000,16730,17200,16564,16659,527.9838766
1671062400000,16696,16733,16240,16311,382.27126606
1671148800000,16309,16466,15500,15696,987.96739294
1671235200000,15697,15871,15662,15857,392.23464423
1671321600000,15846,15884,15732,15818,170.08454163
1671408000000,15829,15870,15375,15468,384.77550718
1671494400000,15466,15998,15442,15906,198.29022032
1671580800000,15901,15927,15754,15860,175.24033691
1671667200000,15863,15886,15651,15861,198.46552331
1671753600000,15862,15923,15764,15773,163.15537281
1671840000000,15771,15860,15771,15822,156.79019795
1671926400000,15822,15866,15738,15831,93.05187854
1672012800000,15853,15927,15780,15897,84.81542929
1672099200000,15900,15935,15563,15707,177.42314522
1672185600000,15707,15737,15265,15569,266.29175263
1672272000000,15548,15646,15502,15580,121.2089843
1672358400000,15594,15614,15303,15518,162.84649926
1672444800000,15524,15541,15350,15439,145.92978302
1672531200000,15424,15541,15391,15533,73.96714715
1672617600000,15532,15706,15466,15605,195.90321447
1672704000000,15602,15889,15575,15784,182.638555
1672790400000,15784,15998,15754,15896,310.75173557
1672876800000,15881,16037,15787,16001,216.08977711
1672963200000,16001,16023,15809,15924,171.66953593
1673049600000,15927,15950,15864,15911,106.11242185
1673136000000,15930,16080,15870,16069,118.67753198
1673222400000,16069,16200,15961,16017,297.48879505
1673308800000,15996,16302,15982,16235,185.29791415
1673395200000,16235,16681,16087,16635,284.67144836
1673481600000,16663,17578,16609,17374,731.46970442
1673568000000,17349,18466,17224,18384,614.25485885
1673654400000,18419,19635,18365,19347,863.11373204
1673740800000,19319,19400,18939,19277,396.1937978
1673827200000,19275,19807,19089,19566,562.47066189
1673913600000,19570,19864,19300,19610,324.85119219
1674000000000,19579,19901,18770,19133,723.85454338
1674086400000,19140,19550,19093,19447,281.66446291
1674172800000,19447,20957,19250,20858,631.74142016
1674259200000,20848,21521,20603,20990,804.6607296
1674345600000,20966,21262,20528,20912,404.56723175
1674432000000,20908,21318,20747,21078,328.05646129
1674518400000,21080,21289,20637,20799,425.75928198
1674604800000,20789,21796,20485,21126,516.74096027
1674691200000,21145,21314,20985,21112,282.03420273
1674777600000,21112,21597,20743,21257,283.39622585
1674864000000,21248,21345,21074,21212,137.38914438
1674950400000,21212,22042,21144,21840,469.84835581
1675036800000,21840,21909,20798,21067,483.19685224
1675123200000,21065,21450,20947,21311,228.74428791
1675209600000,21293,21675,20901,21550,369.0638722
1675296000000,21559,22107,21413,21532,465.02654465
1675382400000,21573,21860,21370,21687,272.55729977
1675468800000,21698,21830,21538,21626,170.77627017
1675555200000,21626,21710,21105,21269,284.21504012
1675641600000,21268,21571,21003,21216,246.70739146
1675728000000,21209,21698,21182,21661,259.66628325
1675814400000,21659,21788,21138,21445,269.63722541
1675900800000,21429,21473,20200,20303,506.87811985
1675987200000,20305,20469,20126,20275,234.25467249
1676073600000,20266,20542,20225,20505,118.98980534
1676160000000,20505,20729,20287,20421,181.0990911
1676246400000,20423,20525,19980,20302,242.53114638
1676332800000,20300,20750,20070,20690,325.20625419
1676419200000,20686,22815,20543,22714,803.5810542
1676505600000,22732,24000,22012,22043,922.48133636
1676592000000,22040,23389,21865,22970,593.69173762
1676678400000,22979,23230,22844,23029,201.73093048
1676764800000,23029,23505,22701,22724,413.787836
1676851200000,22710,23473,22399,23250,353.89488581
1676937600000,23232,23652,22704,22974,509.67004466
1677024000000,22953,22983,22198,22816,437.84182506
1677110400000,22817,23177,22300,22602,322.88887357
1677196800000,22599,22751,21700,22009,367.22063224
1677283200000,21994,22070,21666,22067,191.42286351
1677369600000,22057,22497,21917,22335,197.3125886
1677456000000,22331,22573,21810,22142,238.98731697
1677542400000,22161,22239,21801,21885,133.26657325
1677628800000,21896,22510,21804,22163,193.03334597
1677715200000,22156,22275,21902,22115,131.3657776
1677801600000,22137,22137,20827,21031,398.44259911
1677888000000,21003,21094,20843,21008,125.79790263
1677974400000,21027,21291,20900,21126,117.58443762
1678060800000,21121,21166,20920,20962,124.5082411
1678147200000,20989,21180,20700,21042,179.57831525
1678233600000,21014,21107,20500,20587,192.72271839
1678320000000,20586,20664,19000,19257,593.8104153
1678406400000,19240,19945,18471,18989,749.85541165
1678492800000,18986,19682,18655,19219,430.96337327
1678579200000,19231,20700,19097,20665,570.40631158
1678665600000,20681,22727,20265,22338,1262.70186029
1678752000000,22340,24500,22200,23000,1673.84956645
1678838400000,22954,23902,22603,22973,818.57584419
1678924800000,22966,23741,22851,23605,450.69507639
1679011200000,23572,26044,23478,25656,1554.18648871
1679097600000,25717,25963,24918,25245,702.61653031
1679184000000,25242,26672,25112,26264,964.80366833
1679270400000,26262,26842,25521,25952,901.32221767
1679356800000,25939,26499,25581,26173,586.68982662
1679443200000,26169,26786,24500,25158,1342.6662936
1679529600000,25152,26500,24997,26145,636.9400945
1679616000000,26145,26250,25195,25596,515.20705732
1679702400000,25590,25887,25300,25570,229.22729842
1679788800000,25565,26176,25531,25968,281.31682088
1679875200000,25964,26049,24614,25140,612.62776209
1679961600000,25166,25349,24601,25187,414.83996169
1680048000000,25185,26400,25119,26155,676.01572079
1680134400000,26156,26875,25459,25760,574.28924094
1680220800000,25725,26382,25346,26233,450.52586021
1680307200000,26253,26537,26073,26234,198.20632888
1680393600000,26236,26305,25757,26082,259.39629148
1680480000000,26080,26257,25053,25507,532.41003372
1680566400000,25506,26071,25417,25711,326.85166666
1680652800000,25733,26230,25555,25857,387.73067413
1680739200000,25818,25859,25500,25715,229.32919465
1680825600000,25720,25788,25500,25629,122.05824656
1680912000000,25601,25865,25574,25685,121.1918642
1680998400000,25686,26150,25568,25952,198.96823546
1681084800000,25962,27397,25890,27264,664.12492096
1681171200000,27247,27995,27202,27652,736.02908969
1681257600000,27661,27800,27019,27179,526.59223963
1681344000000,27187,27717,27187,27541,343.33509327
1681430400000,27515,28054,27328,27706,532.42135618
1681516800000,27724,27834,27513,27577,151.81819641
1681603200000,27596,27800,27450,27625,162.71736055
1681689600000,27600,27622,26800,26978,518.26335376
1681776000000,26989,27765,26725,27691,425.98121423
1681862400000,27670,27750,26200,26343,545.27359222
1681948800000,26328,26540,25550,25757,572.32092598
1682035200000,25756,25880,24700,24793,589.97744646
1682121600000,24794,26045,24700,25503,413.36182912
1682208000000,25503,25580,24973,25136,212.98957669
1682294400000,25140,25481,24494,24876,334.24467126
1682380800000,24896,25880,24646,25795,367.32963987
1682467200000,25782,27140,24740,25735,1025.74948526
1682553600000,25749,27086,25706,26735,518.89702359
1682640000000,26714,26859,26250,26588,283.44452555
1682726400000,26593,26717,26400,26529,105.44674061
1682812800000,26528,27173,26425,26526,320.92798836
1682899200000,26541,26652,25223,25603,432.31577793
1682985600000,25636,26285,25431,26032,264.37116356
1683072000000,26029,26428,25480,26182,327.62517987
1683158400000,26215,26579,25958,26161,241.31329718
1683244800000,26184,26900,26158,26783,414.61781194
1683331200000,26767,27021,25809,26256,305.92701411
1683417600000,26256,26495,25859,25868,130.03432872
1683504000000,25862,26024,24850,25197,485.33654666
1683590400000,25195,25430,24969,25217,240.53719327
1683676800000,25207,25800,24560,25156,455.64432638
1683763200000,25152,25256,24505,24748,300.49779496
1683849600000,24746,24799,23660,24695,557.77492458
1683936000000,24699,24934,24597,24708,131.72960561
1684022400000,24708,25073,24537,24825,138.38733842
1684108800000,24824,25441,24666,24984,245.26060843
1684195200000,24984,25108,24735,24888,197.64050686
1684281600000,24871,25337,24508,25260,266.70753864
1684368000000,25260,25389,24536,24893,252.04490961
1684454400000,24895,25108,24659,24878,129.45771089
1684540800000,24886,25124,24828,25089,81.04482699
1684627200000,25072,25232,24706,24711,120.40357767
1684713600000,24727,25039,24551,24842,145.17053527
1684800000000,24843,25402,24781,25274,312.21203203
1684886400000,25258,25277,24260,24500,436.38007629
1684972800000,24512,24818,24155,24695,153.75988471
1685059200000,24681,25101,24521,24910,198.67395705
1685145600000,24899,25062,24787,25047,84.63755091
1685232000000,25033,26325,24976,26162,441.90332591
1685318400000,26177,26501,25688,25915,279.41759432
1685404800000,25920,26127,25730,25820,240.3283009
1685491200000,25798,25951,25190,25469,253.09191815
1685577600000,25474,25578,24799,24929,205.1351796
1685664000000,24942,25500,24700,25464,173.71558565
1685750400000,25465,25520,25175,25305,83.65364184
1685836800000,25298,25621,25179,25367,93.83213446
1685923200000,25336,25444,23750,24080,603.50964698
1686009600000,24045,25535,23782,25443,571.03606798
1686096000000,25446,25560,24428,24609,294.76178347
1686182400000,24602,24877,24500,24571,136.41355007
1686268800000,24588,24873,24450,24639,122.87391896
1686355200000,24638,24689,23750,24145,420.99516187
1686441600000,24138,24453,23950,24151,175.86571912
1686528000000,24159,24251,23868,24046,159.21375513
1686614400000,24053,24428,23823,24037,199.6627489
1686700800000,24037,24135,22980,23229,325.21525876
1686787200000,23176,23562,22765,23365,421.50125585
1686873600000,23372,24206,23052,24056,292.20517925
1686960000000,24050,24463,23887,24241,193.28822675
1687046400000,24221,24400,24027,24080,143.69577527
1687132800000,24057,24734,24035,24579,199.56685151
1687219200000,24556,25970,24413,25901,601.64413447
1687305600000,25900,28000,25867,27237,1203.98363147
1687392000000,27264,27674,26851,27301,487.83486898
1687478400000,27300,28861,27250,28172,696.5513607
1687564800000,28153,28275,27735,28002,315.78984974
1687651200000,28021,28477,27800,27928,201.53125896
1687737600000,27927,28093,27474,27724,336.70983068
1687824000000,27740,28300,27654,28034,253.45470145
1687910400000,28024,28032,27400,27566,275.30740141
1687996800000,27547,28300,27547,28021,291.69437502
1688083200000,28001,28745,27200,27938,638.35941659
1688169600000,27909,28100,27785,28028,130.14040913
1688256000000,28004,28164,27683,28020,138.69196697
1688342400000,28025,28724,28013,28521,407.3421335
1688428800000,28530,28690,28164,28279,245.74775045
1688515200000,28277,28435,27780,28114,321.83400608
1688601600000,28114,28950,27500,27502,594.65586443
1688688000000,27500,27949,27400,27715,239.74431277
1688774400000,27715,27748,27451,27655,104.17860027
1688860800000,27664,27802,27450,27541,81.80763041
1688947200000,27545,28208,27392,27641,274.06885475
1689033600000,27650,28050,27600,27845,173.6571841
1689120000000,27831,28048,27175,27316,271.23937377
1689206400000,27292,28328,27200,28055,654.22792658
1689292800000,28058,28166,26700,27072,553.73376472
1689379200000,27073,27128,27005,27035,172.36768918
1689465600000,27053,27272,26865,26999,170.39540105
1689552000000,26992,27079,26414,26855,283.94531613
1689638400000,26854,26911,26420,26620,185.71419811
1689724800000,26620,26939,26600,26707,162.7712615
1689811200000,26708,27150,26600,26790,236.24043008
1689897600000,26796,27033,26728,26898,131.14433512
1689984000000,26874,26976,26660,26799,90.67255391
1690070400000,26807,27292,26749,27061,142.11925773
1690156800000,27075,27086,26085,26403,365.73239118
1690243200000,26396,26619,26261,26463,165.8207137
1690329600000,26465,26774,26306,26495,212.83864402
1690416000000,26499,26775,26422,26574,173.45997735
1690502400000,26577,26759,26498,26599,119.72933812
1690588800000,26580,26672,26519,26620,78.97045634
1690675200000,26620,26719,26391,26557,103.04447511
1690761600000,26557,26760,26461,26556,140.30733445
1690848000000,26577,26941,26115,26941,209.76341292
1690934400000,26931,27247,26418,26630,241.89349989
1691020800000,26652,26874,26511,26658,109.18080696
1691107200000,26660,26708,26186,26419,145.74422966
1691193600000,26440,26475,26332,26423,92.32623696
1691280000000,26423,26499,26343,26416,81.37073066
1691366400000,26411,26584,26111,26495,155.72265396
1691452800000,26494,27540,26491,27130,385.57969433
1691539200000,27117,27435,26750,26921,237.84737127
1691625600000,26940,27020,26670,26799,150.51186486
1691712000000,26802,26946,26691,26862,107.58752699
1691798400000,26844,26950,26802,26905,68.32960105
1691884800000,26904,26929,26750,26770,75.34048444
1691971200000,26763,27135,26615,26959,157.59780654
1692057600000,26940,26974,26620,26725,136.5063256
1692144000000,26742,26793,26372,26394,198.20705166
1692230400000,26394,26445,23900,24507,925.74105714
1692316800000,24507,24674,23575,23988,782.23493218
1692403200000,23987,24223,23750,24076,251.98543686
1692489600000,24076,24200,23959,24103,191.1718019
1692576000000,24095,24104,23750,23974,229.15030876
1692662400000,23991,24021,23405,24011,261.27043609
1692748800000,24011,24688,23850,24322,308.87419247
1692835200000,24325,24462,23950,24223,188.77221003
1692921600000,24240,24269,23932,24148,169.71066717
1693008000000,24132,24170,24068,24111,78.66453636
1693094400000,24100,24267,24046,24171,77.71194287
1693180800000,24160,24270,23929,24091,146.13982236
1693267200000,24107,25914,23970,25497,692.76770656
1693353600000,25488,25533,24731,24957,272.13020152
1693440000000,24959,25349,23657,23928,428.78586634
1693526400000,23935,24111,23500,23954,267.71863327
1693612800000,23957,24096,23895,24003,130.12730067
1693699200000,24002,24237,23930,24083,132.01021173
1693785600000,24103,24186,23750,23925,145.88200624
1693872000000,23925,24147,23707,24035,148.1415767
1693958400000,24043,24250,23707,24011,160.95884453
1694044800000,24012,24699,23936,24529,217.58223912
1694131200000,24535,24656,23982,24225,191.63895695
1694217600000,24225,24250,24125,24202,58.78596316
1694304000000,24218,24271,23950,24102,92.03271592
1694390400000,24117,24380,23200,23429,377.95230388
1694476800000,23403,24738,23400,24027,379.66376569
1694563200000,24028,24583,23963,24444,200.20846333
1694649600000,24425,25231,24337,24930,380.6723066
1694736000000,24932,25191,24585,24950,228.96816867
1694822400000,24938,25100,24800,24911,86.02576956
1694908800000,24910,24950,24751,24866,84.51982021
1694995200000,24862,25712,24750,25028,403.03213102
1695081600000,25037,25745,24962,25466,284.13770583
1695168000000,25466,25630,25150,25473,215.01635194
1695254400000,25472,25535,24761,24933,215.0107886
1695340800000,24924,25128,24865,24968,148.11204042
1695427200000,24969,25040,24904,24991,58.07227199
1695513600000,24990,25134,24561,24664,87.1686747
1695600000000,24640,24950,24442,24809,239.69741566
1695686400000,24809,24915,24615,24803,108.70902911
1695772800000,24795,25449,24777,25084,222.38827182
1695859200000,25097,25799,25027,25555,473.90532421
1695945600000,25558,25678,25249,25439,224.99481851
1696032000000,25435,25640,25419,25517,97.56040197
1696118400000,25514,26512,25501,26472,241.07413151
1696204800000,26476,27150,26040,26251,724.44024854
1696291200000,26261,26441,25950,26189,254.17864858
1696377600000,26189,26499,26000,26462,178.95009897
1696464000000,26437,26706,26000,26014,252.24770596
1696550400000,26003,26654,25908,26408,256.42377465
1696636800000,26405,26497,26333,26435,90.95290066
1696723200000,26418,26568,26200,26444,108.92079499
1696809600000,26444,26521,25900,26069,290.5298221
1696896000000,26086,26243,25751,25819,184.21444483
1696982400000,25841,25915,25075,25300,337.09089209
1697068800000,25289,25413,25115,25401,194.49667989
1697155200000,25399,25807,25376,25576,206.35099125
1697241600000,25565,25677,25512,25559,108.81750558
1697328000000,25571,25937,25510,25809,129.86176344
1697414400000,25825,28348,25775,27003,1004.4718217
1697500800000,27019,27111,26642,26885,305.67623181
1697587200000,26851,27399,26736,26891,258.01542442
1697673600000,26877,27295,26717,27148,260.56785809
1697760000000,27148,28390,27051,28018,788.27171072
1697846400000,28017,28581,27805,28214,387.04302302
1697932800000,28215,28522,28000,28318,210.57376528
1698019200000,28312,32474,28219,31026,1370.42357179
1698105600000,30999,32997,30767,32026,1702.39830369
1698192000000,32036,33250,31839,32675,831.35276674
1698278400000,32673,33033,31897,32349,616.25824674
1698364800000,32332,32454,31600,32088,407.15218109
1698451200000,32081,32655,32056,32291,246.80663095
1698537600000,32290,32930,32150,32710,275.02826234
1698624000000,32718,32927,32185,32515,352.54869438
1698710400000,32520,32850,32105,32749,331.46843794
1698796800000,32768,33744,32357,33495,735.53679255
1698883200000,33490,33946,32356,32939,636.67513631
1698969600000,32924,32942,32036,32383,514.0285135
1699056000000,32381,32923,32269,32733,242.58832099
1699142400000,32719,33016,32215,32683,328.09386146
1699228800000,32682,32853,32375,32734,308.73055536
1699315200000,32718,33567,32352,33130,577.44065759
1699401600000,33130,33718,32859,33284,493.07003308
1699488000000,33254,35473,33205,34441,1538.42500564
1699574400000,34440,35136,34064,34942,696.55647805
1699660800000,34950,35043,34500,34841,352.35249608
1699747200000,34841,34898,34453,34731,256.09689288
1699833600000,34718,35028,33982,34102,556.69939062
1699920000000,34102,34385,32155,32718,760.14482638
1700006400000,32711,35000,32536,34920,835.0423492
1700092800000,34924,34971,32725,33330,824.03720085
1700179200000,33357,33826,33017,33600,418.50318138
1700265600000,33599,33826,33201,33592,143.99745638
1700352000000,33598,34400,33395,34286,206.35907208
1700438400000,34277,34555,33700,34238,381.19669565
1700524800000,34238,34384,32781,32781,775.72448568
1700611200000,32779,34759,32666,34358,599.59207453
1700697600000,34363,34512,33843,34233,282.71357164
1700784000000,34237,35135,34191,34514,526.44250395
1700870400000,34497,34687,34415,34577,149.56406745
1700956800000,34575,34611,34023,34264,216.6056293
1701043200000,34253,34389,33600,33982,377.71874455
1701129600000,34011,34930,33700,34403,410.56343444
1701216000000,34408,35000,34300,34527,361.3460221
1701302400000,34528,34770,34361,34650,201.89922648
1701388800000,34647,35860,34522,35561,622.29871882
1701475200000,35560,36498,35524,36275,375.34593377
1701561600000,36277,36998,36087,36717,372.32105488
1701648000000,36722,39150,36721,38736,1274.75290507
1701734400000,38754,41200,38271,40848,1198.59824071
1701820800000,40835,41051,40173,40666,766.36895616
1701907200000,40666,40950,38633,40114,866.75329765
1701993600000,40145,41619,40000,41095,677.1192888
1702080000000,41075,41251,40515,40626,437.69562352
1702166400000,40661,40950,40481,40706,339.46358678
1702252800000,40708,40712,37301,38320,1756.56427677
1702339200000,38312,39094,37672,38390,948.42008641
1702425600000,38425,40500,37664,39430,920.57403732
1702512000000,39439,39682,38255,39143,571.56525015
1702598400000,39151,39277,38222,38507,383.62229478
1702684800000,38517,39292,38255,38812,234.25556233
1702771200000,38814,38950,37903,37979,347.93842903
1702857600000,37983,39140,37143,39056,818.49988548
1702944000000,39054,39767,38090,38524,609.26861983
1703030400000,38528,40378,38501,39860,797.97908959
1703116800000,39874,40273,39500,39905,565.53975522
1703203200000,39911,40417,39453,39985,487.41388022
1703289600000,39985,40002,39400,39804,308.02984195
1703376000000,39803,40000,38943,39200,512.37695506
1703462400000,39196,40156,38912,39600,402.37296472
1703548800000,39601,39617,37800,38529,723.30063915
1703635200000,38529,39375,38200,39139,521.2184718
1703721600000,39145,39439,38155,38503,549.65637501
1703808000000,38502,39057,37656,38246,645.04047151
1703894400000,38246,38699,37701,38289,374.5756547
1703980800000,38289,38990,38140,38445,366.32154983
1704067200000,38434,40084,38375,40071,479.52021525
1704153600000,40061,41903,40039,41191,1369.1537028
1704240000000,41206,41750,37500,39511,1343.15950191
1704326400000,39565,40964,39019,40461,752.480155
1704412800000,40477,40800,39490,40455,586.46208801
1704499200000,40455,40650,39781,40397,290.29746286
1704585600000,40397,41000,39934,40254,484.75911891
1704672000000,40250,43126,39615,42906,1586.662532
1704758400000,42906,43845,40985,42223,1590.52648722
1704844800000,42231,43569,40525,42593,2130.05241024
1704931200000,42596,44750,41623,42239,2004.50688129
1705017600000,42245,42401,37700,39165,2003.68630476
1705104000000,39145,39800,38833,39194,610.44032071
1705190400000,39201,39400,38110,38124,517.18567263
1705276800000,38124,39780,38074,38850,574.12158131
1705363200000,38847,40434,38700,39665,645.98324258
1705449600000,39662,39733,38800,39269,499.90884085
1705536000000,39260,39380,37397,37996,932.01222349
1705622400000,38006,38728,37000,38228,911.08034773
1705708800000,38218,38425,38022,38252,227.83275235
1705795200000,38257,38467,38081,38146,179.24932815
1705881600000,38140,38224,36225,36308,1113.27507663
1705968000000,36308,37500,35433,36754,1199.69944524
1706054400000,36740,37500,36309,36840,706.36094899
1706140800000,36841,37005,36500,36850,344.11321879
1706227200000,36847,39000,36740,38547,979.85896601
1706313600000,38551,38944,38159,38858,236.07544007
1706400000000,38863,39446,38383,38748,446.18564692
1706486400000,38758,40110,38615,39976,553.88827141
1706572800000,39977,40500,39378,39622,604.92731622
1706659200000,39617,40333,39077,39424,627.97977564
1706745600000,39417,39823,38780,39617,460.39925451
1706832000000,39631,40229,39332,39974,362.88791111
1706918400000,39982,40141,39800,39867,162.07084607
1707004800000,39867,39963,39230,39520,172.76179902
1707091200000,39522,40483,39230,39762,421.44817199
1707177600000,39763,40289,39616,40010,351.79022166
1707264000000,40017,41150,39740,41089,650.57532795
1707350400000,41086,42249,41078,41990,925.64733921
1707436800000,41990,44500,41948,43382,1854.19610448
1707523200000,43383,44464,42850,44057,624.01181939
1707609600000,44057,44697,43900,44561,503.82877232
1707696000000,44590,46598,44169,46245,1420.39343569
1707782400000,46263,46745,44800,46418,1281.63860942
1707868800000,46428,48551,46000,48302,1331.19285715
1707955200000,48305,49035,47627,48184,1162.76864871
1708041600000,48180,48918,47918,48418,643.4604452
1708128000000,48419,48461,46901,47961,744.71185061
1708214400000,47963,48611,47528,48350,427.11326238
1708300800000,48372,48900,47983,48062,549.48526665
1708387200000,48064,48990,46960,48336,889.08591807
1708473600000,48344,48442,46900,47962,659.3547191
1708560000000,47949,48102,47043,47382,464.68489836
1708646400000,47382,47599,46662,46869,480.07363232
1708732800000,46858,47738,46756,47621,300.54013222
1708819200000,47606,47979,47395,47814,271.02638856
1708905600000,47815,50500,46952,50030,1450.17370628
1708992000000,50030,53056,50025,52580,1770.85405397
1709078400000,52593,59000,49069,57552,3766.64867416
1709164800000,57550,58748,55555,56545,2066.92052313
1709251200000,56545,58200,56144,57517,1046.39787706
1709337600000,57503,57580,56800,57178,551.44851722
1709424000000,57138,58400,56602,58199,573.87923108
1709510400000,58203,63000,57400,62858,2438.57603223
1709596800000,62870,63534,49220,58895,4580.94773829
1709683200000,58848,62500,57923,60637,1402.82837665
1709769600000,60637,62324,60200,61050,944.12722113
1709856000000,61049,63953,60384,62353,1633.60646189
1709942400000,62358,62767,62108,62483,575.4593417
1710028800000,62473,63895,62343,63064,818.08765304
1710115200000,63071,66500,61528,65794,1886.98473872
1710201600000,65793,66935,62900,65410,1917.82232431
1710288000000,65399,67451,65228,66783,1050.74834921
1710374400000,66780,67450,63000,65663,1784.78372578
1710460800000,65667,66575,60003,63859,2806.24231419
1710547200000,63894,64373,59335,59842,1449.86831695
1710633600000,59836,63700,59050,62913,1507.67482132
1710720000000,62901,63320,61136,62151,820.41987442
1710806400000,62134,62600,56564,56928,2513.9651917
1710892800000,56919,62499,55885,62092,2251.53927247
1710979200000,62092,62500,59456,60328,959.270102
1711065600000,60326,61577,57745,59158,1017.56486278
1711152000000,59149,61175,58403,59251,557.41491927
1711238400000,59243,62560,59090,62171,818.11477366
1711324800000,62179,65600,61356,64398,1614.77397913
1711411200000,64380,65985,63801,64590,951.77987239
1711497600000,64580,66298,63215,64244,982.81910038
1711584000000,64215,66209,63681,65568,756.17863104
1711670400000,65569,65748,64000,64766,514.10102482
1711756800000,64777,65157,64534,64599,258.25725445
1711843200000,64579,66145,64557,66064,410.44439116
1711929600000,66057,66057,63478,64924,835.75015401
1712016000000,64939,64955,60019,60890,1666.39341628
1712102400000,60903,62000,60041,60945,784.20749417
1712188800000,60923,64000,60081,63295,959.67963453
1712275200000,63298,63463,61071,62635,824.01982222
1712361600000,62638,64326,62295,63590,381.14452114
1712448000000,63599,64845,63502,64033,551.86862292
1712534400000,64024,67150,63765,65910,1668.75393815
1712620800000,65898,66040,62871,63706,1176.26140594
1712707200000,63665,66176,62610,65720,992.67737621
1712793600000,65725,66358,64875,65264,833.02210055
1712880000000,65258,66569,61598,63789,1710.60017246
1712966400000,63756,64815,57500,61192,1756.6239398
1713052800000,61163,63390,59024,61926,1222.77539217
1713139200000,61884,62878,58625,59799,1271.00995821
1713225600000,59814,60681,58001,60118,1268.19437891
1713312000000,60107,60836,56083,57475,1563.67742694
1713398400000,57466,60242,56854,59712,1221.33317438
1713484800000,59731,61500,56226,59993,1590.81621894
1713571200000,60025,61578,59308,61074,670.66778401
1713657600000,61068,61714,60392,60981,458.13149691
1713744000000,60980,63147,60524,62779,668.38548501
1713830400000,62775,63096,61678,62065,583.45496377
1713916800000,62048,62662,59455,60124,869.66933883
1714003200000,60102,60887,58787,60159,712.91036099
1714089600000,60179,60595,59276,59662,476.46272305
1714176000000,59663,59810,58350,59385,507.20061191
1714262400000,59387,60158,58671,58970,299.66900533
1714348800000,58957,59889,57769,59560,702.99748035
1714435200000,59560,60351,55320,56858,1381.20624482
1714521600000,56845,56983,52850,54414,2253.54602857
1714608000000,54383,55610,53150,55066,984.73886361
1714694400000,55062,58911,54826,58503,1183.89845488
1714780800000,58496,60000,58141,59386,606.36712217
1714867200000,59396,60000,58440,59502,400.0434549
1714953600000,59508,60827,58220,58662,849.50391244
1715040000000,58665,59850,57936,57980,561.63810072
1715126400000,57959,58666,56642,56959,580.84078057
1715212800000,56942,58841,56456,58513,582.15499792
1715299200000,58515,58891,55911,56525,731.3306214
1715385600000,56564,57219,56209,56516,235.34219588
1715472000000,56513,57448,56320,57091,175.83953064
1715558400000,57105,58750,56430,58296,563.08644137
1715644800000,58291,58470,56505,56933,481.95042461
1715731200000,56919,60884,56737,60558,936.77182128
1715817600000,60573,61184,58900,59856,626.84732748
1715904000000,59873,62018,59790,61614,572.15763948
1715990400000,61618,61967,61228,61525,234.11438994
1716076800000,61537,62194,60529,60887,312.17376157
1716163200000,60882,64424,60700,64186,904.2989134
1716249600000,64248,65423,63000,64262,994.99540299
1716336000000,64276,65096,63477,63828,504.49444798
1716422400000,63863,64550,61477,62927,745.0955131
1716508800000,62916,63899,61560,63267,421.18841373
1716595200000,63267,64231,63212,63925,162.82903747
1716681600000,63945,64123,62926,63175,153.48276217
1716768000000,63172,64979,62772,63868,475.95170201
1716854400000,63852,63957,61935,62957,448.6498892
1716940800000,62958,63454,62077,62591,252.27212826
1717027200000,62563,64061,62066,63076,400.75857998
1717113600000,63071,63600,61500,62261,387.6090599
1717200000000,62303,62598,62183,62464,90.17380401
1717286400000,62464,63069,62047,62464,173.84705235
1717372800000,62465,64689,62315,63088,569.95079513
1717459200000,63066,65192,62918,64675,656.33221594
1717545600000,64682,66000,64540,65315,559.09602685
1717632000000,65312,65800,64346,64984,349.53798953
1717718400000,64982,66073,63410,64334,705.53080431
1717804800000,64325,64563,64156,64324,124.11983836
1717891200000,64326,64888,64158,64712,134.60819525
1717977600000,64700,65291,64370,64561,261.42565916
1718064000000,64537,64599,61611,62769,781.08724551
1718150400000,62748,64800,62207,63142,602.19286846
1718236800000,63182,63286,61640,62220,372.24412746
1718323200000,62222,63092,60807,61773,482.67575083
1718409600000,61765,62124,61500,61847,138.69898533
1718496000000,61842,62545,61719,62304,106.04213032
1718582400000,62285,62684,60728,61958,397.61936637
1718668800000,61935,61960,59645,60670,578.86845651
1718755200000,60685,61210,60202,60485,213.17035629
1718841600000,60462,61944,60251,60576,324.49530175
1718928000000,60601,60752,59300,59983,353.95305656
1719014400000,59996,60339,59831,59990,95.60828664
1719100800000,60000,60248,59110,59122,122.2528403
1719187200000,59121,59250,54350,56158,1257.90585545
1719273600000,56163,58280,56120,57783,545.71333523
1719360000000,57766,58331,56845,56931,282.8299843
1719446400000,56952,58174,56618,57557,303.76702123
1719532800000,57538,58136,56001,56347,342.09149202
1719619200000,56376,57116,56340,56882,155.00837182
1719705600000,56900,58644,56640,58405,201.26253052
1719792000000,58418,59474,58093,58548,292.66875376
1719878400000,58553,58913,57520,57745,234.87725737
1719964800000,57746,57885,55061,55794,527.59174993
1720051200000,55812,56012,52529,52808,1329.37561329
1720137600000,52812,54359,49576,52305,1845.59184098
1720224000000,52295,53948,51751,53746,491.53050431
1720310400000,53720,53877,51473,51604,457.41894984
1720396800000,51592,53726,50178,52348,752.75470642
1720483200000,52317,53922,51924,53644,459.98359175
1720569600000,53663,54966,52815,53307,485.43845992
1720656000000,53303,54700,52633,52751,457.99059483
1720742400000,52755,53667,52062,53069,353.51852254
1720828800000,53081,54849,52964,54255,304.06281466
1720915200000,54280,56395,54272,55865,406.83279551
1721001600000,55865,59546,55726,59397,691.86263473
1721088000000,59394,60000,57171,59664,774.69474292
1721174400000,59694,60625,58436,58587,552.25637599
1721260800000,58597,59630,58038,58712,336.31657356
1721347200000,58721,61927,58192,61202,569.37549372
1721433600000,61205,62078,60846,61588,258.04447304
1721520000000,61588,62651,60313,62429,425.62961176
1721606400000,62465,62720,61165,62008,405.56375391
1721692800000,62004,62205,60333,60773,462.27391125
1721779200000,60769,61800,60100,60345,334.4476882
1721865600000,60342,61065,58539,60677,546.82510922
1721952000000,60682,62800,60600,62522,501.79538604
1722038400000,62527,63845,61350,62431,562.70630975
1722124800000,62390,62870,61655,62837,227.26581223
1722211200000,62838,64636,61333,61726,962.60713245
1722297600000,61685,61893,60425,61183,436.10096345
1722384000000,61188,61800,59615,59727,519.25361733
1722470400000,59719,60844,57725,60567,795.55283391
1722556800000,60612,60800,56092,56362,756.44213877
1722643200000,56360,57138,55000,55743,589.75045041
1722729600000,55733,56152,52501,53321,985.14932987
1722816000000,53327,53450,44821,49468,3767.41580486
1722902400000,49523,52317,49489,51397,1219.73013245
1722988800000,51375,52973,50000,50483,876.57446777
1723075200000,50483,57468,50131,56514,859.73952783
1723161600000,56523,56560,54535,55792,530.39084856
1723248000000,55787,56352,55240,55859,182.32177775
1723334400000,55870,56691,53420,53809,398.30036076
1723420800000,53816,55549,52775,54294,583.88160937
1723507200000,54289,56133,53500,55112,598.13925581
1723593600000,55116,56081,53121,53355,669.1573681
1723680000000,53366,54500,51153,52503,717.86588732
1723766400000,52511,54338,52069,53461,583.42723581
1723852800000,53466,54200,53384,53996,130.38603466
1723939200000,54000,54681,52900,53028,277.13684878
1724025600000,53032,53800,52400,53655,497.78063938
1724112000000,53659,55443,52716,53053,762.83178926
1724198400000,53052,55443,52865,54799,675.18443689
1724284800000,54821,55154,53620,54319,443.53425353
1724371200000,54339,57967,54308,57149,896.11484161
1724457600000,57191,57561,56666,57237,304.3835101
1724544000000,57242,58105,56825,57382,217.08991868
1724630400000,57387,57589,56255,56301,392.74847102
1724716800000,56300,56614,52000,53239,731.37868278
1724803200000,53212,54184,52095,53105,640.01328136
1724889600000,53089,55240,52954,53624,467.66755992
1724976000000,53606,54071,52278,53541,547.71040337
1725062400000,53555,53859,53190,53389,84.84065671
1725148800000,53388,53471,51830,51917,310.50666478
1725235200000,51931,53700,51730,53438,385.39506735
1725321600000,53441,54049,51950,52051,330.9709759
1725408000000,52051,52833,50383,52326,707.67113646
1725494400000,52337,52647,50090,50567,514.74675325
1725580800000,50572,51381,47467,48805,1090.75373174
1725667200000,48802,49640,48590,48939,314.02274353
1725753600000,48936,49950,48454,49546,243.36209307
1725840000000,49550,52700,49358,51714,606.62573927
1725926400000,51715,52652,51119,52323,454.06582543
1726012800000,52331,52638,50491,52088,761.69600365
1726099200000,52109,53101,51946,52475,644.87588745
1726185600000,52481,54762,52000,54635,654.29161904
1726272000000,54647,54727,53660,54140,300.54514209
1726358400000,54142,54471,52978,53365,286.97757534
1726444800000,53351,53416,51683,52338,631.27598949
1726531200000,52325,55200,51839,54216,813.09775672
1726617600000,54236,55600,53250,55566,634.37039625
1726704000000,55581,57213,55401,56326,796.08793406
1726790400000,56344,57296,55840,56604,513.69775123
1726876800000,56590,56887,56209,56707,122.07392703
1726963200000,56730,57303,55888,56943,280.83573397
1727049600000,56985,57944,56066,56997,521.16552975
1727136000000,57029,57799,56238,57398,748.34745251
1727222400000,57410,57885,56500,56733,476.86085409
1727308800000,56736,58920,56283,58312,1355.33268908
1727395200000,58306,59500,58033,58929,1065.87492662
1727481600000,58928,59357,58601,58977,293.48017878
1727568000000,58971,59121,58611,58745,306.37792116
1727654400000,58736,58739,56427,56847,999.49513687
1727740800000,56844,57704,54325,54954,1197.38365728
1727827200000,54933,56462,54280,54898,1051.37189441
1727913600000,54892,55712,54239,55072,458.87080417
1728000000000,55068,56964,54802,56571,551.39956705
1728086400000,56580,56838,56180,56533,201.73302113
1728172800000,56528,57351,56308,57249,316.35006949
1728259200000,57258,58710,56568,56683,801.57498601
1728345600000,56686,57562,56363,56608,489.07573331
1728432000000,56611,57000,55084,55389,386.56224995
1728518400000,55381,56037,53917,55144,529.76128876
1728604800000,55139,57964,54926,57123,577.19801382
1728691200000,57138,57980,57097,57650,160.083078
1728777600000,57646,57737,56584,57507,189.29587629
1728864000000,57496,60700,57127,60292,1177.19158305
1728950400000,60309,62092,59298,61524,766.3854204
1729036800000,61529,62721,61238,62156,630.37394553
1729123200000,62191,62446,61361,62204,426.74288889
1729209600000,62162,63462,61960,62935,492.27976553
1729296000000,62913,63143,62529,62814,108.86895331
1729382400000,62807,63683,62575,63329,199.88106441
1729468800000,63328,63795,61644,62209,540.53052087
1729555200000,62226,62753,61491,62388,449.04595569
1729641600000,62427,62427,60464,61816,754.77902549
1729728000000,61788,63536,61649,62954,672.60083022
1729814400000,62963,63425,60750,61741,574.55178561
1729900800000,61724,62447,61564,62133,169.10168723
1729987200000,62143,63208,62001,62924,215.16016928
1730073600000,62951,64876,62631,64591,782.94516495
1730160000000,64580,67974,64386,67066,1472.02125246
1730246400000,67079,67200,65891,66608,618.88333322
1730332800000,66609,66859,63957,64528,815.77209529
1730419200000,64519,65958,63250,64188,565.75850299
1730505600000,64173,64580,63800,64174,151.28923255
1730592000000,64178,64178,62391,63327,514.52320465
1730678400000,63334,63823,61433,62382,710.78082662
1730764800000,62384,64658,62060,63522,672.72986666
1730851200000,63521,71055,63457,70292,3461.38643558
1730937600000,70287,71200,68910,70255,1117.58812722
1731024000000,70276,72100,70073,71418,937.19282779
1731110400000,71407,71743,70623,71517,377.66727252
1731196800000,71517,75450,71356,74620,1708.69660981
1731283200000,74682,83086,74507,82275,3125.77162278
1731369600000,82321,84387,74163,82465,3164.64643111
1731456000000,82472,88000,80818,85333,2595.24086653
1731542400000,85351,87072,82328,82909,1729.39846715
1731628800000,82925,87042,82641,86169,1272.07163094
1731715200000,86152,86791,85096,85594,643.37666613
1731801600000,85639,86343,83953,85050,549.13204978
1731888000000,85065,87586,84589,85406,1301.33546272
1731974400000,85405,88710,85332,87117,1290.12787364
1732060800000,87152,90000,86464,89269,1444.14224235
1732147200000,89264,94000,89128,93550,2338.25933988
1732233600000,93577,95400,93081,94740,1524.55017268
1732320000000,94742,94742,92550,93204,758.96391853
1732406400000,93203,94092,91143,93388,809.40493174
1732492800000,93413,94447,88009,88956,1368.83313505
1732579200000,88949,90776,86568,87638,1498.59901181
1732665600000,87630,92216,87462,90847,848.12570337
1732752000000,90829,91583,89733,90580,670.22802504
1732838400000,90581,93498,90269,92135,883.08941268
1732924800000,92122,92134,90695,91134,299.78455191
1733011200000,91137,92600,90480,92138,475.85866075
1733097600000,92092,93109,90020,91246,924.07603457
1733184000000,91252,91730,88900,91264,1221.46380692
1733270400000,91248,94250,89916,93779,1541.99859898
1733356800000,93748,98157,90000,91723,2620.80739951
1733443200000,91722,96589,90994,94424,1127.42633957
1733529600000,94427,95069,93656,94379,355.97684495
1733616000000,94375,95910,93383,95674,312.10425638
1733702400000,95691,95784,89600,92322,1238.87219463
1733788800000,92270,93424,89600,91840,1116.37669322
1733875200000,91840,97000,90928,96249,1064.43639826
1733961600000,96254,97696,94654,95435,652.0926207
1734048000000,95444,97060,94716,96559,468.42694642
1734134400000,96546,97651,95800,96532,300.59544902
1734220800000,96503,99800,96403,99186,648.26768431
1734307200000,99093,102480,97800,100740,1952.78992723
1734393600000,100780,103070,100360,101180,796.16393117
1734480000000,101160,101460,96739,96944,1244.90500718
1734566400000,96928,98800,92064,94030,1751.50906141
1734652800000,94029,94574,88445,93891,1956.99565772
1734739200000,93894,95899,92543,93470,541.7467071
1734825600000,93517,93681,90340,91196,667.73929286
1734912000000,91188,92843,88864,91147,916.71565551
1734998400000,91142,95708,89856,94849,935.07016237
1735084800000,94844,95711,93915,95580,549.02739069
1735171200000,95589,96093,91426,91875,500.20760153
1735257600000,91867,93629,89682,90408,638.06934834
1735344000000,90374,91634,90230,91217,391.81876575
1735430400000,91219,91276,89000,89727,575.76602863
1735516800000,89722,91240,87838,89015,1090.92444935
1735603200000,89018,92668,88264,90156,692.3975258
1735689600000,90138,91734,89600,91185,442.3773698
1735776000000,91170,95328,91003,94387,1037.92390654
1735862400000,94390,96109,93421,95229,878.84634163
1735948800000,95232,95828,94638,95292,476.22536947
1736035200000,95300,95922,94387,95452,561.44450172
1736121600000,95459,98635,94869,98499,1237.1244215
1736208000000,98499,99000,92911,93875,1035.89794083
1736294400000,93865,94129,89855,92333,927.98924829
1736380800000,92300,92571,88631,89998,910.13414353
1736467200000,89982,93541,89896,92521,795.20715827
1736553600000,92518,92676,91620,92193,211.26787209
1736640000000,92192,93070,91440,92223,317.95935548
1736726400000,92266,93616,87561,92130,1317.24326316
1736812800000,92130,94987,92029,93714,960.64720367
1736899200000,93717,97805,93605,97490,1057.63330595
1736985600000,97484,97810,94657,96996,869.28077651
1737072000000,96996,102900,96955,101080,1444.58078528
1737158400000,101080,101800,99040,101460,818.58657499
1737244800000,101450,103690,82456,98573,1326.49373277
1737331200000,98553,106070,96723,98170,2389.3094494
1737417600000,98164,102900,96521,102020,1139.39331279
1737504000000,102020,102080,99245,99646,769.1038669
1737590400000,99676,102750,97260,99828,1407.7705444
1737676800000,99843,102020,98500,100000,530.0867213
1737763200000,99995,100460,99340,99909,265.72080567
1737849600000,99912,100640,98022,98110,265.41884985
1737936000000,98093,98768,93363,97847,1482.11739498
1738022400000,97845,99425,96082,97188,645.03818511
1738108800000,97183,100620,97162,99510,723.17036909
1738195200000,99516,101920,99044,100650,576.70260121
1738281600000,100700,101950,97885,98874,708.59351827
1738368000000,98875,99223,96961,97338,399.42487451
1738454400000,97333,98181,93645,95379,1671.33860454
1738540800000,95387,99439,90000,98381,1789.40744723
1738627200000,98371,98822,92718,94350,1016.0824512
1738713600000,94353,95361,92512,92956,597.67621686
1738800000000,92980,95718,92200,93031,673.82594066
1738886400000,93044,96549,92675,93584,940.6152721
1738972800000,93583,93949,92853,93552,228.49482443
1739059200000,93581,94340,92054,93614,451.7822494
1739145600000,93608,95320,92530,94609,456.582334
1739232000000,94610,95586,91515,92475,603.74152433
1739318400000,92475,94457,91155,94177,807.34004838
1739404800000,94159,94327,91340,92366,527.25259115
1739491200000,92371,94109,91716,92977,582.54001043
1739577600000,92977,93418,92722,93111,134.10193447
1739664000000,93088,93237,91661,91752,202.64145886
1739750400000,91694,92681,90903,91406,397.05408136
1739836800000,91405,92570,89373,91490,767.99889291
1739923200000,91500,92890,90921,92707,512.15127709
1740009600000,92709,94054,92481,93638,412.17046789
1740096000000,93650,94994,90665,91998,736.36459794
1740182400000,91999,92779,91650,92358,173.35886116
1740268800000,92354,92458,91089,91930,175.8051236
1740355200000,91946,92120,87327,87535,803.8154715
1740441600000,87533,88402,81738,84300,2454.38830805
1740528000000,84297,85114,78000,80192,1751.44082051
1740614400000,80206,83030,79445,81435,1004.18614456
1740700800000,81429,82345,75110,81291,2098.37240611
1740787200000,81299,83424,80789,83045,551.73287357
1740873600000,83047,91987,82087,90609,1417.60163486
1740960000000,90638,90750,81100,82190,1830.75460169
1741046400000,82144,83879,77634,82230,2059.59929319
1741132800000,82254,85044,81361,83995,890.54271567
1741219200000,83988,85929,81462,83437,945.68229417
1741305600000,83456,84632,78596,80132,1414.76470481
1741392000000,80056,80239,78573,79641,336.88491826
1741478400000,79626,79897,73588,74283,1362.59723493
1741564800000,74318,77730,71419,72468,1846.14916661
1741651200000,72460,76547,70536,76020,1830.26242401
1741737600000,76025,78000,73899,76872,1525.31428073
1741824000000,76900,77430,73590,74692,1232.22446064
1741910400000,74734,78500,74444,77229,1136.53305131
1741996800000,77247,77861,76919,77590,310.17788302
1742083200000,77595,78232,75367,75940,634.21149258
1742169600000,75925,77617,75636,76943,843.96066744
1742256000000,76943,76957,74221,75613,898.18751857
1742342400000,75612,79787,75476,79618,1240.61657818
1742428800000,79625,80129,77038,77565,1085.31080994
1742515200000,77543,78294,76763,77693,595.91254398
1742601600000,77706,78151,77332,77493,179.05623476
1742688000000,77497,79500,77461,79447,342.28123197
1742774400000,79450,82107,79008,81021,1066.22009063
1742860800000,81016,82066,79899,81057,651.398502
1742947200000,81106,81877,79857,80940,732.05382277
1743033600000,80945,81441,79531,80757,512.76025416
1743120000000,80757,81043,77201,77976,843.31985839
1743206400000,77975,78155,75429,76370,513.40045482
1743292800000,76347,77244,75474,76137,383.12439806
1743379200000,76154,77666,75064,76285,961.84067551
1743465600000,76285,79250,76148,78876,826.57975937
1743552000000,78887,81274,75590,75637,1606.61008081
1743638400000,75634,76906,73056,75314,1739.95097062
1743724800000,75331,77267,73893,76499,1778.80464652
1743811200000,76506,76855,75136,76156,339.36066468
1743897600000,76173,76407,70000,71285,1404.73875483
1743984000000,71303,74271,67390,72525,2903.90655593
1744070400000,72527,73731,69376,69456,1237.15080022
1744156800000,69470,76379,67576,75425,2505.93633293
1744243200000,75440,75529,70050,70712,1796.79172125
1744329600000,70706,74542,69813,73411,2584.14465884
1744416000000,73412,75702,72886,75118,499.80563627
1744502400000,75117,75829,73294,73791,648.45723205
1744588800000,73830,75566,73628,74626,1293.64000918
1744675200000,74668,76421,74050,74090,1117.98891971
1744761600000,74088,75200,73097,73728,1016.22732067
1744848000000,73728,75276,73624,74696,749.09120668
1744934400000,74703,74846,74023,74188,320.95291398
1745020800000,74159,75171,74065,74666,180.9621937
1745107200000,74660,74887,73755,74434,489.84954968
1745193600000,74434,76915,74341,75988,1127.33469939
1745280000000,75994,82658,75800,82431,1743.86108713
1745366400000,82421,83202,80763,82706,1110.66804089
1745452800000,82705,82830,80585,82677,912.3970794
1745539200000,82680,84337,81828,83340,964.90132792
1745625600000,83343,83821,82681,83341,293.60507322
1745712000000,83382,83954,82434,82652,285.77024524
1745798400000,82661,84255,81785,83318,821.82541985
1745884800000,83308,83910,82355,82796,900.91950323
1745971200000,82796,83775,81729,83200,1392.5321874
1746057600000,83199,86373,83140,85444,1433.44346318
1746144000000,85437,86410,85058,85775,1214.43700612
1746230400000,85771,85825,84819,84923,357.54566018
1746316800000,84910,85290,83193,83314,501.07931555
1746403200000,83312,84169,82457,83769,1192.41356741
1746489600000,83773,85463,82274,85402,1168.23512664
1746576000000,85408,86248,84457,85841,1135.05033106
1746662400000,85839,92700,85615,91867,1991.5418449
1746748800000,91867,92700,90709,91467,1163.03769316
1746835200000,91472,93198,91320,93053,581.51689841
1746921600000,93053,93176,91794,92696,816.89560915
1747008000000,92707,94897,90748,92603,1975.76736813
1747094400000,92594,93823,91330,93072,836.37880425
1747180800000,93061,93063,91502,92557,869.43290137
1747267200000,92561,93287,90626,92751,1255.33444011
1747353600000,92762,93847,92056,92655,863.94670324
1747440000000,92655,92944,91935,92400,337.7472214
1747526400000,92413,95314,92395,95116,948.07323139
1747612800000,95123,95701,90700,94025,1426.71830266
1747699200000,94020,95113,92680,94623,1190.63891298
1747785600000,94661,97747,93521,96703,2350.20105278
1747872000000,96705,99300,96286,98840,1353.14702449
1747958400000,98830,98900,93978,94464,1451.32735713
1748044800000,94435,96387,94073,94908,476.05702053
1748131200000,94904,96207,93950,95919,521.33306462
1748217600000,95925,97081,95490,96156,647.59831671
1748304000000,96156,97525,94350,96106,1176.15443292
1748390400000,96102,96563,94612,96012,969.56346786
1748476800000,96023,96573,92646,92899,1463.16585189
1748563200000,92890,93834,91420,91770,989.34935029
1748649600000,91769,92762,91000,92408,319.28025822
1748736000000,92408,93405,91673,93230,246.61019201
1748822400000,93240,93240,90780,92479,506.95395524
1748908800000,92511,93990,91952,92647,447.78529008
1748995200000,92650,93203,91283,91749,417.70070478
1749081600000,91752,92729,87751,88725,1020.67856054
1749168000000,88728,92603,88339,91617,609.33924335
1749254400000,91620,92990,91255,92685,208.03575434
1749340800000,92694,93513,92209,92766,231.36907633
1749427200000,92769,96818,92272,96517,642.49021483
1749513600000,96517,96588,94888,96405,647.98179159
1749600000000,96428,96440,94007,94448,515.10980986
1749686400000,94429,94625,91129,91144,697.56795269
1749772800000,91135,92010,89089,91895,1001.22687276
1749859200000,91920,92060,90392,91362,166.31049054
1749945600000,91368,91999,90620,91550,227.2001253
1750032000000,91550,94310,90974,92458,534.58091595
1750118400000,92479,93220,89891,91060,638.04040611
1750204800000,91078,91781,90146,91419,715.35829739
1750291200000,91458,91774,90576,90906,396.56044579
1750377600000,90910,92500,88703,89702,608.70721431
1750464000000,89710,90336,87615,88699,346.54818683
1750550400000,88731,89818,85425,87816,1079.88611359
1750636800000,87801,91545,86493,90916,886.10380454
1750723200000,90920,91588,90321,91430,496.96042667
1750809600000,91444,93262,91129,91941,413.05452212
1750896000000,91944,92620,91111,91509,397.66348749
1750982400000,91505,92535,90764,91440,263.00197029
1751068800000,91461,91871,91263,91641,57.12141904
1751155200000,91648,92648,91533,92442,181.11950489
1751241600000,92452,92868,90753,90950,313.50088054
1751328000000,90922,91211,89292,89560,376.41042215
1751414400000,89562,93073,89062,92261,452.44569048
1751500800000,92271,93948,91985,93177,459.19374825
1751587200000,93184,93328,91117,91790,219.66288025
1751673600000,91784,92185,91580,91981,61.19713815
1751760000000,91980,93180,91615,92724,142.73395984
1751846400000,92724,93214,91916,92248,289.85006444
1751932800000,92237,93320,91501,92955,253.79250591
1752019200000,92948,95555,92570,94786,524.65781568
1752105600000,94786,99731,94440,98800,886.49543163
1752192000000,98800,101170,98369,100020,1208.66661891
1752278400000,100020,100570,99270,99849,294.46508065
1752364800000,99888,101990,99712,101670,375.09825591
1752451200000,101690,104390,101400,102630,924.85635922
1752537600000,102610,102650,99379,101400,658.48258866
1752624000000,101400,103120,100740,101990,530.00092857
1752710400000,101960,104240,101250,102570,472.00422074
1752796800000,102620,103950,100460,101440,494.33172446
1752883200000,101440,101920,100870,101380,123.43046531
1752969600000,101390,102090,100030,100820,284.0379136
1753056000000,100790,102740,99787,100400,483.00545032
1753142400000,100400,102350,99405,102200,391.10109765
1753228800000,102200,102320,99704,100900,367.80664515
1753315200000,100910,101640,99598,100660,369.29105592
1753401600000,100650,100830,97635,100140,643.65930499
1753488000000,100130,100720,99718,100380,118.72451751
1753574400000,100400,101870,100300,101570,205.09443666
1753660800000,101580,102320,101190,101810,364.32855503
1753747200000,101800,103250,101260,102090,386.1172694
1753833600000,102080,103400,101330,103070,400.0116694
1753920000000,103060,103990,101160,101380,391.37131816
1754006400000,101370,101700,97337,97858,877.8634858
1754092800000,97843,98590,96749,97211,363.72365698
1754179200000,97229,99305,96673,98662,256.00608373
1754265600000,98661,100050,98530,99348,259.97823644
1754352000000,99369,99753,97415,98600,272.32100346
1754438400000,98610,99336,97760,98640,161.93059179
1754524800000,98641,100970,97939,100630,305.98903458
1754611200000,100630,100830,99400,100140,185.07697091
1754697600000,100140,101020,99566,99640,199.8950125
1754784000000,99641,102250,99641,102240,261.95525551
1754870400000,102240,104500,101630,102170,712.12818412
1754956800000,102160,102990,101770,102780,288.80017018
1755043200000,102760,105070,101710,104830,649.56349563
1755129600000,104790,105600,100720,101610,775.29194771
1755216000000,101610,102340,99876,100420,325.2384246
1755302400000,100400,100890,100280,100490,86.94127718
1755388800000,100470,101460,100330,100380,115.24345096
1755475200000,100360,100530,98190,99640,450.77130376
1755561600000,99687,100150,96825,96953,441.57634076
1755648000000,96978,98379,96405,98094,340.38959883
1755734400000,98106,98580,96484,96850,246.76632031
1755820800000,96861,100130,96151,99205,552.13723377
1755907200000,99236,99300,97277,97934,172.50597494
1755993600000,97921,98168,94300,96827,465.11783888
1756080000000,96849,97112,94086,94847,517.24539984
1756166400000,94825,96560,93347,96072,452.01597388
1756252800000,96059,97200,95275,95533,266.32848752
1756339200000,95525,97378,95231,96383,239.52825805
1756425600000,96372,96463,92028,92782,556.22826475
1756512000000,92765,93294,91920,93209,156.99747074
1756598400000,93220,93756,91451,92626,181.00754423
1756684800000,92588,93743,91611,93260,257.37777774
1756771200000,93230,95825,93024,95589,498.39841012
1756857600000,95603,96509,95028,95836,294.21606383
1756944000000,95829,96272,93943,95000,281.41612436
1757030400000,95002,96846,94004,94488,537.82528722
1757116800000,94504,95048,93929,94122,86.78042079
1757203200000,94117,95307,94105,94894,115.56664377
1757289600000,94900,96120,94471,95246,300.99485632
1757376000000,95228,96298,94393,95298,421.58204862
1757462400000,95309,97544,94820,97369,619.34843519
1757548800000,97360,98457,96752,98457,526.71589131
1757635200000,98457,99510,97927,98845,546.90295802
1757721600000,98866,99059,97808,98539,233.06502112
1757808000000,98555,98930,97889,98366,208.98651075
1757894400000,98321,99581,97278,98105,439.12651118
1757980800000,98089,98631,96991,98423,326.98397236
1758067200000,98430,99080,96750,98459,725.76600233
1758153600000,98504,100120,98235,99350,675.42500584
1758240000000,99356,99732,98036,98555,290.23175523
1758326400000,98545,98999,98371,98620,58.40541349
1758412800000,98620,98708,98151,98241,77.68142016
1758499200000,98245,98403,94980,95592,582.75777484
1758585600000,95585,96100,94400,94838,314.78262632
1758672000000,94829,97180,94149,96540,608.63840843
1758758400000,96538,96730,93201,93510,740.07765112
1758844800000,93522,94375,93082,93821,651.36411675
1758931200000,93812,93891,93322,93827,105.96306169
1759017600000,93830,96056,93418,95919,160.71179171
1759104000000,95917,97643,95150,97510,407.72532004
1759190400000,97508,98026,95912,97197,457.93222015
1759276800000,97203,101118,97103,101049,908.30551413
1759363200000,101081,103217,100699,102818,753.96341156
1759449600000,102823,105378,101608,104000,950.08812086
1759536000000,104021,104533,103143,103990,189.3888304
1759622400000,103990,106290,103510,105080,597.9213793
1759708800000,105100,107470,104757,106219,626.30054477
1759795200000,106226,107237,103391,104150,528.8073909
1759881600000,104154,107017,104154,106039,438.99877034
1759968000000,106039,106620,103576,105198,670.0698487
1760054400000,105202,105990,90000,98453,1862.22265715
1760140800000,98440,100166,95580,96855,716.31291214
1760227200000,96856,100500,95799,99442,566.82859301
1760313600000,99444,100309,98331,99740,439.30738222
1760400000000,99730,99992,95113,97594,698.94829265
1760486400000,97591,97943,94781,95153,508.91863602
1760572800000,95159,96164,92000,92535,1191.98240689
1760659200000,92522,93456,88559,91443,1509.13104702
1760745600000,91458,92400,91376,92129,327.7772944
1760832000000,92118,94142,91146,93290,471.10669671
1760918400000,93239,95858,92225,94956,587.84318019
1761004800000,94964,98224,92444,93425,1140.56338825
1761091200000,93370,94057,91914,92696,930.60358248
1761177600000,92682,95867,92660,94777,605.64650611
1761264000000,94773,96329,94328,95496,542.4609687
1761350400000,95505,96242,95169,96008,246.40096485
1761436800000,95987,99172,95657,98459,462.90302423
1761523200000,98470,100075,97653,97909,458.52570233
1761609600000,97853,99635,96356,96940,428.56959588
1761696000000,96888,97735,94260,94852,675.25147758
1761782400000,94839,96132,91935,93635,735.8771531
1761868800000,93636,96347,93605,94886,655.23428954
1761955200000,94886,95735,94726,95269,225.68158892
1762041600000,95270,96286,94860,95856,442.72592427
1762128000000,95801,96022,91391,92488,955.12832008
1762214400000,92508,93200,86129,88380,1932.38066778
1762300800000,88377,91083,86100,90375,1012.29190406
1762387200000,90364,90599,86900,87724,764.77181207
1762473600000,87727,89962,85834,89267,946.7517081
1762560000000,89292,89339,87676,88400,407.36758908
1762646400000,88409,91233,87617,90656,589.02520983
1762732800000,90643,92242,90227,91663,755.26340407
1762819200000,91676,92989,88437,88945,810.36299844
1762905600000,88948,91000,87013,87723,556.98367604
1762992000000,87700,89793,84191,85693,1177.20494346
1763078400000,85701,85835,80811,81311,1748.94361465
1763164800000,81362,83250,81319,82273,550.56588439
1763251200000,82291,83144,79843,81028,957.57858559
1763337600000,81046,82790,78566,79357,1309.39926102
1763424000000,79378,81048,76850,80227,1316.13928782
1763510400000,80238,80238,76792,79275,1107.50755551
1763596800000,79266,80831,74560,75021,1517.22161184
1763683200000,74998,75782,70005,73907,3097.68970495
1763769600000,73934,74320,72550,73605,629.64557787
1763856000000,73598,76674,73543,75491,860.46997299
1763942400000,75441,77498,73949,76653,1146.49544261
1764028800000,76648,76883,74444,75544,761.80519412
1764115200000,75554,78232,74588,78019,762.55338287
1764201600000,78013,79475,77665,78772,596.32255187
1764288000000,78760,80519,77853,78433,683.77725439
1764374400000,78430,78717,77850,78381,133.59928075
1764460800000,78388,79403,77909,77928,249.21311601
1764547200000,77915,77968,72094,74353,1161.7477448
1764633600000,74342,79495,74266,78514,998.20521242
1764720000000,78510,80716,78235,80097,1016.45701588
1764806400000,80102,80693,78015,79096,519.54505016
1764892800000,79098,79584,75722,76834,676.99043213
1764979200000,76811,77624,76473,76761,213.21077308
1765065600000,76759,78880,75411,77697,453.93438661
1765152000000,77631,79217,77145,77912,526.64737917
1765238400000,77888,81311,76888,79682,868.19855838
1765324800000,79660,80824,78603,78654,838.64452556
1765411200000,78621,79733,76027,78816,882.24094404
1765497600000,78834,79065,76344,76982,570.00654034
1765584000000,76983,77290,76523,76937,116.03398288
1765670400000,76938,77136,74661,75158,413.40122843
1765756800000,75166,76734,72525,73558,876.63980323
1765843200000,73558,74908,72570,74756,1009.00084214
1765929600000,74705,76899,72621,73412,922.30609897
1766016000000,73391,76142,72008,72900,1089.09823614
1766102400000,72907,76253,72579,75219,816.69059781
1766188800000,75222,75554,74913,75447,287.04226722
1766275200000,75464,76068,74800,75655,306.78298635
1766361600000,75695,77151,74778,75287,598.60930086
1766448000000,75244,75561,73538,74131,481.26303725
1766534400000,74145,74721,73319,74402,250.83342436
1766620800000,74397,75136,73774,74050,215.27487517
1766707200000,74005,75982,73520,74193,419.95004488
1766793600000,74196,74643,74100,74569,100.83942888
1766880000000,74597,74750,74131,74613,219.13515823
1766966400000,74633,76679,73739,74023,892.00265495
1767052800000,74017,75950,73682,75250,713.27977013
1767139200000,75228,75843,74092,74470,735.9524868
1767225600000,74470,75582,74343,75519,266.03771165
1767312000000,75519,77507,75059,76796,1111.21138024
1767398400000,76789,77451,76211,77385,307.87866054
1767484800000,77377,78364,77377,78200,365.18186256
1767571200000,78204,80891,78187,80157,1039.85627932
1767657600000,80150,80700,77966,80200,974.72459744
1767744000000,80196,80197,77582,78205,822.69451943
1767830400000,78199,78490,76521,78122,800.35601524
1767916800000,78117,79066,76960,77846,790.2523483
1768003200000,77842,78035,77645,77788,94.16282495
1768089600000,77797,78384,77505,78210,225.75981536
1768176000000,78208,79268,77070,78186,829.4750285
1768262400000,78184,82841,78008,81892,1138.51051914
1768348800000,81892,84147,81068,83273,1075.77816697
1768435200000,83268,83703,81700,82352,677.46310394
1768521600000,82316,82578,81325,82352,476.79214213
1768608000000,82379,82480,81919,82097,124.74186239
1768694400000,82075,82434,80257,80588,248.3039317
1768780800000,80569,80579,78956,79538,732.41474063
1768867200000,79535,79756,74879,75325,1838.18307274
1768953600000,75319,77395,74472,76592,1828.15955427
1769040000000,76591,77289,75414,76135,881.9979876
1769126400000,76142,77325,75301,75721,880.27756324
1769212800000,75722,75980,75330,75377,120.31247822
1769299200000,75373,75463,72365,73017,965.65213391
1769385600000,73013,74784,72890,74340,964.79081183
1769472000000,74345,74840,72800,74143,1125.80096544
1769558400000,74143,75800,73964,74453,1640.338428
1769644800000,74453,74535,69609,70645,1756.13569602
1769731200000,70647,71199,67892,71003,2018.22364458
1769817600000,71000,71020,63922,66559,2137.72398317
1769904000000,66556,67136,63902,64920,1487.55492748
1769990400000,64920,67240,62810,66706,1968.05758844
1770076800000,66721,67050,61716,64061,2097.47558039
1770163200000,64053,65060,60755,61890,1849.49329136
1770249600000,61870,62003,52773,53342,4758.37563813
1770336000000,53344,60817,50941,59821,3128.48025152
1770422400000,59802,60749,57050,58810,1110.62702344
1770508800000,58733,61244,58417,59581,822.34659952
1770595200000,59537,60456,57350,58919,1146.87366598
1770681600000,58941,59218,56908,57890,934.05005673
1770768000000,57896,58233,55421,56492,1942.85392153
1770854400000,56476,57563,54900,55817,1333.46745153
1770940800000,55800,58528,55490,58006,1484.65705114
1771027200000,58002,59550,57933,58914,793.37973947
1771113600000,58921,59949,57355,58007,1229.07310039
1771200000000,57998,59163,56789,58143,691.66026274
1771286400000,58154,58458,56428,56964,787.07491582
1771372800000,56958,57872,55875,56386,937.16806618
1771459200000,56380,57078,55860,56905,1118.15836532
1771545600000,56917,58063,56448,57688,2032.82277562
1771632000000,57691,58308,57284,57690,430.58686054
1771718400000,57689,57934,57014,57143,424.87092848
1771804800000,57152,57197,54185,54815,1904.00149956
1771891200000,54812,55126,53082,54401,1431.49256822
1771977600000,54414,59290,54272,57547,2310.21533665
1772064000000,57524,58287,56402,57186,1511.93940559
1772150400000,57182,57800,55000,55812,1587.90816397
1772236800000,55818,57460,53443,56786,2203.72073945
1772323200000,56807,57795,55211,55947,2256.00988031
1772409600000,55960,60017,55788,58840,2497.94468685
1772496000000,58862,59536,57124,58873,2055.23236299
1772582400000,58874,63731,58121,62471,2979.39454309
1772668800000,62487,63410,60997,61101,1867.64680661
1772755200000,61119,61501,58448,58692,1641.99329278
1772841600000,58685,59060,57712,58015,377.66887886
1772928000000,58029,58836,56877,57301,1044.03763941
1773014400000,57291,60122,57178,58932,1693.45742268
1773100800000,58917,61864,58901,60282,1830.12481664
1773187200000,60278,61647,59508,60819,1428.17716537
1773273600000,60842,61431,59994,61228,1137.72235092
1773360000000,61220,64432,61098,62130,1883.77409988
1773446400000,62102,62497,61628,62468,404.05332396
1773532800000,62459,64065,62167,63709,599.24796537
1773619200000,63711,65179,63182,65142,1548.86928811
1773705600000,65142,66159,63691,64086,1288.93623197
1773792000000,64090,64791,61494,62177,1334.75640398
1773878400000,62166,62400,59805,60411,1547.1091234
1773964800000,60397,61687,60034,60944,998.17457136
1774051200000,60945,61455,59112,59602,287.56888624
1774137600000,59603,60208,58384,58700,670.76262004
1774224000000,58710,62500,58438,61089,2957.90615969
1774310400000,61073,61538,59555,60742,1230.31504184
1774396800000,60751,62116,60654,61677,796.31096294
1774483200000,61683,61800,59086,59653,843.2216032
1774569600000,59661,59936,56941,57692,1116.0228753
1774656000000,57689,58507,57271,57700,402.77600806
1774742400000,57694,58356,56568,57435,422.4957804
1774828800000,57460,59320,57245,58244,692.478538
1774915200000,58283,59522,57512,58961,1135.77385978
1775001600000,58953,59825,58393,58779,808.45771535
1775088000000,58787,59215,57041,57991,659.24804953
1775174400000,58000,58441,57478,58150,199.00604842
1775260800000,58144,58650,57991,58450,126.98990027
1775347200000,58444,60049,57857,59965,212.9729609
1775433600000,59967,60941,59161,59666,526.2067913
1775520000000,59631,62299,58552,61527,660.74865894
1775606400000,61541,62236,60451,61003,532.33653688
1775692800000,60948,62532,60381,61442,483.56623808
1775779200000,61423,62648,61150,62270,496.26722928
1775865600000,62253,63044,61938,62353,218.60218591
1775952000000,62349,62446,60300,60630,400.11700434
1776038400000,60631,63706,60400,63250,560.92291216
1776124800000,63253,64487,62632,62894,763.34835252
1776211200000,62873,63926,62388,63398,414.28648332
1776297600000,63386,64160,62287,63806,401.22483703
1776384000000,63805,66404,63282,65541,928.76505572
1776470400000,65525,65833,64150,64397,366.80878687
1776556800000,64394,64938,62890,62922,345.57921092
1776643200000,62889,65000,62862,64387,433.0481129
1776729600000,64385,65468,63843,65004,458.00729061
1776816000000,65019,67855,64865,66800,782.00217177
1776902400000,66803,67853,65949,66992,503.39009755
1776988800000,67016,67226,65957,66105,297.84704408
1777075200000,66107,66512,65893,66309,132.61538534
1777161600000,66296,67500,66150,67205,179.27982109
1777248000000,67225,67829,65224,66016,387.12954823
1777334400000,66015,66111,64687,65158,288.3930487
1777420800000,65141,66568,64200,64850,477.64045925
1777507200000,64863,65617,64589,65075,213.96425542
1777593600000,65066,67127,65066,66744,373.03984241
1777680000000,66751,67546,66574,67114,144.60668884
1777766400000,67112,67700,66602,66975,212.60295939
1777852800000,66932,69058,66750,68287,714.14418915
1777939200000,68297,69950,68253,69067,482.04090453
1778025600000,69038,70309,68915,69337,542.87533416
1778112000000,69328,69495,67650,68206,434.19585157
1778198400000,68226,68599,67495,68064,264.50452265
1778284800000,68073,68812,67996,68492,143.08873293
1778371200000,68478,70077,68191,69843,255.27590364
1778457600000,69861,69993,68269,69391,315.63608878
1778544000000,69388,69442,68069,68596,273.39151153
1778630400000,68591,69478,67194,67693,399.6180023
1778716800000,67685,70232,67362,69515,567.13317027
1778803200000,69520,70031,67641,68042,515.47444955
1778889600000,68045,68154,66841,67261,264.12825926
1778976000000,67280,67654,66051,66683,187.75202713
1779062400000,66681,66722,65307,66037,641.38933247
1779148800000,66029,66449,65617,66133,250.43327397
1779235200000,66141,66993,65876,66669,274.18636323
1779321600000,66674,67281,66209,66771,268.48664653
1779408000000,66785,67006,64922,65075,312.17047745
1779494400000,65090,66653,64000,66053,473.69108998
1779580800000,66068,66730,65350,66136,241.98743145
1779667200000,66162,66835,66015,66398,183.74947452
1779753600000,66396,67108,64965,65169,363.70206422
1779840000000,65165,65314,63779,63990,382.66729864
1779926400000,63983,64096,62232,63109,578.26689771
1780012800000,63151,63640,62001,62944,443.05933157
1780099200000,62972,63505,62731,63274,92.73827401
1780185600000,63288,63627,62874,63172,132.22465285
1780272000000,63174,63530,60756,61322,678.46485636
1780358400000,61304,61304,56900,57386,1465.20637436
1780444800000,57385,58176,55156,55189,1152.78286405
1780531200000,55192,55785,53000,54974,1931.95659187
1780617600000,54944,55045,51310,53032,2285.11159312
1780704000000,53039,53437,51710,52935,693.21789814
1780790400000,52927,56252,52813,54979,1019.17222994
1780876800000,55000,55639,54141,54741,762.40274048
1780963200000,54728,55015,52676,53505,862.91550069
1781049600000,53513,54409,52553,53306,752.86993676
1781136000000,53298,55195,53298,54917,697.11791364
1781222400000,54930,55599,54267,54959,536.41638298
1781308800000,54963,56010,54824,55741,295.24988241
1781395200000,55738,56699,55091,56660,481.34862108
1781481600000,56659,57998,56359,57197,815.04448322
1781568000000,57182,57714,56363,56524,499.79621398
1781654400000,56524,57283,55539,56017,754.22450336
1781740800000,56027,56218,54221,54895,596.42894295
1781827200000,54896,55465,54330,55371,419.37465436
1781913600000,55362,56100,55071,56040,213.58805447
1782000000000,56025,56267,55162,55189,174.2691488
1782086400000,55184,57373,55184,55983,517.59229185
1782172800000,55976,56211,54250,55073,440.56530484
1782259200000,55071,55680,52022,53718,1322.28817146
1782345600000,53729,54499,51087,52562,1238.43044189
1782432000000,52573,53305,51189,52729,906.4390541
1782518400000,52717,53428,52510,52655,321.06426701
1782604800000,52669,53125,51666,52256,317.81242555
1782691200000,52261,53218,51644,52691,698.63124912
1782777600000,52693,52703,50866,51303,992.10086578
1782864000000,51303,53836,50650,52702,1000.92521808
1782950400000,52709,54247,52321,53837,873.40208797
1783036800000,53835,55010,53498,54686,441.07661449
1783123200000,54687,55486,54470,55202,291.62949073
1783209600000,55211,55928,54591,55606,307.77522006
1783296000000,55601,56507,53650,55947,777.52949558
1783382400000,55950,56219,54805,55543,534.72251188
1783468800000,55569,55834,53944,54515,563.57789324
1783555200000,54511,55499,53967,55286,580.00471179
1783641600000,55278,56620,55010,56190,487.76613484
1783728000000,56176,56492,55894,55911,157.44322169
1783814400000,55891,56315,55741,55907,176.51423261
1783900800000,55905,56478,54250,54714,585.45079886
1783987200000,54724,56980,54656,56893,676.62428731
1784073600000,56886,57337,56337,56436,423.33099579
1784160000000,56445,56665,55671,55741,341.64722723
1784246400000,55740,56275,54665,55878,480.21678176
1784332800000,55887,56707,55840,56678,167.82290693
1784419200000,56684,56781,56189,56624,212.82449377
1784505600000,56586,57597,55665,57121,595.65027842
1784592000000,57086,58636,57038,58337,593.89234321
1784678400000,58354,58496,57400,57918,375.67312528
1784764800000,57914,58077,56812,57181,362.99432071
1784851200000,57196,57742,55979,56394,497.459509
1784937600000,56392,56662,56069,56581,110.23095183
1785024000000,56579,57512,56515,57335,219.20878795
1785110400000,57349,57685,55917,56042,416.74480105
1785196800000,56042,56186,55124,56075,448.06192475
1785283200000,56072,56760,55132,55736,511.88049655
1785369600000,55746,56585,55448,56167,270.15908949
1785456000000,56180,56746,54250,54502,532.09944067
1785542400000,54508,54744,54009,54482,194.91143651
1785628800000,54481,55185,54468,55017,279.87410176
1785715200000,55017,55643,54000,55150,484.00286068
1785801600000,55129,55932,54963,55543,353.80880338
1785888000000,55531,56260,55270,55897,369.00498426
1785974400000,55900,56308,55561,55768,233.32031704
1786060800000,55784,56635,55636,56149,329.62815552
1786147200000,56142,56379,56050,56180,91.73971968
1786233600000,56175,56611,55990,56133,135.34282881
1786320000000,56110,56541,55230,55364,344.42929628
1786406400000,55363,55851,54740,55047,301.06480212
1786492800000,55032,55786,54812,55018,309.18522739
1786579200000,55008,55479,54465,54999,333.52119238
1786665600000,55015,55106,53967,54440,330.75088238
1786752000000,54458,54585,54350,54508,68.65717587
1786838400000,54508,54763,54155,54302,101.90479249
1786924800000,54299,55764,54112,55664,345.6672856
1787011200000,55669,56108,55248,55879,274.86220117
1787097600000,55886,59999,55330,59350,1425.73336242
1787184000000,59345,62797,58976,62460,1228.15805706
1787270400000,62516,67950,62498,66998,1833.26668482
1787356800000,66999,67417,64749,65788,677.44557447
1787443200000,65788,66077,65555,65592,35.77206896
