timestamp_ms,open,high,low,close,volume
1552003200000,121.11,122.86,115.7,118.3,80.16524995
1552089600000,121.41,122.38,120.8,121.34,58.50346513
1552176000000,121.25,121.37,119.04,120.41,67.9555196
1552262400000,120.26,120.26,116.54,117.89,83.82846091
1552348800000,117.14,118.81,115,117.52,147.84132201
1552435200000,117.53,117.53,115.39,115.7,143.32350496
1552521600000,116.22,118.93,114.05,116.14,152.66030123
1552608000000,117.18,120.5,117.01,119.84,197.40051814
1552694400000,120.19,125.91,119.78,124.05,369.28961254
1552780800000,121.49,123.17,120.9,122.25,129.04108449
1552867200000,121.9,124.48,120.4,121.25,260.87276928
1552953600000,121.35,121.63,120.51,121.18,99.09805877
1553040000000,121.64,121.98,120.14,121.4,67.92623905
1553126400000,121.43,121.81,118.02,118.72,471.94940654
1553212800000,118.5,121.5,118.46,120.31,137.54078502
1553299200000,120.05,121.6,119.93,120.66,126.54473409
1553385600000,120.53,120.67,119.24,120,169.01527663
1553472000000,119.81,120.04,116.12,117.92,380.47763719
1553558400000,118.04,118.64,116.74,118.21,171.19297401
1553644800000,118.65,124.04,118.65,123.75,289.96969684
1553731200000,123.31,123.31,122.02,122.37,98.85659597
1553817600000,123.04,126.24,122.05,126.24,157.28652657
1553904000000,127.29,129.17,125.67,126.51,108.72520347
1553990400000,126.42,126.42,124.9,125.48,73.29529878
1554076800000,126.79,126.85,124.71,126.24,155.02592687
1554163200000,126,148.79,125.96,146.92,714.94873069
1554249600000,147.85,159.06,135.87,142.95,1077.61418912
1554336000000,141.36,146.01,136.81,140.82,703.20381594
1554422400000,141.12,149.48,139.63,147.14,410.11515682
1554508800000,146.9,154.49,143.3,147.31,399.49340158
1554595200000,147.94,157.5,147.05,155.44,243.42545512
1554681600000,158,165.13,155.52,159.83,854.03679971
1554768000000,159.62,159.75,155.32,156.33,451.53345634
1554854400000,156.07,163.86,153,157.81,383.43804537
1554940800000,157.92,157.95,142.59,146.75,716.71601579
1555027200000,144.5,147.39,143.67,146.02,80.90326594
1555113600000,145.86,146.72,144.25,145.19,55.35637159
1555200000000,144.69,149,143.82,148.76,72.14741177
1555286400000,148.99,149.63,138.69,142.22,254.87690386
1555372800000,142.86,148.4,142.51,147.84,244.08913054
1555459200000,147.31,148.16,145.9,147.57,118.40204911
1555545600000,147.45,156.73,147.45,154.59,389.69187513
1555632000000,154,154.93,152.2,154.74,230.2671203
1555718400000,154.9,157.09,152.52,153.45,80.11800395
1555804800000,153.47,154.05,148.7,151.34,128.72306398
1555891200000,151.32,154.01,150.16,153.25,93.35035103
1555977600000,154.5,157.29,152.59,152.6,207.95485826
1556064000000,150.72,152.29,143.95,148.77,166.37742238
1556150400000,148.48,148.61,133.6,137.08,150.17933593
1556236800000,134.26,138.75,134.26,137.23,252.13739563
1556323200000,137.21,142.32,137.21,140.47,134.46034232
1556409600000,140.44,140.56,137.71,137.9,98.29826603
1556496000000,138.27,138.5,134.67,136.7,209.79969082
1556582400000,137.93,143.24,137.85,143,290.21823326
1556668800000,144.64,144.64,140.1,141.53,193.65477342
1556755200000,141.06,143.47,139.72,142.42,209.50700423
1556841600000,142.27,149.85,142.09,147.11,698.73334287
1556928000000,149.01,149.53,142.09,144.69,248.05873856
1557014400000,143.73,145.59,140.97,144.4,168.40366769
1557100800000,142.23,156.67,141.48,153.98,652.55597663
1557187200000,153.93,160,150,150,381.52893485
1557273600000,147.62,152.56,147.62,151.6,301.22145769
1557360000000,150.86,152.99,147.45,151.47,293.57114323
1557446400000,151.45,156.49,149.99,153.34,330.80674477
1557532800000,154.31,177.35,154.31,168.98,1122.5519025
1557619200000,168.34,181.1,162.31,169.18,740.6968462
1557705600000,169.18,183.5,168.91,174.07,1288.69338654
1557792000000,174.21,195.63,174.21,195.63,1287.32679042
1557878400000,198.59,223.34,194.23,222.09,1772.70906254
1557964800000,222.01,248.63,217.2,236.58,2587.96112626
1558051200000,239.36,239.36,200.7,219.46,1444.25586236
1558137600000,219.46,223.11,209.36,210.71,570.0811698
1558224000000,210.87,236.48,210.87,234.41,1159.56276568
1558310400000,231.33,231.33,214.55,226.74,693.1566997
1558396800000,228.68,236.86,223.53,229.4,846.82790536
1558483200000,229.84,232.87,216.22,218.45,688.18490686
1558569600000,217.69,221.92,208.35,219.38,652.70199823
1558656000000,219.57,228.5,217.2,221.17,521.99482607
1558742400000,223.01,230.81,223.01,225.98,291.84801293
1558828800000,225.45,242.27,220.99,239.97,594.03872049
1558915200000,241.68,249.29,236.87,245.01,640.10082495
1559001600000,243.57,247.43,237.62,242.99,476.42025428
1559088000000,242.16,245.98,234.6,241.54,429.23076855
1559174400000,241.42,258.51,216.14,229.12,901.43547773
1559260800000,229.77,236,222.48,235.77,765.43164704
1559347200000,235.77,244.3,235.72,237.44,485.76484025
1559433600000,238.14,244.79,238.14,242.39,422.88402217
1559520000000,238.63,241.09,221.37,223.02,396.55537442
1559606400000,219.21,223.49,208.73,213.26,1419.66335553
1559692800000,215.3,221.25,211.86,219.36,848.10816409
1559779200000,218.65,222,209.48,222,475.95996655
1559865600000,221.46,224.45,217.31,221.54,489.00858966
1559952000000,219.95,220.98,214.42,216.37,291.35358273
1560038400000,216.55,216.61,201.82,205.47,295.73963252
1560124800000,203.57,219.2,202.84,219.2,555.85050345
1560211200000,219.56,219.56,211.13,216.46,439.10005195
1560297600000,216.27,232.37,215.42,232.37,524.10266863
1560384000000,232.5,232.72,226.59,226.59,535.4647528
1560470400000,227.42,236.37,224.72,236.37,584.78995933
1560556800000,234.39,243.02,233.88,239.95,486.51602411
1560643200000,238.8,248.78,234.74,241.51,618.45775575
1560729600000,241.1,245.22,238.6,244.2,569.7080543
1560816000000,243.47,243.47,233.52,234.2,598.07105525
1560902400000,235.83,241,235.83,239.35,196.78262717
1560988800000,239.39,243.17,236.47,240.98,375.93631902
1561075200000,242.77,260.07,242.77,260.07,1034.21179483
1561161600000,259.48,277.09,257.59,271.76,714.85927499
1561248000000,272,278.88,267.38,268.51,511.0648008
1561334400000,267.85,274.09,265,272,443.41455739
1561420800000,272.03,279,269.9,279,633.66660565
1561507200000,278.57,314.53,277.03,288.1,1760.7196676
1561593600000,287.49,292.22,244,257.6,1389.10185878
1561680000000,259.74,275,256.12,272.03,863.17861635
1561766400000,271.25,284.62,257.03,280.1,957.75282879
1561852800000,282.66,282.66,255.01,255.01,698.97014257
1561939200000,257.99,263.27,247.24,260.49,428.71847936
1562025600000,259.19,262,240.24,258.05,702.25230919
1562112000000,260,268.43,257.72,268.43,583.23104853
1562198400000,268.36,268.36,250,251.69,237.51533324
1562284800000,251.89,262.93,251.51,256.41,323.78687251
1562371200000,260.17,264.97,254.66,255.88,239.60148076
1562457600000,255.44,276.53,254.54,271.91,600.45963059
1562544000000,273.51,280.9,270.86,279.5,279.16589326
1562630400000,279.7,283.97,271.37,275.82,474.8496111
1562716800000,277.45,280.47,250.62,256.85,734.73192597
1562803200000,254.89,254.89,234.37,238.46,709.12842567
1562889600000,242.26,247.9,237.98,244.6,447.61657964
1562976000000,244.49,244.49,233.06,239.24,163.09601451
1563062400000,239.55,239.55,205.3,208.55,507.44761318
1563148800000,205,209.08,182.1,207.18,736.20967762
1563235200000,205.39,206.29,171.48,178.85,931.63298998
1563321600000,178.64,195.1,173.03,188.09,621.95404811
1563408000000,188.15,203.51,184.7,200.76,547.81601541
1563494400000,200.79,200.87,191.72,196.64,338.80894852
1563580800000,198.09,210,198.09,207,545.09475879
1563667200000,203.3,204.08,195.27,201.92,367.18011001
1563753600000,200.9,202.01,192,193.61,226.64678344
1563840000000,192.19,196.43,188.02,194.05,105.76070813
1563926400000,194.06,195.44,182.55,193.79,375.58634319
1564012800000,195,201.97,195,197.61,186.72185384
1564099200000,196.54,197.93,191.92,197.46,198.23076508
1564185600000,196.95,200.09,183,185.6,184.27245058
1564272000000,186.29,189.09,180,189,149.15340385
1564358400000,188.48,192.09,187.04,188.67,155.82512115
1564444800000,188.42,191.77,185.27,188.18,328.75958664
1564531200000,190.48,196.63,189.3,196.63,324.75622906
1564617600000,193.06,196.44,192.2,195.99,190.30835281
1564704000000,195.7,200.62,193.6,195.62,276.08966933
1564790400000,195.43,200.83,195.43,199.17,167.91017744
1564876800000,200.06,200.77,195.71,200.11,200.77278547
1564963200000,201.2,211.64,201.2,206.44,342.90550932
1565049600000,206.8,213.89,198.7,200.52,498.07096516
1565136000000,202.44,204.96,198.5,201.39,71.35114626
1565222400000,200.83,201.94,193.78,196.82,328.55229542
1565308800000,196.86,196.96,185.7,186.52,411.40296336
1565395200000,190.27,190.28,181.07,184.59,253.87539361
1565481600000,184.39,193,184.39,191.35,162.75079317
1565568000000,192.03,192.03,188.01,189.04,124.99223507
1565654400000,187.9,188.2,182.36,185.55,567.59747134
1565740800000,186.2,186.26,167.3,167.77,361.68834295
1565827200000,169.13,169.73,156.83,169.21,601.81448772
1565913600000,168.91,169.22,161.57,167.65,448.72522743
1566000000000,167.16,168.23,164.63,167.52,220.75320148
1566086400000,167.8,178.3,166.06,175.62,345.26701713
1566172800000,175.39,183.33,175.39,183.1,386.47146816
1566259200000,182.19,182.19,176.3,178.56,208.12675778
1566345600000,175,175.27,163.43,168.52,314.11939144
1566432000000,168.82,175.84,165.29,173.64,434.44511789
1566518400000,172.3,177.21,172.3,174.36,260.13334467
1566604800000,173.62,173.87,169,171.42,115.01309046
1566691200000,171.4,172.6,165.1,166.94,107.68303988
1566777600000,167.76,172.96,167.58,169.97,373.9052873
1566864000000,168.89,170.19,166.88,167.87,173.7997105
1566950400000,167.85,169.75,150.36,157.13,366.95745582
1567036800000,155.99,156.7,149.9,153.09,431.99214067
1567123200000,152.21,154.84,150.95,153.76,135.28613978
1567209600000,153.47,158.8,151.85,157.07,79.90375725
1567296000000,156.79,157.39,154.03,155.87,112.89213351
1567382400000,155.61,164.85,155.61,163.05,216.13092749
1567468800000,163.51,166.88,160.67,163.46,161.43505104
1567555200000,163.89,163.89,159.16,159.51,290.57494171
1567641600000,158.35,159,155,158.65,228.99404448
1567728000000,157.25,161.54,152.16,153.51,162.26107846
1567814400000,153.26,163.79,153.26,161.74,454.27282423
1567900800000,162.34,166.32,162.05,163.38,597.7802705
1567987200000,164.31,168.3,160.34,164.1,336.93468436
1568073600000,164.18,166.62,161,162.22,630.69341528
1568160000000,162.73,164.42,159.5,161.71,496.88956098
1568246400000,161.8,164.6,160.71,164,252.20013832
1568332800000,163.82,163.86,160.74,163.86,391.37877693
1568419200000,163.8,170.45,162.79,169.78,183.81447792
1568505600000,170.89,171.63,169.41,171.04,340.58789481
1568592000000,171.52,181.22,171.52,179.15,982.93708005
1568678400000,180.47,194.19,179.02,189.14,1927.59945389
1568764800000,187.82,196.37,187.82,191.1,1436.5747276
1568851200000,189.5,202.89,184.18,201.04,1997.66191498
1568937600000,198.64,199.86,194.1,198.41,772.64057333
1569024000000,197.93,200.7,194.73,195.94,251.63775568
1569110400000,193.75,194.19,187.46,191.53,423.09599264
1569196800000,191.45,192.44,181.02,183.35,321.96529205
1569283200000,182.75,184.1,141.67,152.75,1791.15556546
1569369600000,154.55,157.67,148,155.72,654.65282457
1569456000000,153.93,156.61,138.5,152.37,506.53547035
1569542400000,152.42,161.88,147.97,159.1,532.32567847
1569628800000,159.44,160.67,154.41,158.66,397.49739387
1569715200000,159.44,159.44,150.9,155.3,220.70973767
1569801600000,154.9,166,151.35,166,728.69153793
1569888000000,166.53,169.81,159.47,161.58,1197.68397166
1569974400000,161.03,165.08,159.09,165.08,242.62347562
1570060800000,164.55,164.55,154.75,159.73,325.77488036
1570147200000,157.87,163.07,156.46,160.66,469.04194213
1570233600000,159.94,161.29,157.56,160.46,125.49663896
1570320000000,160.99,160.99,153.57,154.43,211.93845343
1570406400000,155.03,166.25,154.65,164.68,637.47897014
1570492800000,164.92,168,162.1,164.54,711.16878233
1570579200000,165.17,177.49,163.91,176.13,691.58300817
1570665600000,176.02,176.59,170.96,174.2,463.16127109
1570752000000,173.62,178.1,163.34,164.79,536.39338857
1570838400000,164.18,167.33,162.26,163.87,187.39999397
1570924800000,162.98,167.42,162.82,164.42,290.77747721
1571011200000,164.07,169.94,164.07,169.21,440.57299834
1571097600000,170.12,170.19,161.65,163.63,328.81859986
1571184000000,164.3,164.3,156.21,158.3,239.2019588
1571270400000,157.16,160.93,156.93,159.57,172.06358933
1571356800000,158.81,158.94,152.5,155.3,216.13332029
1571443200000,154.75,156.63,153.09,153.25,145.14191808
1571529600000,153.22,158.28,152.51,157.06,196.95880916
1571616000000,156.89,158.92,154.58,156.51,145.75217921
1571702400000,156.01,157.05,153.69,153.93,153.97577385
1571788800000,154.1,154.1,139,145.9,580.45429099
1571875200000,146.3,147.62,143.66,144.87,255.3208918
1571961600000,145.11,168.18,145.03,163.44,810.54119298
1572048000000,165,177.8,156.76,160.19,677.6916559
1572134400000,161.97,169.72,160.28,165.48,332.42457868
1572220800000,168.34,170,163.14,164.54,290.49166472
1572307200000,164.32,173.51,164.14,172.14,387.02908548
1572393600000,172.28,172.28,162.49,164.24,259.32963396
1572480000000,165.19,165.86,159.88,162.79,231.65036249
1572566400000,163.06,165.56,160.11,164.21,174.10474136
1572652800000,164.9,166,163.06,163.71,96.2948085
1572739200000,164.01,165.21,160.81,163.34,156.72238595
1572825600000,162.54,169.48,161.95,167.34,181.47510795
1572912000000,166.37,173.01,164.72,170.85,375.51136343
1572998400000,169.9,175.48,169.56,173.53,374.8806241
1573084800000,172.74,172.74,167.5,168.94,224.04718836
1573171200000,168.55,169.74,164.04,167.28,167.60106041
1573257600000,166.48,168.75,165.91,168.39,221.189209
1573344000000,167.93,173.18,166.8,171.57,164.67053798
1573430400000,171.71,172.04,167.01,167.45,258.45455701
1573516800000,167.14,170,165.89,169.88,199.36395427
1573603200000,169.22,171.89,168.13,170.12,107.84835351
1573689600000,170.63,170.63,166.63,168.07,197.91649674
1573776000000,167.57,168.56,160.76,162.7,188.14474106
1573862400000,162.7,165.99,162.7,164.97,99.88013184
1573948800000,164.83,168.29,163.86,166.85,157.26957391
1574035200000,165.88,166.01,158.15,161.17,585.38681472
1574121600000,160.04,160.13,155.9,158.45,836.03466361
1574208000000,158.66,160.23,156.6,157.42,295.73807319
1574294400000,157.1,158.19,142.8,145.61,732.09406988
1574380800000,145.74,146.39,126.2,136.3,1275.47401966
1574467200000,133.65,140.77,133.51,138.59,381.53181267
1574553600000,138.62,138.73,126.33,127.22,428.84913527
1574640000000,127.4,138.11,120.34,133.13,766.32450698
1574726400000,132.29,135.82,131,134.29,273.67622216
1574812800000,134.58,141.36,128.43,139.16,478.35677654
1574899200000,139.16,140.58,135.59,137.09,331.04855125
1574985600000,137.44,143.31,137.44,140.03,734.73843673
1575072000000,140.44,140.88,136.32,137.72,225.5103101
1575158400000,136.72,138.28,133.15,137.2,270.97837307
1575244800000,136.62,137.24,132.75,134.79,180.04997339
1575331200000,134.49,135.72,131.66,133.23,201.06616872
1575417600000,132.5,137.44,129.74,131.72,349.52615202
1575504000000,131.42,134.24,130.16,133.27,490.84345044
1575590400000,133.32,135.53,131.73,134.3,222.86094179
1575676800000,134.63,135.1,132.98,133.37,287.30531469
1575763200000,133.18,137.69,133,136.61,344.00658874
1575849600000,136.16,136.87,132.42,133.07,259.71791349
1575936000000,133.06,133.43,129.99,131.29,214.27638667
1576022400000,131.38,131.84,128.01,128.81,178.39340286
1576108800000,128.59,130.76,126.13,129.34,243.9077342
1576195200000,129.16,130.42,128.41,129.98,145.08127701
1576281600000,130.18,130.33,127.02,127.5,129.52500346
1576368000000,127.27,128.97,126.16,128.01,93.78966616
1576454400000,127.94,127.94,116.68,118.91,558.92792688
1576540800000,119.15,119.45,107.67,109.32,879.01477931
1576627200000,109.16,119.86,104.79,119.78,740.52249213
1576713600000,119.76,120.69,113.13,115.16,437.68420052
1576800000000,114.42,116.57,113.5,115.9,224.94411353
1576886400000,116.04,116.04,114.18,114.81,695.50530518
1576972800000,114.89,120.12,114.59,119.44,208.71964937
1577059200000,119.75,121.92,114.07,115.61,387.94870103
1577145600000,115.29,116.8,114.68,115.28,241.16745341
1577232000000,114.61,114.61,111.38,112.67,181.28336173
1577318400000,112.09,118.38,111.95,113.07,199.38762625
1577404800000,113.01,113.41,110.11,113.04,950.7006679
1577491200000,112.97,115.54,112.97,114.5,436.73093272
1577577600000,114.43,122.64,114.12,120.36,623.6919526
1577664000000,119.74,120.88,116.08,117.24,831.26271525
1577750400000,116.65,118.54,114.16,114.78,297.94730903
1577836800000,114.71,118.3,114.7,115.83,174.86321175
1577923200000,115.71,116,113.05,113.66,344.64654485
1578009600000,113.5,120.47,112.67,119.68,650.49802166
1578096000000,120.22,120.72,118.73,120.04,380.72746292
1578182400000,120.69,123.71,120.27,121,361.69613689
1578268800000,121.2,128.95,120.87,128.84,730.02892618
1578355200000,129.11,130,125.3,128.74,675.26959127
1578441600000,128.4,132.69,121.59,127.04,560.31958226
1578528000000,125.86,126.58,122.14,123.83,1191.0200275
1578614400000,124.21,130.05,122.07,130.05,368.63748521
1578700800000,130.2,132.99,127.81,128.09,1321.65996101
1578787200000,128,131.59,127.46,131.59,382.36016815
1578873600000,131.73,131.75,128.05,129.19,513.7389873
1578960000000,129.34,152.08,129.34,149.15,2246.49607074
1579046400000,147.06,153.98,143.37,149.08,1477.2488959
1579132800000,149.8,149.8,142.1,147.3,675.85048015
1579219200000,145.9,156.45,145.9,154.13,1898.11147197
1579305600000,152.64,161.36,149.22,156.62,1355.41722778
1579392000000,156.88,160,146.32,150.37,1310.2145273
1579478400000,150.72,152.59,145.26,150.36,883.23558756
1579564800000,150.28,153.02,148.72,152.71,867.99951029
1579651200000,152.84,154.6,149.64,151.12,641.44239559
1579737600000,151.35,151.35,144,146.71,663.54095444
1579824000000,146.96,148.83,141.01,147.23,813.99674578
1579910400000,147.14,147.48,143.65,145.54,446.95932997
1579996800000,144.68,152.06,144.68,151.84,570.27538174
1580083200000,152.11,155.63,149.71,154.03,1015.91024092
1580169600000,154.44,159.7,154.11,159.47,1065.13311615
1580256000000,158.73,161.98,157.46,157.46,994.5547461
1580342400000,156.74,169.05,155.2,167.03,1318.77902699
1580428800000,167.64,167.64,158.5,162.88,940.46340902
1580515200000,161.35,165.77,161.27,165.13,591.05606078
1580601600000,164.84,174.09,162.17,169.91,1305.73213867
1580688000000,169.28,175.72,169.01,170.64,1045.97550944
1580774400000,172.48,172.62,167.05,170.54,1426.99210291
1580860800000,170.51,188.78,170.32,185.03,1647.80444835
1580947200000,185.49,196.66,182.61,194,1732.72792808
1581033600000,194.5,205,194.5,204.61,2973.56966117
1581120000000,204.01,207.91,196.08,204.44,1783.62033686
1581206400000,204.96,210.65,204.74,209,1694.81085484
1581292800000,209,209.35,198.16,205.05,2328.04487009
1581379200000,204,219.57,199.93,217.56,2278.13393218
1581465600000,218.08,253.66,217.53,245.29,5797.79551921
1581552000000,244.3,256.48,225,247.8,4852.89415604
1581638400000,248.03,264.3,240.3,264.17,3997.93318285
1581724800000,264.52,266.71,242.36,243.8,3643.06164418
1581811200000,244.6,253.26,200,241.76,4055.56548383
1581897600000,239.14,247.39,218,247.19,4400.65729743
1581984000000,247.46,265,240.18,261.61,4479.42757192
1582070400000,260.92,265.8,232.89,239.85,2509.99905082
1582156800000,238.5,243.95,228.72,238.6,2455.4558106
1582243200000,239.09,247.5,236.51,244.37,1472.30898569
1582329600000,244.57,245.5,237.41,242,680.87234563
1582416000000,242.01,254.63,242.01,254.59,800.06031621
1582502400000,253.11,256,237,245.28,1543.59524571
1582588800000,244.3,245.27,224,228,2281.77543039
1582675200000,226,229.5,196.61,205.92,4897.12004559
1582761600000,205.3,217.82,194.28,205.36,3648.07211273
1582848000000,208.4,212.05,195,206.2,2853.38315685
1582934400000,207.47,211.24,198,198,1294.62206863
1583020800000,198.01,206.87,192.71,197.47,1940.77069637
1583107200000,195.55,210.58,195.55,207.59,2175.04856368
1583193600000,206,209.5,197.57,200.66,1652.93841245
1583280000000,200.24,205.01,198.5,201.42,994.56824451
1583366400000,201.98,209.3,201.98,203.74,1823.52366906
1583452800000,204.67,217.7,204.21,217.7,1184.49609419
1583539200000,217.71,223.54,209.92,210.57,1608.27129802
1583625600000,209.87,209.87,173.5,175.5,3481.19829528
1583712000000,177.8,183.27,166.19,176.09,4223.86152673
1583798400000,178.05,181.53,172.65,176.97,2394.25110576
1583884800000,177.93,178.82,161.49,172.78,1808.42906003
1583971200000,172.54,172.54,92.342,97.486,10274.55193823
1584057600000,98.039,128,81,122.63,11684.02352877
1584144000000,121.73,122.47,109.41,110.56,3101.41581387
1584230400000,111.12,120.35,108.83,111.31,4038.68458473
1584316800000,109.19,111.29,91.192,99.676,7223.49489276
1584403200000,99.966,109.74,98.556,106.28,5483.02674611
1584489600000,105.71,108.47,101.11,108.46,3131.82566823
1584576000000,108.48,135,106.83,129.35,8904.74988492
1584662400000,129.52,143.09,110,124,9951.53914516
1584748800000,125.1,129.21,118.31,124.51,3350.31146015
1584835200000,124.39,128.43,114.02,114.9,3713.42421392
1584921600000,114.75,128.6,113,126.98,4193.84538629
1585008000000,127,133.33,123.71,129.62,3848.35912582
1585094400000,128.75,131.99,123.62,125.56,3166.2989696
1585180800000,126,127.3,122.09,125.82,1585.29535608
1585267200000,126.46,128.31,117.87,118.55,2265.15613426
1585353600000,117.98,120,113,118.35,3273.05596135
1585440000000,118.41,118.41,111.4,112.45,1333.7030779
1585526400000,112.25,122.75,111.87,120,2257.41626389
1585612800000,119.91,122.73,118.96,121.48,1270.75303409
1585699200000,121.17,124.94,118.2,124.36,1740.02341315
1585785600000,125.42,137.95,123.99,130.06,4498.68762532
1585872000000,130.18,136.12,128,131.25,4117.1496701
1585958400000,131.25,135.11,129.77,133.79,1864.59967342
1586044800000,134.33,134.93,130.76,132.29,1289.93841326
1586131200000,133.2,159.32,133.2,159.01,6913.96182039
1586217600000,158.69,163.49,148.65,151.07,5521.20987966
1586304000000,150.85,160.66,150.41,159.55,2895.48004392
1586390400000,159.61,159.83,152.52,156.01,2022.94949914
1586476800000,155.07,155.89,140,144.4,3422.52734191
1586563200000,145,147.88,141.35,145.57,1925.424431
1586649600000,145.65,151.76,142.96,145.79,2665.90985442
1586736000000,145.5,146.24,136.92,143.6,3037.52601169
1586822400000,143.74,147.9,142.95,144.69,1645.46406323
1586908800000,144.54,149.21,140.01,140.59,1769.87844481
1586995200000,140.22,160.95,136.75,159.08,5257.15319293
1587081600000,159,161,155.56,157.49,3033.82643986
1587168000000,158.3,174.83,158.06,172.92,5157.49724356
1587254400000,172.52,172.85,162.57,165.91,3933.22000179
1587340800000,165.5,171.5,154.04,157.26,6282.68647337
1587427200000,158.73,161.57,155.81,157.8,1401.05379357
1587513600000,157.71,170.69,157.01,169.27,5286.65710736
1587600000000,169.28,179.26,165.26,172.15,5995.58004673
1587686400000,172.18,176.86,171.59,173.77,2587.77019189
1587772800000,173.65,183.26,172.16,180,3046.96139477
1587859200000,179.9,184.61,178.29,182.87,4086.91707618
1587945600000,183.43,184.04,175.96,182.07,3761.21902144
1588032000000,181.57,183,178.7,181.9,1817.94681017
1588118400000,182.67,202.81,182.01,198.11,6770.49810323
1588204800000,198.05,209.49,185.48,188.17,9519.97887317
1588291200000,190.64,198.57,190.06,193.41,3342.63474893
1588377600000,192.87,196.06,192.05,195.18,2068.77471553
1588464000000,195.15,199.46,187.28,191.83,1492.25369924
1588550400000,191.9,192.42,178.94,189.63,3937.83524809
1588636800000,189.86,193.85,186.45,189.58,2433.42652567
1588723200000,189.92,195.64,184.27,184.64,3066.49623012
1588809600000,184,198.7,182.65,196.06,3379.76313214
1588896000000,196.17,199.68,191.43,195.69,2282.00861116
1588982400000,195.29,197.79,192.68,194.31,2274.45999126
1589068800000,194.01,194.01,167.02,173.84,6535.14183118
1589155200000,174.02,179.51,163.28,172.68,4256.9724533
1589241600000,172.13,177.48,171.91,175.34,1887.72465918
1589328000000,175.64,185.95,174.24,185.06,1978.7309407
1589414400000,185.01,190.84,181.39,188.39,3447.51571001
1589500800000,188.5,188.5,177.85,179.31,1620.54269957
1589587200000,178.81,188,178.81,185.63,1758.57611031
1589673600000,185.01,193.62,185.01,190.74,2229.7053391
1589760000000,192.51,199.87,191.92,196.89,2716.48164725
1589846400000,196.34,196.96,192.36,196.62,2343.51569985
1589932800000,196.61,196.73,188.4,191.57,1456.95457449
1590019200000,191.46,192.93,174.97,181.31,3582.93916701
1590105600000,181.23,192,179.52,190.51,3764.23546737
1590192000000,191.37,193.77,188.33,189.69,1729.39936963
1590278400000,189.52,193.23,183.67,183.83,2050.4196409
1590364800000,183.64,188.8,182.97,187.75,1345.91819536
1590451200000,187.77,187.94,179.91,183.05,1313.14630894
1590537600000,183.67,188.99,183.67,188.98,1789.77925721
1590624000000,188.99,198.76,186.34,197.93,2120.28547769
1590710400000,198.8,202.72,195.67,199.05,3069.34449392
1590796800000,197.55,221.81,197.46,218.64,4185.38455026
1590883200000,218.93,220.51,207.66,207.66,2682.08929143
1590969600000,208.51,224.62,208.14,222.19,2405.98342563
1591056000000,222.12,226.54,201.93,212.83,5837.6843653
1591142400000,212.5,217.99,209.29,217.62,1330.05248184
1591228800000,217.78,219.48,211.4,215.34,2536.60594943
1591315200000,214,218.49,212.13,213.31,2185.63692193
1591401600000,212.26,216.71,211.1,214.19,879.54866241
1591488000000,214.49,216.69,209.01,216.14,1606.50089993
1591574400000,216.68,218.59,214.18,217.74,1739.86591548
1591660800000,218.69,220.39,212,216.05,1990.08183189
1591747200000,215.36,219.5,213.38,217.83,2324.36769056
1591833600000,218.49,219.6,199.47,204.76,4078.07487156
1591920000000,203.56,211.66,202.35,211.17,1495.74257809
1592006400000,211.34,211.78,208.76,211.56,856.41514887
1592092800000,211.13,211.67,204.84,206.43,1200.55512584
1592179200000,206.07,206.45,194.26,204.41,3397.74253852
1592265600000,203.37,209.19,202.15,208.54,1497.8897773
1592352000000,208.68,210.96,203.35,208.14,1478.69446834
1592438400000,207.58,208,203.17,206.46,932.05227313
1592524800000,206.35,206.5,202.57,204.48,866.30389375
1592611200000,204.93,206.21,202.27,204.81,545.28295208
1592697600000,204.79,206.63,203.21,203.74,1045.73820409
1592784000000,203.49,218.86,203.49,215.69,2997.89784134
1592870400000,216.15,216.74,213.37,214.94,1079.81259396
1592956800000,215,219.9,205.27,208.46,2586.48832783
1593043200000,208.56,210.11,202.65,207.45,1357.62257095
1593129600000,206.87,207.99,203.25,204.71,1632.82101756
1593216000000,204.33,206.14,193.6,196.98,2310.36901755
1593302400000,197.05,203.19,194.91,200.3,1583.32685079
1593388800000,200.35,204.23,196.89,202.58,1250.97769414
1593475200000,202.54,203.38,199,201.04,643.23885496
1593561600000,200.86,207.03,199.87,205.46,1552.09592291
1593648000000,205.65,206.32,198.85,201.88,1404.76495596
1593734400000,201.28,203.51,200,200.7,889.05493036
1593820800000,200.68,205,200.38,203.9,1074.25660796
1593907200000,203.89,204.58,199.1,202.91,1011.80826276
1593993600000,202.97,214.04,201.83,214.04,2926.01235716
1594080000000,213.44,215.25,208.61,212.4,1529.29827172
1594166400000,212.71,219.81,211.37,218.2,3216.66181229
1594252800000,217.6,218.73,211.07,214.3,1827.88793444
1594339200000,214.2,214.2,210,213.62,1061.20463382
1594425600000,213.99,214.02,211.01,212.12,817.11457828
1594512000000,212.12,215.6,209.83,214.39,1382.75645989
1594598400000,215,216.48,209.54,211.09,2020.39215871
1594684800000,211.22,212.5,208.01,211.34,1706.77813923
1594771200000,210.85,211.2,207.85,209.25,1001.43893948
1594857600000,208.73,209.46,202.16,205.14,1634.22741086
1594944000000,205.22,205.61,203.6,203.88,961.93296479
1595030400000,203.69,207.45,203.55,206.64,786.24809371
1595116800000,206.69,209.85,204.54,209.35,672.4175326
1595203200000,209.82,209.82,205.09,206.44,1410.64918193
1595289600000,206.25,214.64,206.25,213.47,2235.35540185
1595376000000,213.01,233.75,210.14,228.64,3053.41397305
1595462400000,228.59,241.71,225.15,238.03,6596.25661141
1595548800000,237.71,247,231.32,240.31,5040.93043484
1595635200000,240.58,265.32,240.58,262.17,7199.39903239
1595721600000,262.38,273.81,258.43,264.4,7911.160504
1595808000000,264.4,283.25,263.51,274.05,10581.40079762
1595894400000,276.08,277.86,260.93,270.87,5894.54065853
1595980800000,270.83,277.16,267.08,269.98,3125.94286822
1596067200000,270,289,262,283.69,6126.33165034
1596153600000,283.88,296.72,277.71,294.7,5358.55580666
1596240000000,294.68,335.83,292.49,329.76,9841.98342367
1596326400000,330.62,352.79,219,316.27,12419.91323511
1596412800000,316.75,339.86,314.49,328.69,5206.51700717
1596499200000,330.96,342.22,325.34,330.19,4415.74973303
1596585600000,330.74,343.53,325.48,338.2,4801.33149642
1596672000000,337.8,340.04,329.88,332.97,2915.20698834
1596758400000,332.91,336.5,310,322.46,6839.49993326
1596844800000,321.33,336.5,320.77,336.5,3295.44157507
1596931200000,336.49,339.4,326.63,330.34,3199.05386677
1597017600000,332.27,339.59,329.3,336.66,4088.42516427
1597104000000,338,339.03,312.64,324.41,5196.66614038
1597190400000,323.1,330.84,312.97,328.84,3482.69260716
1597276800000,329.9,365.04,319.15,359.4,8299.8365273
1597363200000,359.93,379,354.39,369.93,6378.19132964
1597449600000,370.91,373.9,362.34,365.87,2881.89857627
1597536000000,366.3,369.53,349.31,366.35,3956.25766884
1597622400000,367,376,355.01,362.57,3758.83242053
1597708800000,363.22,365.57,350.1,353.92,3386.49690056
1597795200000,353.89,355.94,333.51,343.27,4144.45824521
1597881600000,346.75,354.34,340.85,350.98,2100.04861046
1597968000000,351.83,353.2,327.4,328.54,2711.5417869
1598054400000,328.48,337.02,323.3,336.38,1754.67192157
1598140800000,336.12,337.26,326.27,331.99,1097.35600121
1598227200000,331.56,348.28,329.62,346.42,2124.06873087
1598313600000,346.54,347.03,313.76,325.3,3369.04930954
1598400000000,323.34,333.01,320.42,326.48,2159.70641121
1598486400000,326.28,335.02,315.8,324.04,2234.05483084
1598572800000,324.98,334.74,322.51,332.67,1676.41912852
1598659200000,333.13,341.82,330.54,336.09,1570.22835917
1598745600000,335.79,360.96,335.79,360.01,3038.9532201
1598832000000,359.42,368.21,352.06,364.95,3127.72624724
1598918400000,363.96,409.64,361.19,399.42,6748.83237844
1599004800000,399.33,404.35,356.3,371.96,6950.55745031
1599091200000,371.04,381.05,316.51,323.98,7175.77348523
1599177600000,323.51,339.41,305.5,327.51,5345.27752834
1599264000000,326.89,333,263.37,283.95,9588.23126127
1599350400000,283.49,304.84,269,298.21,6293.16039457
1599436800000,298.82,303.26,273.68,298.58,4984.45911231
1599523200000,299.92,301.56,277.55,287.27,3195.93587297
1599609600000,285.67,304.48,281.41,297.71,2162.31687417
1599696000000,298.07,318.43,298.07,311.07,4039.7330285
1599782400000,312.07,316.96,302.37,316.22,2128.19841759
1599868800000,313.69,328.32,310,328.32,2363.4030828
1599955200000,327.42,329,299.33,309.04,3714.38780295
1600041600000,307.8,323.65,301.79,317.44,3375.58770857
1600128000000,319.5,321.48,306.5,308.24,2080.28052757
1600214400000,307.84,315.46,301.01,309.5,2288.89052019
1600300800000,309.47,333.19,308.7,328.65,3862.04441545
1600387200000,329.34,331.19,317.69,323.54,2032.28454945
1600473600000,324.55,327.77,319.44,325.39,1038.95175777
1600560000000,324.69,324.69,309.52,313.26,1744.4637954
1600646400000,312.81,316.75,282.61,289.58,5085.49814032
1600732800000,289.25,296.74,286.96,294.17,2156.70012095
1600819200000,294.12,295.13,269.22,274.99,2430.79005022
1600905600000,274.88,301.17,272.13,298.84,2874.52062212
1600992000000,299.42,307.91,290.2,302.76,2764.01332756
1601078400000,302.89,306.09,298.48,304.55,1034.85352806
1601164800000,304.89,311.14,298.83,306.95,1122.43800193
1601251200000,307.54,315.8,302.31,303.94,2790.44008153
1601337600000,302.14,307.27,300.3,306.51,1552.23100459
1601424000000,305.74,307.88,301.5,306.8,730.74681571
1601510400000,307.39,314.87,295.13,300.4,3170.01595133
1601596800000,300.5,302.24,286.7,295.53,1765.50424612
1601683200000,294.08,300.18,294.08,296.22,553.55311375
1601769600000,296,302.49,294.61,301.12,706.98573797
1601856000000,302.19,302.89,297.33,299.08,974.01938737
1601942400000,300.7,300.85,287.36,289.84,1531.97007316
1602028800000,289.34,291.07,284.81,290.28,1416.54513055
1602115200000,289.96,299.99,285,298.27,1692.21441724
1602201600000,298.48,311.65,295.5,309.43,2509.12759897
1602288000000,309.04,319.44,309.04,312.55,1581.15343991
1602374400000,313.24,318.22,311.54,317.07,719.87527327
1602460800000,316.47,334.32,310.02,327.17,3301.74353317
1602547200000,327.74,328.47,319.26,324.64,1262.1983172
1602633600000,324.64,329.79,318.16,323.45,1447.48291256
1602720000000,322.47,325.53,316.48,321.97,1170.27956309
1602806400000,321.92,324.26,310.04,312.24,1319.66639271
1602892800000,311.67,316.12,310.98,314.61,330.13632999
1602979200000,314.14,323.06,314.14,322.99,813.84478004
1603065600000,323.28,325.89,319.07,322.7,1583.86338018
1603152000000,322.11,323.14,310,311.6,1943.7848823
1603238400000,312.38,337.38,312.38,329.19,6062.22046174
1603324800000,328.6,355.98,328.6,350.66,4901.6650282
1603411200000,349.59,353.74,338.98,345.18,2433.1898735
1603497600000,344.79,350.94,343.15,347.2,997.55372851
1603584000000,346.44,351.57,340.74,342.74,970.32227688
1603670400000,342.71,346.7,324.02,333.1,3013.39801391
1603756800000,333.69,346.92,330.96,342.97,2422.27023598
1603843200000,342.85,347.22,324.44,331.01,3295.0620837
1603929600000,331.18,338.37,325.89,331.61,1497.73369409
1604016000000,331.56,335.72,320.8,328.95,1622.47903142
1604102400000,327.19,337.25,327.19,331.97,1411.93622607
1604188800000,331.09,341.13,331.02,340.81,1001.59667907
1604275200000,342.15,347.08,325.11,329.56,2519.97509688
1604361600000,329.03,331.92,318.74,330.07,2188.50432336
1604448000000,330.13,348,323.39,342.62,3297.86832295
1604534400000,344.61,355.56,338,352.62,4350.36174379
1604620800000,352.67,385.91,351.37,384.74,6166.04437688
1604707200000,384.58,394.41,345.21,365.44,7826.29335651
1604793600000,365.14,387.39,363.06,381.71,3915.12019587
1604880000000,381.75,385.96,368.09,376.44,3018.76224769
1604966400000,376.12,384.7,372.26,381.98,2081.41578812
1605052800000,382.47,404,381.4,393.72,5200.61099954
1605139200000,393.74,398.13,383.76,392.27,4233.57203058
1605225600000,393.1,404,388.58,403.06,4399.8906132
1605312000000,403.31,403.75,383.29,390.83,3792.23865118
1605398400000,390.26,391.81,372.7,379.76,2726.17234833
1605484800000,378.98,393.45,377.14,388.2,3028.31939548
1605571200000,388.32,408.47,388.02,406.59,5552.67574206
1605657600000,407.06,415.55,386,405.09,8583.51699501
1605744000000,405.35,405.78,393.77,397.72,2120.61906458
1605830400000,397.99,434.71,397.54,430.21,9355.88503606
1605916800000,430.1,465.48,424.41,464.98,9587.87595997
1606003200000,465.25,489.72,426.83,472.3,13072.60488248
1606089600000,472.09,516.28,463.44,514.49,14338.729938
1606176000000,514.19,525,496.97,508.78,11897.2245642
1606262400000,508.89,509.65,452,478.54,9241.34330103
1606348800000,477.81,484.33,337,435.58,18330.55098738
1606435200000,437.51,445.35,414.51,433.27,5580.46876173
1606521600000,433.92,459.28,424.4,450.18,6163.29102493
1606608000000,450.31,482.66,445,481.65,5165.67837705
1606694400000,483,523.4,476.07,513.98,10481.22266043
1606780800000,514.31,532.15,462,486.13,14857.9431918
1606867200000,486.07,502.31,478.66,493.88,4429.21274763
1606953600000,493.79,512.53,485.25,508.1,5146.43065338
1607040000000,506.48,509.77,465.73,468.89,5541.40928905
1607126400000,468.27,494.04,463.16,492.82,2449.313193
1607212800000,493.14,500.96,482.26,495.72,2921.99207905
1607299200000,497.02,497.02,482.82,488.49,2309.47729927
1607385600000,487.44,491.17,453.65,458.69,3605.58559359
1607472000000,457.87,478.43,433.97,475.18,7187.97639446
1607558400000,476.12,476.63,451.87,459.86,2539.46472569
1607644800000,461.07,461.38,442.19,449.46,3442.56213702
1607731200000,450.09,474.26,450.09,469.51,2487.93176376
1607817600000,469.61,490.75,465.96,485.91,2962.60225872
1607904000000,485.93,487.15,473.43,482.39,2610.29965568
1607990400000,482.29,490.48,477.61,484.61,2653.32042896
1608076800000,484.72,523.74,478.36,522.44,7997.59108268
1608163200000,522.45,550.64,495,524.63,13969.50395182
1608249600000,524.76,542.01,512.57,533.81,4488.8955128
1608336000000,534.23,544.72,526.97,536.24,5760.52701174
1608422400000,535.82,549,507,522.42,4774.86276568
1608508800000,522.35,530.69,485.29,498,7011.62992016
1608595200000,497.35,522.67,481.77,522.67,5294.45328828
1608681600000,522.08,523.71,455,480.43,7423.04394452
1608768000000,480.57,505.38,464.7,502.73,6272.26355969
1608854400000,503.51,519,496.73,513.92,3970.0664514
1608940800000,513.71,534.52,504.46,521,5694.67249992
1609027200000,521.76,599.52,505,555.43,14754.10199205
1609113600000,558.44,612.51,554.55,595.9,11128.80900186
1609200000000,598.16,604.63,563.33,596.69,7953.30977234
1609286400000,597,616.45,585.7,611.85,8212.53845217
1609372800000,612.37,613.95,591.08,603.85,5015.58052473
1609459200000,603.23,612.5,588.35,598.33,3675.31675486
1609545600000,599.05,649.99,564.5,624.64,14022.17202888
1609632000000,624.92,813.98,618,781.65,27031.39760382
1609718400000,784,956.67,703.17,849.79,35481.26324868
1609804800000,849.78,923.12,780,896.61,23802.40798648
1609891200000,899.54,986.04,861.28,980.31,28412.35819295
1609977600000,980.37,1054.5,815,996.2,30392.18939845
1610064000000,996.92,1039.1,873.93,994.7,24394.99112639
1610150400000,994.35,1058.1,959,1037.9,13646.92303131
1610236800000,1039.7,1092.1,900,1030.4,28620.99926915
1610323200000,1029.4,1032.2,747.53,893.94,53792.73278148
1610409600000,894.09,949.05,826.01,861.14,25302.24306887
1610496000000,862.12,935.68,812,928.94,19148.00652807
1610582400000,928.97,1028.1,895,1010.2,19537.74647123
1610668800000,1011,1030,878.06,969.13,25855.8912343
1610755200000,968.96,1071.7,955,1016.7,18379.60181641
1610841600000,1016.8,1046.9,966.2,1019.6,15563.41820054
1610928000000,1019.6,1042.4,983.5,1038,11401.12425489
1611014400000,1042.6,1188.2,1035.7,1128.6,28472.01316634
1611100800000,1129.2,1159.7,1018.9,1136.9,21917.68948186
1611187200000,1137.4,1149,889.21,912.95,30737.25602019
1611273600000,915.09,1050,855.21,1015.7,23438.55073091
1611360000000,1012.5,1048,984.19,1014.1,10296.21151939
1611446400000,1014.3,1150,1005.1,1143.3,17114.1602506
1611532800000,1144.5,1220,1066.1,1087.1,19151.71125194
1611619200000,1085.5,1135.1,1023.8,1124.1,14419.7141961
1611705600000,1124.2,1128,1001,1028,19761.33977547
1611792000000,1027,1122.8,1008,1096.6,13221.26813675
1611878400000,1097.9,1179.4,1067.3,1136.3,26126.83231446
1611964800000,1140.2,1157,1095.6,1134.7,8361.58515458
1612051200000,1135.5,1137.9,1060,1084.6,10263.93333142
1612137600000,1084,1140,1050,1138.8,11278.17608932
1612224000000,1139,1286.7,1127.6,1253.5,27415.20949175
1612310400000,1255.2,1386.3,1250,1383.5,23746.35723691
1612396800000,1383.5,1410,1290,1335.4,22804.39042845
1612483200000,1335.2,1466,1333.2,1429.7,17661.87064739
1612569600000,1429.4,1445,1370,1395.8,16140.35616731
1612656000000,1397.2,1407.5,1242,1341,20775.60130028
1612742400000,1341.8,1472.7,1301.3,1453.3,23110.02372953
1612828800000,1454,1507.8,1417.6,1463.4,19307.554226
1612915200000,1464.7,1520.1,1380,1439.3,19828.04355052
1613001600000,1440.1,1494.7,1410,1473.1,11167.90326341
1613088000000,1473,1540,1437.5,1522.2,12501.65450532
1613174400000,1528.4,1545,1463,1503.7,9138.86381408
1613260800000,1504.8,1529.5,1479.2,1491.1,8786.04228296
1613347200000,1491.6,1513.7,1383,1467.3,12396.34879388
1613433600000,1469.7,1503.2,1429,1474.4,8301.48897954
1613520000000,1475.9,1543,1436.5,1534.4,9940.68364413
1613606400000,1536.5,1614.7,1536.3,1605.6,9741.8774739
1613692800000,1605.4,1628.3,1570,1613,8833.32874749
1613779200000,1615,1680,1507,1583.2,13923.20255389
1613865600000,1582.4,1630,1558,1596.6,7170.85535683
1613952000000,1596.9,1598.3,1270,1464.4,29326.09512252
1614038400000,1463,1466,1091,1298.2,31863.6438451
1614124800000,1299.2,1418.7,1236,1337.2,12961.35867477
1614211200000,1337.4,1365,1205,1218.8,10730.03397872
1614297600000,1221.5,1292,1145,1199.5,13329.40774095
1614384000000,1199.2,1267.2,1185.5,1213.1,8734.52436594
1614470400000,1213.1,1220.3,1076.3,1175.2,10826.94774586
1614556800000,1176,1306.5,1169.3,1304.1,10935.04722735
1614643200000,1304,1354,1204.6,1232,10117.00297539
1614729600000,1231.5,1372.4,1224.4,1306,10473.23163129
1614816000000,1305,1346.7,1259.8,1287.7,8599.96636015
1614902400000,1288.6,1299.5,1200,1282.6,8158.73573957
1614988800000,1282.4,1400,1273.2,1385.7,11173.80109443
1615075200000,1384.8,1450,1369.9,1447.5,9049.2602089
1615161600000,1446.2,1550,1401.3,1542.3,13015.01985592
1615248000000,1542.2,1572.1,1475,1571.4,9468.52695671
1615334400000,1571.4,1580,1478.4,1505.5,9122.05400275
1615420800000,1505.8,1540.6,1443.8,1523.6,8282.21834968
1615507200000,1528.9,1535.9,1443.1,1475.8,8417.80426688
1615593600000,1475.2,1597.8,1446.3,1576.9,11328.58422463
1615680000000,1576.9,1584.6,1530,1545.2,6397.61821307
1615766400000,1545.1,1579.7,1442,1506.3,12020.28148135
1615852800000,1509,1529.2,1439.3,1516.9,8227.76488989
1615939200000,1516.7,1535,1466.2,1521.4,6871.51511321
1616025600000,1521.7,1550,1480,1491.4,6647.07648447
1616112000000,1491,1546.2,1460,1522.3,4374.12711115
1616198400000,1521.1,1569.3,1515,1517.7,4843.44016196
1616284800000,1516.9,1526,1473.1,1503,4328.34469133
1616371200000,1501,1524.8,1378.6,1413.1,6657.68987615
1616457600000,1413.8,1453.2,1380.4,1410.3,6255.19650284
1616544000000,1409.3,1470.6,1302,1342.3,8642.86060953
1616630400000,1341.9,1378.3,1314.2,1349.6,6606.3135948
1616716800000,1349.6,1442.5,1349.6,1441.6,4354.22628583
1616803200000,1442.9,1466.2,1410.1,1452.5,3596.70238842
1616889600000,1453.2,1461.8,1406.9,1430.9,4090.74438925
1616976000000,1431.5,1559.8,1418.3,1541.4,7570.97247501
1617062400000,1542.2,1583.5,1517.3,1570.1,4894.12825417
1617148800000,1570.6,1655,1506.3,1634.2,7821.51069501
1617235200000,1639.7,1687.2,1600.7,1671.8,5641.89075984
1617321600000,1671.1,1823.9,1656.9,1814,9095.37070786
1617408000000,1813.2,1831,1702.4,1718.5,9477.08713825
1617494400000,1715.1,1789.6,1691.5,1767.4,5071.30575052
1617580800000,1769.4,1802.1,1707,1781.3,6464.2941224
1617667200000,1780.8,1821,1725.1,1781.4,7777.20787579
1617753600000,1781.4,1795,1628,1653.6,9491.95633173
1617840000000,1656.4,1748.4,1650,1747.5,4849.31223314
1617926400000,1747.3,1771,1723.2,1739.1,3706.61047958
1618012800000,1739.4,1825,1734.6,1790.3,6863.87621116
1618099200000,1790.2,1814.3,1767.2,1805.4,4013.72993501
1618185600000,1806.6,1847.9,1770,1792.9,5265.14124152
1618272000000,1797.8,1937.8,1792.9,1924.3,8926.94626769
1618358400000,1927.7,2043.2,1910.5,2032,11390.91025485
1618444800000,2033,2128,1995,2103,8756.20763665
1618531200000,2104.1,2130,1925.7,2024.9,11244.89878074
1618617600000,2033.4,2086.6,1931.1,1951.5,7378.12363237
1618704000000,1950.1,1968.7,1665.1,1886.9,18525.40190227
1618790400000,1885.9,2010,1731.7,1795.3,9933.69451724
1618876800000,1805,1953.7,1706.5,1940.3,10009.68450083
1618963200000,1940.3,2050,1835.1,1961.5,10351.14196284
1619049600000,1960.7,2200,1900,1999,27144.96814093
1619136000000,1997.4,2145,1720,1963,24088.03078225
1619222400000,1963.3,1963.6,1796.4,1840.4,8633.45889902
1619308800000,1843.8,1959.9,1800,1921.8,10387.7873146
1619395200000,1921.8,2100,1906.1,2099.9,11442.54005429
1619481600000,2098.2,2220,2060.3,2204.9,8635.49784205
1619568000000,2204.9,2281.6,2122.9,2267,9893.64192261
1619654400000,2267.9,2311.7,2204,2276.9,11375.18528185
1619740800000,2276.9,2319,2251.1,2304.8,8365.93229718
1619827200000,2304.9,2454.6,2293,2446.6,10043.85122062
1619913600000,2446.6,2482.3,2375,2455.7,8507.71681154
1620000000000,2456.4,2865.8,2456.4,2845.5,24755.50044801
1620086400000,2846.5,2961,2600,2701.7,37140.48938745
1620172800000,2701.2,2948,2673.1,2931.2,19124.04276461
1620259200000,2931.8,2991,2800,2890,18169.0398317
1620345600000,2890.1,2953.8,2775.5,2870.4,11616.68792631
1620432000000,2873.2,3257.6,2845.8,3219.6,22951.27761404
1620518400000,3220.7,3295.5,3081.9,3226.9,17909.55791973
1620604800000,3228.5,3464.1,2700,3257.3,31372.63380051
1620691200000,3258.1,3445.1,3114.9,3443.6,16896.34920549
1620777600000,3441,3625,3072,3195.2,29836.6349535
1620864000000,3195.2,3351.2,2846.1,3087.8,39965.44081065
1620950400000,3087.8,3447,3066.2,3363.6,18580.84028263
1621036800000,3362.5,3406.2,3000,3002.5,19272.26737241
1621123200000,3010.6,3193.3,2625.5,2946.2,26232.03628686
1621209600000,2946.5,2951.6,2525,2699.8,33264.90318902
1621296000000,2701.1,2929.1,2660.9,2766.7,18655.39053086
1621382400000,2767.4,2816.9,1399.9,2007.4,88161.73117586
1621468800000,2018.8,2471.5,1771,2281.7,36788.15665017
1621555200000,2274.2,2406.1,1720,2003.4,34555.22258064
1621641600000,2003.7,2048,1780,1893.4,22039.21867365
1621728000000,1888.7,1959.5,1415.7,1726.9,43283.59089061
1621814400000,1728.9,2197.2,1711.7,2170.8,37278.03335746
1621900800000,2176.2,2256,1941.9,2210.3,30582.17807286
1621987200000,2216.6,2385.7,2159.5,2369.9,23123.91262596
1622073600000,2369.9,2370,2149,2246.1,12480.32113614
1622160000000,2248,2268.9,1908.2,1981.3,23785.60484758
1622246400000,1980.5,2116.4,1817,1874.9,15070.50720741
1622332800000,1874,2042.6,1801,1961.1,14158.41896206
1622419200000,1960.9,2220,1870.1,2213,18622.04450529
1622505600000,2211.5,2240,2070.3,2156,12082.41425144
1622592000000,2156.4,2295,2087.7,2217.9,12695.25470595
1622678400000,2216.1,2371.6,2184.2,2354.9,13554.98390209
1622764800000,2355.8,2357,2110.7,2206.9,17239.67237993
1622851200000,2220.3,2324.8,2105.8,2170.1,15106.69491739
1622937600000,2164.4,2264.5,2157,2234.2,7836.6233436
1623024000000,2231.9,2340,2105.5,2131.3,15530.99310149
1623110400000,2131.1,2154.7,1886.9,2062.5,24744.8371027
1623196800000,2060.2,2158.6,1979.1,2144.1,12952.2154378
1623283200000,2145.6,2152.1,1995,2029.3,11272.60487606
1623369600000,2028.5,2050,1920,1941.4,9533.69426792
1623456000000,1942.9,2028.6,1872,1958.2,7303.52067184
1623542400000,1959.1,2104.6,1913.2,2071.3,7924.02410953
1623628800000,2074.2,2154.6,2032.1,2130.8,8919.12452591
1623715200000,2130.4,2178.5,2072,2100,7090.38726795
1623801600000,2099,2107.7,1962.3,1974.3,5999.89250827
1623888000000,1974.6,2058.3,1939.3,1990.9,5106.27186258
1623974400000,1990.3,1995.9,1803.4,1884,9464.75655094
1624060800000,1884,1923.3,1828.1,1831.6,5874.55448327
1624147200000,1830.3,1918.8,1728.7,1890.9,10593.06653939
1624233600000,1889.8,1903.2,1562.3,1584.6,20742.49396694
1624320000000,1582.6,1675.4,1425,1572.2,24772.43997186
1624406400000,1576.2,1717.6,1530.2,1650.9,10199.48596876
1624492800000,1653,1705.7,1583.6,1667.3,7302.11142446
1624579200000,1671.6,1691,1500,1519.7,11616.61205263
1624665600000,1519.1,1554.9,1444,1535.2,8870.67015555
1624752000000,1532.7,1661,1515.7,1660.4,6105.2602061
1624838400000,1660.4,1798.5,1643.7,1746,14037.16840057
1624924800000,1746,1886,1743.5,1818.5,11047.15374259
1625011200000,1817.2,1930.8,1754.2,1919.1,12692.26193094
1625097600000,1919.1,1919.2,1750,1784.7,8311.78191703
1625184000000,1779,1818,1705.1,1816.5,5800.75215636
1625270400000,1817.4,1885.4,1784.5,1875.5,5168.4086103
1625356800000,1877.2,2009.5,1842.9,1958.3,7492.60684621
1625443200000,1956.3,1959.3,1819,1852.7,8778.81336098
1625529600000,1854.8,1984,1851,1966.8,8197.58855979
1625616000000,1963.1,2033.2,1942.7,1965.6,8627.78938734
1625702400000,1965.1,1972.1,1759.4,1789,12126.84871377
1625788800000,1789.3,1844.7,1730.5,1808.3,6352.46687945
1625875200000,1809.7,1845.9,1751,1780.2,3413.08238882
1625961600000,1782,1831,1755.9,1802.8,2744.88805406
1626048000000,1802.5,1827.4,1693.1,1717.6,6948.16717279
1626134400000,1713.4,1726.9,1626.7,1647.5,8006.74693564
1626220800000,1649.8,1710.3,1584.9,1686,7521.88247659
1626307200000,1685.9,1724.2,1595,1621.9,5857.60568651
1626393600000,1626.6,1660,1566.8,1589.4,5151.17379654
1626480000000,1589.2,1625,1567.8,1609.1,2865.39630009
1626566400000,1610,1684,1593.4,1603.8,3554.83615984
1626652800000,1599.1,1626.9,1526.3,1540.8,5862.54785698
1626739200000,1542.4,1558.7,1458.5,1518.1,8408.69447339
1626825600000,1514.8,1723,1490,1686,10394.01250696
1626912000000,1692.5,1739.7,1653.3,1719.2,7005.64208183
1626998400000,1721.5,1810.6,1695.4,1804,7831.38146151
1627084800000,1805.1,1869,1787.8,1856.3,8078.08246916
1627171200000,1857.1,1864.7,1789,1859.7,5350.91936616
1627257600000,1860.6,2060.3,1846.1,1890,18456.62245848
1627344000000,1889.7,1965.1,1826.4,1948.1,8941.05274021
1627430400000,1944.5,1995,1901.1,1941.2,8929.96192335
1627516800000,1930.5,2019.7,1919.1,2005.6,4411.70485052
1627603200000,2005.7,2080,1948.1,2074.6,9443.63678113
1627689600000,2071.4,2150,2038.3,2131.6,6528.88663847
1627776000000,2132,2275,2116.1,2157.2,12875.27973403
1627862400000,2155.7,2247.1,2112,2197.5,10481.54785077
1627948800000,2194.4,2216.9,2060.1,2113.8,10253.91746234
1628035200000,2115.9,2339.7,2076.7,2301.5,12522.4281776
1628121600000,2303.1,2400,2136.4,2387.6,19147.56961481
1628208000000,2389.1,2503.9,2305.9,2451.3,11574.17630127
1628294400000,2454.2,2697.6,2432.1,2682.8,17423.51191056
1628380800000,2681.6,2706.2,2494.4,2562.5,14417.04602386
1628467200000,2565.9,2714.2,2463,2695.8,16096.67279401
1628553600000,2694.1,2759,2603,2680.3,12609.50859432
1628640000000,2680.1,2788.3,2664.8,2694,10837.05910548
1628726400000,2694.2,2758.2,2536.2,2594.6,12485.44232048
1628812800000,2598.1,2820.3,2586.8,2814.1,10366.72578609
1628899200000,2814.1,2822.9,2715,2769.1,7405.39300604
1628985600000,2769.1,2814,2642.4,2804.6,7845.7300365
1629072000000,2806.6,2820.5,2663.6,2674.1,8129.24327206
1629158400000,2670.7,2795,2559.3,2575,11156.52586393
1629244800000,2571.5,2673.6,2524.9,2576.7,7847.53620588
1629331200000,2580,2727.1,2534.9,2727.1,7711.39348703
1629417600000,2724.6,2828.1,2718.4,2808.8,8978.82932765
1629504000000,2808.8,2840.2,2750.3,2759,5891.05060332
1629590400000,2760,2805.1,2680.5,2771.5,6046.21773714
1629676800000,2771.6,2878.9,2765.1,2823.8,7971.72946261
1629763200000,2828.1,2863.9,2681,2700.8,9027.29001537
1629849600000,2700.4,2761.8,2621.5,2744,6173.23405576
1629936000000,2743.4,2763.2,2598.5,2633.2,6875.28781265
1630022400000,2635.5,2780,2606.4,2776,6199.42787561
1630108800000,2774.4,2783,2720.6,2751.5,3558.36665082
1630195200000,2752.8,2783.4,2675.6,2732.8,3485.82343634
1630281600000,2733.1,2837.6,2666.1,2733.5,8594.5093174
1630368000000,2738.5,2934.4,2706.5,2906.8,11293.23801504
1630454400000,2903.8,3244.5,2867.8,3231.3,15863.67363037
1630540800000,3228.4,3239.2,3139.7,3190.2,9846.90498667
1630627200000,3189.2,3388.6,3120.8,3314.7,9435.03508877
1630713600000,3315,3340.4,3228,3271.3,4841.75424512
1630800000000,3272.4,3346.5,3230,3322.5,4095.47446242
1630886400000,3321.3,3346.4,3255.3,3312.2,4934.12149339
1630972800000,3312.2,3323.7,2250,2902.4,24530.17663213
1631059200000,2904.8,3015.2,2710.6,2962.6,11590.249381
1631145600000,2963,3020,2868.7,2896.4,6456.92087512
1631232000000,2898,2970,2670,2718.8,8221.06364655
1631318400000,2718.6,2836.3,2712.1,2765.4,4804.05610857
1631404800000,2765,2942.5,2741.5,2884.2,5349.29496494
1631491200000,2881.3,2903.5,2631.4,2779.2,7355.74514399
1631577600000,2780.1,2908.9,2771,2908.9,4263.04493563
1631664000000,2908.8,3057.4,2847.4,3056.6,5857.986818
1631750400000,3058,3113.8,2956.7,3031.6,7416.9273495
1631836800000,3034.2,3052.4,2856.6,2900,6269.0909194
1631923200000,2901.3,3020,2872.6,2935.9,4228.87375467
1632009600000,2931.4,2951.3,2800,2837.9,3293.4797867
1632096000000,2840.7,2850.7,2483.9,2539.7,15118.36098201
1632182400000,2537.8,2650,2256,2355.3,14741.18524583
1632268800000,2361.7,2636.6,2334.2,2636,8741.80464963
1632355200000,2623.2,2706.1,2595.2,2689.2,5353.13535041
1632441600000,2683.5,2690.9,2336.4,2501.9,13624.68583883
1632528000000,2499.3,2537.3,2395,2497.7,4721.3749349
1632614400000,2497,2661,2341.4,2611.8,7621.74154648
1632700800000,2609.3,2700,2500.5,2501.5,5721.47747874
1632787200000,2503.2,2541.3,2385.8,2405.8,6311.74679645
1632873600000,2403,2528,2388.1,2451.6,4552.14508133
1632960000000,2455.9,2634.9,2447.5,2589.5,6085.4861743
1633046400000,2588.2,2871.6,2567.6,2849.9,9084.79606735
1633132800000,2851.6,2983.1,2809.1,2916,6322.52344063
1633219200000,2917.3,3000,2892,2943.3,4707.73876193
1633305600000,2937.4,2959.4,2809.2,2910.7,7076.9819608
1633392000000,2914.3,3055.9,2894.4,3031.4,6438.78071045
1633478400000,3027.4,3141,2888,3086.1,11372.77594787
1633564800000,3087.6,3160.8,3000,3103.1,7419.05157314
1633651200000,3101.5,3185,3045.9,3077,5725.55697562
1633737600000,3081.6,3138.6,3057.6,3084.3,2302.59794286
1633824000000,3085.5,3113.7,2951,2953,3672.92538934
1633910400000,2951.5,3128.7,2921.3,3068.7,5729.51880908
1633996800000,3061.5,3074.9,2949.3,3023.4,4998.52671072
1634083200000,3027.4,3110,2952,3107.3,3928.49819784
1634169600000,3106,3296.5,3091.2,3267,7839.7239936
1634256000000,3268.7,3359.2,3218.2,3332.4,8633.83857291
1634342400000,3328.5,3410,3266.5,3285,5739.60424269
1634428800000,3292.4,3368.6,3141.7,3315.3,5060.37737911
1634515200000,3320,3358.8,3169.3,3228.4,5967.31383364
1634601600000,3224.2,3339,3214.1,3333.4,4971.6349581
1634688000000,3333.1,3570,3285.1,3566.5,10380.83201974
1634774400000,3568.5,3757,3432.8,3487.7,16613.22385548
1634860800000,3483.2,3586,3342.9,3409.9,7722.34051578
1634947200000,3412.3,3587.7,3385.7,3582.9,4279.81958505
1635033600000,3582.7,3600,3405.2,3511.3,4522.9634466
1635120000000,3512.4,3650,3494,3635.2,5126.36580834
1635206400000,3635.4,3700,3535,3563.2,5735.8595206
1635292800000,3561.8,3707.4,3380,3384.5,10567.02933728
1635379200000,3381.3,3678,3360.5,3669.8,7833.45260322
1635465600000,3673.6,3858.6,3654.7,3817.2,8727.60076979
1635552000000,3818.4,3829.6,3676,3736.4,4521.02292634
1635638400000,3745.1,3800,3609,3711.9,5178.9035527
1635724800000,3710.6,3790,3601,3729.4,4692.72041772
1635811200000,3726.9,3978.1,3699.5,3962,7155.23357367
1635897600000,3964.8,4023.8,3853,3965.5,8819.87304034
1635984000000,3966.8,3971.8,3830,3929.8,6142.48331476
1636070400000,3894.5,3964.5,3846.5,3874.4,4134.49417328
1636156800000,3876.5,3927.2,3752.4,3917.8,4213.35779894
1636243200000,3917.8,4013.4,3902.1,3995,3661.44325508
1636329600000,3995,4160,3990.2,4148,5984.64597055
1636416000000,4149.9,4171.3,4060.2,4081.5,6540.78253348
1636502400000,4081.5,4223.1,3865,4040.5,10264.41817731
1636588800000,4037.8,4175.9,3986.5,4125.2,4784.45453941
1636675200000,4125.1,4204.3,3938.5,4077.3,6245.57933796
1636761600000,4080.3,4115,4006,4064.6,2476.55791731
1636848000000,4063,4101,3953.5,4046.2,3229.90555206
1636934400000,4046.7,4169.4,3992.8,4015.9,4062.23561715
1637020800000,4016.9,4018.5,3604.7,3723.1,14085.19876939
1637107200000,3723.9,3800,3603.5,3794.3,5185.59185325
1637193600000,3795.7,3835,3481.6,3520.7,9186.88048456
1637280000000,3520.6,3825.4,3501.1,3815.1,6650.59368197
1637366400000,3815.7,3944.3,3731.2,3919.5,4795.74383249
1637452800000,3922.3,3925,3770,3782,3728.03636118
1637539200000,3784.6,3831,3585,3639.8,8353.479065
1637625600000,3639.7,3900,3601,3864.1,6479.28794945
1637712000000,3859.8,3889.6,3720,3815.6,5449.634102
1637798400000,3809.4,4061,3793.6,4033.8,6889.19525338
1637884800000,4038.1,4060,3460.2,3582.5,15193.84442298
1637971200000,3582.4,3710.2,3565,3625.5,3978.63174627
1638057600000,3626.5,3812.9,3500,3806.1,6331.69258051
1638144000000,3810.1,3963.1,3788.3,3937,6306.5695401
1638230400000,3941.3,4177,3840,4083.2,12144.86919567
1638316800000,4091.9,4222.9,4000.4,4056.9,7851.66699744
1638403200000,4054.8,4094,3927.7,3993.2,6371.37680816
1638489600000,3995.9,4115.2,3575,3739.4,10326.50318996
1638576000000,3733.4,3960,3120,3693.9,21486.02429816
1638662400000,3693.9,3823.8,3564.4,3712.4,7690.85751581
1638748800000,3739.8,3887.9,3470.5,3860,10404.21397641
1638835200000,3860.2,3938.4,3775.1,3824.3,6806.86329889
1638921600000,3825.7,3936.5,3753.7,3911,4836.84477741
1639008000000,3914.9,3952,3605.3,3639.3,7253.71082931
1639094400000,3636.1,3746.6,3441,3455.4,8956.22893755
1639180800000,3453,3630.3,3391.7,3619.6,4256.02619953
1639267200000,3619.1,3693.5,3532,3653,3299.49516232
1639353600000,3654.1,3664.1,3247.4,3350.7,9417.51002876
1639440000000,3355.4,3451.4,3270,3430.8,6392.99815187
1639526400000,3430.2,3626.8,3238.7,3557.4,8745.90987022
1639612800000,3560.3,3640,3486.8,3491,5025.14610372
1639699200000,3489.3,3527.5,3274.3,3453.4,6242.45499283
1639785600000,3447.6,3557.4,3355.5,3525.1,3010.15547236
1639872000000,3520.1,3583.2,3455.8,3491,2505.12467577
1639958400000,3491,3537.5,3321.3,3501,5823.3546103
1640044800000,3501,3600,3468,3560.6,4641.42990665
1640131200000,3559.1,3611.4,3482.4,3516.1,3827.96413294
1640217600000,3516,3667.6,3437.2,3633,5130.85945857
1640304000000,3634.1,3658.4,3555,3574.3,3551.00783596
1640390400000,3578.4,3661.1,3557.1,3621.8,1978.22904089
1640476800000,3626.1,3632.8,3546.6,3589.5,2151.37139653
1640563200000,3588.1,3647.3,3561.1,3565.9,3123.77157197
1640649600000,3567.4,3567.4,3327.1,3350.7,5458.4809472
1640736000000,3353.1,3391.1,3177,3197.1,3650.76775182
1640822400000,3197.2,3334.2,3161.8,3279.2,2830.94091522
1640908800000,3277.4,3375.3,3181.5,3238,2820.69457153
1640995200000,3244.4,3324,3235.1,3312.7,1887.76992655
1641081600000,3312.7,3392.8,3273.6,3375.1,2025.52997488
1641168000000,3375,3397.6,3257.7,3333.4,2942.75774138
1641254400000,3333.4,3451.3,3289.2,3357.7,3579.30569571
1641340800000,3353.6,3408.8,3008.9,3130.1,6833.59809264
1641427200000,3129.4,3142.7,2917.1,3020.9,7737.98216657
1641513600000,3016.8,3024,2703.3,2816.3,8300.56738753
1641600000000,2817.4,2867,2642.4,2714.8,6094.90497429
1641686400000,2714.8,2837.4,2693.2,2774.7,4697.40756463
1641772800000,2771,2809.9,2592.5,2725.6,7178.15708459
1641859200000,2723.7,2879.3,2696,2854.2,4494.84518338
1641945600000,2853.6,2982,2822.5,2948.5,4896.23435549
1642032000000,2954.2,2974,2823,2832.4,4234.86676288
1642118400000,2831,2929.8,2787,2898.6,2660.97384991
1642204800000,2901.5,2958.4,2863,2921.2,2084.41634763
1642291200000,2919,2976.8,2872.7,2937.5,2331.08448677
1642377600000,2937.6,2946.5,2753.7,2812.8,3177.21576216
1642464000000,2816.4,2843.7,2724,2790.4,2507.34043436
1642550400000,2790.3,2805.6,2657,2720.1,3083.40151374
1642636800000,2723,2886.4,2645,2654.1,4203.96902645
1642723200000,2656.4,2686.8,2175.5,2265.3,14783.88043659
1642809600000,2265.3,2319.9,2017.4,2130.9,15331.73271715
1642896000000,2130.3,2256.8,2093.5,2241.2,8816.36821431
1642982400000,2243.6,2243.6,1911.1,2159.2,16659.86002821
1643068800000,2157.3,2224.7,2077.7,2177.9,7990.72167498
1643155200000,2179,2429.4,2135,2189.8,13869.56137941
1643241600000,2194,2264.1,2078,2178.3,7543.55930051
1643328000000,2176.5,2297.4,2120,2283.8,6117.44589763
1643414400000,2286.4,2369.6,2265.2,2339.1,5022.75151885
1643500800000,2339.1,2370.5,2281.4,2335.1,4353.77229564
1643587200000,2336.8,2410,2221.1,2395.5,5634.29039741
1643673600000,2396,2504.9,2381.6,2476.7,6911.07024536
1643760000000,2477.2,2488.7,2311,2372.9,6833.73507547
1643846400000,2376,2413.4,2253.3,2355.4,4419.1547319
1643932800000,2359.5,2620,2336.5,2617.9,8170.55894372
1644019200000,2618.5,2678.9,2584,2637.4,4852.68785991
1644105600000,2635.9,2686.9,2581,2667.7,2950.1277538
1644192000000,2668.1,2793.5,2616.5,2746.8,7375.81836994
1644278400000,2748.7,2833,2651.4,2730.3,6482.1909893
1644364800000,2731.5,2867,2677.4,2841.9,4793.0334255
1644451200000,2844,2872.5,2683,2692.5,6988.39755915
1644537600000,2696.8,2760.4,2531.4,2577,5893.6391703
1644624000000,2580.8,2634.9,2517.5,2572.6,4174.54285146
1644710400000,2576.1,2607.2,2498.7,2524.5,2682.58777551
1644796800000,2529.6,2625.9,2495,2594.4,3232.83647899
1644883200000,2592.9,2814.9,2574.2,2807.2,4750.25159264
1644969600000,2807.4,2807.4,2680.1,2741.6,4020.65436138
1645056000000,2747.3,2780.4,2509.4,2547.9,5799.64346952
1645142400000,2547.9,2593.3,2429.9,2454.7,4339.01821323
1645228800000,2456.5,2501.7,2380.7,2442.3,2602.53388681
1645315200000,2442.7,2442.7,2274.5,2317.4,4909.84393504
1645401600000,2317.4,2429,2262,2272.7,8152.84746874
1645488000000,2271.6,2356.5,2211.5,2328.4,6179.43123895
1645574400000,2330.8,2430,2279,2282.4,5615.04428437
1645660800000,2283.5,2444.4,2043.4,2319.5,18902.01677565
1645747200000,2321.4,2519,2301.1,2457.3,6348.03695675
1645833600000,2456.9,2546.5,2423.6,2469.6,3245.67202006
1645920000000,2469.7,2517.3,2293.3,2341.6,5954.88575384
1646006400000,2342.2,2631.1,2300.1,2603.3,7718.08210197
1646092800000,2605.9,2727.2,2537.4,2673.1,7758.51520506
1646179200000,2674.2,2739.7,2618.7,2653.2,5048.93477231
1646265600000,2651.9,2674.9,2518.9,2559.2,4378.13552265
1646352000000,2559.1,2562.1,2352.5,2399.8,5409.63663437
1646438400000,2399.8,2460.2,2370.5,2438.7,2515.17151359
1646524800000,2438.6,2449.3,2335.3,2345.8,2729.71568856
1646611200000,2343.2,2429.9,2254,2298,6486.88768606
1646697600000,2295.2,2397.7,2284.4,2361.9,4024.55130473
1646784000000,2366.9,2533.5,2355.2,2461.5,5495.35425923
1646870400000,2462.1,2471,2311.7,2370.5,3735.79579158
1646956800000,2365.3,2433.1,2295.6,2344.5,2868.08211044
1647043200000,2343.9,2395.4,2341.8,2355.6,1096.5146261
1647129600000,2357.3,2384.9,2287,2305,2025.08100705
1647216000000,2302.4,2385,2291.5,2368.4,3039.69564617
1647302400000,2365.7,2436.8,2282.6,2388,3965.53852127
1647388800000,2392.7,2529.2,2375.6,2518.1,5616.72613189
1647475200000,2515.7,2561.9,2488.5,2536.3,3035.521065
1647561600000,2536.4,2698,2496.3,2657,4496.19229201
1647648000000,2660.8,2703,2614.9,2663.9,2552.80455214
1647734400000,2667.4,2681.2,2545.5,2593.1,3353.1188534
1647820800000,2593.7,2680,2564,2625.7,3006.7102726
1647907200000,2623,2773.9,2622.2,2694.1,4174.95024705
1647993600000,2694.1,2767.3,2651,2758.7,3734.93394863
1648080000000,2758.6,2844.6,2736,2825.4,4725.2828956
1648166400000,2827.4,2900,2794.6,2829,4946.94896504
1648252800000,2828.8,2871,2810.7,2863.4,1360.87927534
1648339200000,2865.5,3000,2850,3000,3417.84464323
1648425600000,2998.6,3125.8,2980.7,3031.3,7079.15859943
1648512000000,3031.5,3140.8,3018,3067.4,4835.20513859
1648598400000,3066.1,3092,3000,3030.1,3771.83941348
1648684800000,3032.1,3102.4,2944.2,2963.5,4745.71138369
1648771200000,2963.2,3153.6,2903.9,3127.6,4919.26751026
1648857600000,3125.9,3197,3109,3117.6,3293.09016287
1648944000000,3117.9,3242.9,3093,3192.3,2418.67905522
1649030400000,3188.4,3228.8,3108.3,3207.3,3169.07331376
1649116800000,3206,3242,3119.1,3126,2872.29632883
1649203200000,3125,3125,2901,2910.2,7125.91396264
1649289600000,2908.6,2997.9,2881.2,2973.5,3228.72411439
1649376000000,2971.4,3048.4,2917.5,2933.9,3465.59903154
1649462400000,2937,3006,2926.7,3001.1,1182.37938014
1649548800000,3001.1,3047.4,2936,2942,1581.37766396
1649635200000,2942,2953.9,2710,2741,6491.65011694
1649721600000,2740.9,2835.9,2715.2,2798.5,4347.85317759
1649808000000,2798.4,2874.6,2768.9,2861.3,2900.58609494
1649894400000,2861,2885,2751,2792.7,2187.10012371
1649980800000,2792.6,2828,2771,2813.5,1004.68155023
1650067200000,2815.7,2857.4,2788.5,2832.1,722.05140593
1650153600000,2834.3,2853.4,2757.6,2764.2,895.85755882
1650240000000,2764.2,2848.5,2674.3,2833.2,2998.52208001
1650326400000,2833.3,2903.5,2807.4,2876.4,2434.97046608
1650412800000,2874,2921.5,2800.7,2838.8,3132.23546731
1650499200000,2837.5,2919.9,2723.7,2754.9,2762.79212484
1650585600000,2754.1,2804.7,2718.4,2746.6,2064.62818738
1650672000000,2746.5,2763.5,2706.3,2716.5,810.29119746
1650758400000,2719.3,2747,2700,2705.8,1095.12115901
1650844800000,2702.5,2824.6,2602.1,2806.9,4079.15296566
1650931200000,2808.2,2830,2607,2642,3263.37500686
1651017600000,2641.7,2765,2627,2739.2,1878.44320912
1651104000000,2738.8,2839,2713.7,2797.9,2923.68903524
1651190400000,2794,2802,2631.1,2670.3,2417.37601684
1651276800000,2674.7,2699.4,2582.4,2589.8,1631.73883034
1651363200000,2592.1,2700,2580,2682.3,1982.91169881
1651449600000,2679.5,2739.9,2644.1,2716.2,2243.69038876
1651536000000,2719.5,2722.4,2619,2640.8,1898.26473759
1651622400000,2638.6,2796.4,2634.1,2765.9,3397.44157698
1651708800000,2768.9,2780,2554,2608.9,5241.56285708
1651795200000,2608.5,2622.7,2494,2555,3646.26682359
1651881600000,2554.7,2564.9,2454.4,2499.7,1741.33913267
1651968000000,2501.7,2503.7,2355,2389.3,3948.80586231
1652054400000,2391.3,2402.6,2106.1,2111.7,11643.69424209
1652140800000,2110.4,2329.2,2083,2222.2,8605.69852539
1652227200000,2224.3,2323.4,1900,1970.5,18786.7195172
1652313600000,1978.8,2074.9,1627.2,1880,18457.08987155
1652400000000,1882.7,2066,1863,1928.9,9124.21661944
1652486400000,1931.1,1985.1,1870.2,1973,3298.25225198
1652572800000,1973,2083.6,1921.5,2063.2,2548.32534528
1652659200000,2061.7,2061.7,1900,1937,3567.37731153
1652745600000,1937.2,2012.2,1904.7,1981.6,3181.1323225
1652832000000,1979.6,1995,1818.9,1825.6,3602.49161721
1652918400000,1825.6,1925.1,1811.8,1905.3,2840.63803062
1653004800000,1906.9,1949,1819.7,1853.6,3249.30416084
1653091200000,1853.4,1882.3,1833.3,1868.4,1466.65877408
1653177600000,1869.2,1940,1859,1930.1,2395.64714154
1653264000000,1930.1,1958.4,1830.8,1845.9,2927.90142958
1653350400000,1846,1867.5,1778.2,1842.5,3035.49705447
1653436800000,1842.9,1884.8,1813.8,1815.1,1941.1380462
1653523200000,1813.9,1836.3,1625.9,1669.8,7094.31301953
1653609600000,1667.8,1699.7,1591,1605.2,6753.98879673
1653696000000,1610,1684.6,1604.1,1669.1,2787.85009276
1653782400000,1670.5,1700.2,1640.6,1686.2,2133.69043817
1653868800000,1688.9,1865,1678.7,1854.4,5517.77058894
1653955200000,1855,1869,1792.4,1806.6,3346.28322341
1654041600000,1808.2,1840.6,1653.1,1704.7,4313.82397804
1654128000000,1704.7,1725.1,1664,1705.9,2322.38212519
1654214400000,1706,1713.3,1620.9,1655.5,2940.10445171
1654300800000,1656.8,1693.3,1631.2,1683.8,1149.5969572
1654387200000,1685.2,1707.8,1654,1682.4,1471.02202087
1654473600000,1684,1789.8,1682.5,1736.4,3503.64383557
1654560000000,1738.8,1749.9,1616,1694.7,5355.0784203
1654646400000,1694,1716,1652.1,1670.9,2970.52177341
1654732800000,1671.5,1708.8,1660,1683,2004.05159214
1654819200000,1680.3,1693.8,1573.3,1579.3,4650.84437455
1654905600000,1580.9,1599.2,1427.3,1456.7,7990.71774114
1654992000000,1458.1,1470.9,1357,1367.3,8770.63454149
1655078400000,1365,1383.9,1115.8,1160.3,28792.89538076
1655164800000,1157.9,1219.1,1033.7,1156.7,20966.67380065
1655251200000,1156.7,1200,966.48,1183.1,29700.15956117
1655337600000,1181.4,1200,997,1012.3,11812.87913739
1655424000000,1013,1062.3,996.21,1035.3,6776.119187
1655510400000,1033.8,1044,839.99,947.27,23862.71432117
1655596800000,946.11,1104,891.53,1075.1,20056.64007037
1655683200000,1074.9,1108.9,1001,1070.8,14644.74078847
1655769600000,1070.6,1129,1052.3,1068.1,14413.6096588
1655856000000,1068.5,1070.2,987.5,992.97,9538.57156848
1655942400000,993.53,1094.6,988.61,1087.7,7742.95301333
1656028800000,1087.4,1179,1073,1160,10812.92843771
1656115200000,1159,1191,1117.9,1176.7,6429.10220118
1656201600000,1176.7,1212.9,1131,1134.4,5942.98477924
1656288000000,1133.4,1171,1107.6,1126.9,5558.98695473
1656374400000,1124.8,1173.4,1078.6,1085.5,5911.29624192
1656460800000,1086.2,1097.3,1038.8,1051.5,5528.17482298
1656547200000,1050.9,1058.1,957.46,1019.6,9765.4684057
1656633600000,1022.2,1061,988.4,1016.2,7042.0387815
1656720000000,1016,1034.3,986.2,1022.2,3500.6826583
1656806400000,1022.6,1042.2,998,1028.1,3490.94181914
1656892800000,1027.9,1110.3,1001,1101.1,6260.8964738
1656979200000,1101.7,1137.8,1050.3,1104.5,8826.10408168
1657065600000,1103.3,1181,1081.6,1163.3,6923.06179715
1657152000000,1163.3,1233.6,1137.5,1217.8,8978.30451688
1657238400000,1216.1,1252.1,1175.2,1193.5,8915.41103378
1657324800000,1191.8,1210.4,1182.4,1195.3,3495.01129105
1657411200000,1194.9,1196,1132.6,1146.7,4903.29214974
1657497600000,1147.5,1152,1086.1,1090.6,5291.59775159
1657584000000,1090.8,1091.2,1029.9,1033.6,5986.35818996
1657670400000,1034.9,1113.7,1005,1110,9076.74629276
1657756800000,1110.6,1210,1070.9,1188.7,8388.46262061
1657843200000,1189.4,1274.9,1178.2,1219.3,7560.56267279
1657929600000,1221.1,1416.5,1181.1,1345.7,11356.79014335
1658016000000,1345.7,1373.8,1307.4,1324,7321.91641274
1658102400000,1325.3,1569.2,1323,1557.6,15961.61829574
1658188800000,1557.6,1606.3,1468.9,1509.4,15896.65930083
1658275200000,1507.3,1584.3,1405,1494.1,15139.69533807
1658361600000,1493.1,1574,1435,1540.4,8758.20339828
1658448000000,1540.1,1620,1485.3,1505.2,10248.22335583
1658534400000,1505,1564.9,1459,1517.8,5996.02750777
1658620800000,1525.3,1626.9,1515.8,1567.3,6913.89876801
1658707200000,1565.9,1578.3,1402.2,1407.5,12204.0343319
1658793600000,1408.3,1436.7,1341,1433.7,8159.97363469
1658880000000,1432,1610,1401.5,1602.9,13158.7489168
1658966400000,1604.4,1750,1568.1,1694,15607.62209453
1659052800000,1693.2,1727.2,1627.1,1684,13713.09270794
1659139200000,1687.4,1705.7,1638.2,1661,7724.9425046
1659225600000,1661.3,1716.5,1629.8,1646.1,5367.61394882
1659312000000,1645.4,1667,1566.6,1588.4,6141.60992735
1659398400000,1588.4,1647,1525.1,1607.6,7790.84887209
1659484800000,1605.3,1654,1565.9,1592.6,5796.70560332
1659571200000,1592.4,1635,1544.1,1569.4,5582.00691223
1659657600000,1570.1,1708,1567.7,1705.2,8442.66352643
1659744000000,1705.6,1718.5,1657.5,1659.2,3502.54532952
1659830400000,1661.5,1700.1,1641,1673.1,3375.39293959
1659916800000,1673.1,1780.8,1666,1745.5,8178.99898116
1660003200000,1743.4,1755.1,1630.7,1668,8185.72560211
1660089600000,1665.8,1830.3,1621.5,1799.7,12566.41318912
1660176000000,1799.7,1875.2,1797.3,1823.5,9338.88727052
1660262400000,1822.4,1914.5,1800.8,1907.6,5985.53221553
1660348800000,1909.8,1969.6,1896.7,1935.1,6593.79040226
1660435200000,1935.5,1980,1858.5,1889.1,8841.76307982
1660521600000,1887.6,1964.6,1834.8,1875.1,6849.85362343
1660608000000,1870.2,1890.5,1823,1844.7,5633.39182092
1660694400000,1844.3,1925.2,1788.6,1802,8140.45821038
1660780800000,1800.7,1863.9,1790,1831.6,4775.99772623
1660867200000,1828.7,1830.1,1596.3,1602,16260.41932543
1660953600000,1602.1,1651.5,1518.3,1571,8373.36917571
1661040000000,1571.1,1639.3,1557.7,1613.1,8104.70225589
1661126400000,1612.4,1638.4,1529.2,1634.7,7400.0180463
1661212800000,1637,1680,1575.3,1670.1,6310.06282064
1661299200000,1670.3,1699.3,1615,1661.2,5806.2003363
1661385600000,1662.3,1723,1660.1,1700.4,5104.63624962
1661472000000,1700.4,1701.9,1498,1516.1,14113.13853734
1661558400000,1515.3,1525.5,1451.2,1498.2,8724.36384817
1661644800000,1498.7,1516.5,1432.6,1436.7,4566.97842599
1661731200000,1437.4,1559,1431.1,1550.1,9130.3485248
1661817600000,1548.6,1600.3,1470,1521.3,11922.17492921
1661904000000,1522.3,1611.5,1522.1,1549.1,8910.93911511
1661990400000,1548.3,1606.4,1523.2,1592,7427.84920871
1662076800000,1591.2,1647.5,1555,1582,9610.48522336
1662163200000,1581.6,1589.4,1541.6,1564.1,3845.34255289
1662249600000,1565.3,1594.3,1549.3,1594.3,4317.00032902
1662336000000,1594.4,1636.5,1566.7,1624.3,4918.27757045
1662422400000,1624.7,1699,1569.9,1574.6,12913.84562593
1662508800000,1574.5,1654.9,1512,1629.9,8564.23466611
1662595200000,1631.2,1661.7,1597,1632.6,8406.01232691
1662681600000,1630.1,1736,1624.1,1709.2,12893.00127048
1662768000000,1709.2,1778,1650,1765.3,7779.11601979
1662854400000,1765.3,1778,1706.6,1750.9,5105.09757742
1662940800000,1754.4,1766.7,1671,1695.4,9069.51603223
1663027200000,1693.7,1725,1568,1578.9,12489.49664803
1663113600000,1579.4,1649.9,1557.5,1642.2,6792.96914909
1663200000000,1641.2,1659.9,1459.9,1474.8,14452.76929966
1663286400000,1473.9,1486.7,1405,1432.7,7038.75740925
1663372800000,1432.5,1475.1,1408.1,1467.6,4953.66765285
1663459200000,1468.3,1468.3,1324.7,1331.9,8644.43558074
1663545600000,1331,1391.8,1284,1372.6,10498.04294614
1663632000000,1371.4,1385,1318.6,1327.7,5152.43300288
1663718400000,1324.9,1424,1240.9,1267.2,13999.05177365
1663891200000,1348.4,1381.2,1296.9,1369,10421.38075736
1663977600000,1369,1390.7,1348.1,1357.8,4960.42984443
1664064000000,1360.5,1378,1313.9,1336.5,4340.93296175
1664150400000,1337.9,1392.3,1326,1388.5,7766.74977849
1664236800000,1389.2,1452.6,1360,1384.1,9182.94341866
1664323200000,1385.8,1396,1318,1376.6,7300.21784569
1664409600000,1377.4,1393.2,1325,1359.8,6390.65961855
1664496000000,1359.6,1400,1343.4,1356,6347.70086912
1664582400000,1355.9,1360.8,1330.2,1337.4,1891.86999332
1664668800000,1337.4,1345.1,1299.2,1303.3,3619.31740978
1664755200000,1304.3,1357.1,1292.4,1347.1,3585.40547854
1664841600000,1346.5,1377.2,1342.7,1364.3,3010.90714594
1664928000000,1364.1,1378.9,1332.8,1366.8,3033.07983715
1665014400000,1364.9,1400,1364.6,1381.8,4162.41960724
1665100800000,1381.9,1389.6,1351,1367.2,3388.24839638
1665187200000,1367.3,1373,1339.7,1351.5,1358.12914019
1665273600000,1350,1364.5,1342.7,1359.1,1831.41597552
1665360000000,1359.7,1373.7,1329,1329.6,2275.99833148
1665446400000,1327.6,1332.8,1306.5,1319.7,2575.40839664
1665532800000,1319.4,1345.4,1315.6,1334,1673.71722473
1665619200000,1333.9,1336.9,1242.3,1318.3,7214.75048193
1665705600000,1317.6,1375.4,1313.3,1333.1,4045.74716261
1665792000000,1333.8,1338.4,1302,1312.4,1687.57350737
1665878400000,1311.6,1352.5,1311.6,1340.2,1903.97292579
1665964800000,1340.8,1366,1329.4,1352.8,2612.3646838
1666051200000,1353.4,1361,1308,1329.4,2539.05254964
1666137600000,1329.4,1336.2,1310.8,1315.9,1309.10713857
1666224000000,1315,1334.1,1300,1312.1,2038.37205442
1666310400000,1310.9,1325.3,1289.8,1318.4,2232.4482085
1666396800000,1319.7,1338,1313.5,1332.3,1051.71335018
1666483200000,1333.5,1389.8,1320,1383.7,2435.33371501
1666569600000,1383.8,1390,1342.5,1360.6,2256.8571383
1666656000000,1359.6,1528.1,1351.2,1465.8,8289.60555752
1666742400000,1467.7,1590,1465.2,1553,10236.60824008
1666828800000,1551.4,1578.3,1512,1518.4,6084.7419831
1666915200000,1518.4,1583,1495,1559.4,5768.32315969
1667001600000,1560.1,1666.3,1554.5,1624.5,6051.35100567
1667088000000,1625.4,1645,1580.8,1598.3,3108.38430938
1667174400000,1598.3,1644.7,1561.1,1590.5,4824.48974233
1667260800000,1591.8,1622.5,1578.7,1598.6,3092.99441938
1667347200000,1598.7,1631,1530,1547.6,7011.21877949
1667433600000,1546.5,1595,1545.1,1571.3,2549.33487174
1667520000000,1569.8,1689,1566,1651.6,6949.28026438
1667606400000,1651.5,1672,1629.6,1632.8,2402.47140399
1667692800000,1631.8,1645.7,1577.9,1579.7,2723.05276557
1667779200000,1580,1606,1545.6,1566,7051.17806238
1667865600000,1563.5,1574.2,1240,1326.7,24650.88634772
1667952000000,1325.2,1329.2,1072.1,1100.4,32835.66083642
1668038400000,1100.4,1328.9,1084.4,1272.1,24274.98197099
1668124800000,1272.6,1281.6,1164.1,1242.2,11397.14565807
1668211200000,1243.6,1243.6,1195,1210,2961.17045254
1668297600000,1210.1,1227.7,1158.7,1180.8,3873.05272451
1668384000000,1181.8,1248.3,1133.1,1201.9,9298.87080487
1668470400000,1200.5,1236.6,1197,1208.5,5083.3602664
1668556800000,1207.9,1221.6,1140.2,1169.5,6170.42089631
1668643200000,1169.8,1181.7,1138.3,1157.8,2811.85403527
1668729600000,1158.8,1187,1158.6,1172.3,2266.74321051
1668816000000,1172.8,1192.8,1159.8,1177.4,1338.08119324
1668902400000,1178,1187.1,1095.9,1105.7,4226.20716394
1668988800000,1104.2,1116.9,1052.7,1079.8,7967.1125048
1669075200000,1077.8,1110.4,1046,1102.9,5032.3983538
1669161600000,1105.4,1143.9,1094.7,1136.7,4436.02753123
1669248000000,1136.8,1165.6,1132.7,1157.1,2212.13317025
1669334400000,1155.9,1157,1124,1149.6,1671.28676461
1669420800000,1151.7,1181,1149.3,1157.8,1896.00877983
1669507200000,1159,1174.1,1147.6,1150.8,1667.37771311
1669593600000,1150.5,1155.1,1107.3,1129.5,3069.9844416
1669680000000,1127.5,1185.9,1119,1176.8,2400.76888274
1669766400000,1176.5,1256.3,1174,1241.6,4809.39437495
1669852800000,1241.1,1242.1,1203.1,1211.3,2931.7482148
1669939200000,1212.8,1230.3,1205.3,1230,1653.78900649
1670025600000,1230,1237.5,1175,1179.1,1629.79427358
1670112000000,1179.9,1220,1179.9,1214.3,1715.21908413
1670198400000,1214.7,1238.4,1189,1200.7,2898.70036292
1670284800000,1200.6,1216.5,1183.4,1213.3,1493.7653681
1670371200000,1214.3,1219.4,1161.6,1171.6,2002.53808796
1670457600000,1170.5,1222,1164,1212.1,1933.64532011
1670544000000,1212,1226,1193,1198.1,2045.60800009
1670630400000,1198.3,1217.6,1196,1202.3,995.80185951
1670716800000,1201.8,1218,1193.7,1200.1,1380.47680045
1670803200000,1200.1,1211.8,1176.9,1207.8,2458.98755777
1670889600000,1209.7,1265.5,1188.5,1242.9,5348.09827368
1670976000000,1241,1265.1,1219.7,1224.6,4125.25537181
1671062400000,1224.5,1228.7,1182,1188.3,3066.36592814
1671148800000,1189,1202.4,1091.4,1100.6,6892.49293447
1671235200000,1101.7,1124.3,1097,1122,2869.11741537
1671321600000,1122,1129.8,1106.7,1116.9,1553.22536178
1671408000000,1116.8,1127,1083.3,1098.1,2675.13186685
1671494400000,1098.5,1154.3,1095.3,1144.2,2677.80833796
1671580800000,1145.5,1150.3,1134.9,1144.6,1132.89107046
1671667200000,1144.8,1161,1117,1148,2451.00312189
1671753600000,1148.2,1156,1142,1146.7,1988.22380387
1671840000000,1146.7,1153.5,1142,1148.4,1085.1254646
1671926400000,1148.4,1150.9,1128.1,1147.4,1296.52921986
1672012800000,1145.3,1155.6,1139.5,1153.4,836.13249587
1672099200000,1156,1158.5,1129,1137,1354.17991948
1672185600000,1138.8,1140.6,1113.2,1119.5,1831.34139407
1672272000000,1120.1,1132,1115,1124.7,1048.81766281
1672358400000,1124.7,1127.3,1108,1119.2,1162.10955636
1672444800000,1119.2,1128.7,1112.2,1115.8,1338.57416577
1672531200000,1116.3,1124.5,1111.9,1122,825.65923486
1672617600000,1122,1143.6,1116,1134.8,1481.25121579
1672704000000,1136.5,1154.8,1133.4,1150,1674.12626818
1672790400000,1150,1196,1147.2,1183.9,2935.85956552
1672876800000,1185.9,1192.7,1171.1,1189.4,1783.3033075
1672963200000,1188.2,1198.4,1176,1192.7,2066.43897559
1673049600000,1192.6,1194,1184.2,1188,794.614515
1673136000000,1186.3,1212.2,1182,1210.2,1081.44963228
1673222400000,1210.1,1252.1,1205.5,1230.7,2812.8700056
1673308800000,1230.7,1253.1,1229,1244.2,1899.33733396
1673395200000,1244.5,1293.9,1226,1288.9,2199.98492099
1673481600000,1288.7,1324.5,1265,1305.2,4682.77366416
1673568000000,1302.5,1352.5,1291.7,1339.7,2969.70141548
1673654400000,1340.2,1464,1337,1430.8,6189.42929367
1673740800000,1428.9,1442,1394.9,1433.4,2422.9682877
1673827200000,1432.8,1480,1405.7,1456.2,4017.87224224
1673913600000,1455.9,1481.2,1425.8,1450.5,3522.11768556
1674000000000,1450.5,1478,1386.5,1400.1,5513.68209053
1674086400000,1399.4,1442.1,1398.1,1432.2,2199.38335482
1674172800000,1432.2,1535,1422.6,1526.5,4226.05367899
1674259200000,1526.8,1547,1490,1498.6,3723.03945941
1674345600000,1496.8,1531.3,1478.7,1497.9,2784.08912722
1674432000000,1496.9,1515.5,1463.9,1497.5,2383.5084004
1674518400000,1496.4,1509.6,1411.3,1428.2,3104.77978005
1674604800000,1426.8,1503,1400,1474,3633.26730357
1674691200000,1477.1,1494.1,1452.9,1468.5,2142.05594783
1674777600000,1468.4,1491.5,1428,1471.3,1838.02023369
1674864000000,1469.3,1479.4,1436.1,1448.8,1229.20976082
1674950400000,1446.8,1525.6,1443,1512.5,3324.01060174
1675036800000,1511.5,1514.5,1419.5,1444.6,3122.69335077
1675123200000,1444.9,1475,1439,1460,1572.91043095
1675209600000,1458.8,1500,1428.1,1488.8,2839.67649479
1675296000000,1490.7,1567.7,1488.1,1508.1,3973.34484776
1675382400000,1508.1,1546.4,1497,1538.8,2232.76796093
1675468800000,1540.4,1568,1524.1,1544.9,1727.60078506
1675555200000,1545.2,1551.2,1495,1510.8,2561.48508886
1675641600000,1510.8,1543.2,1491.4,1504.1,1680.41109858
1675728000000,1504.5,1561.9,1502.7,1555.7,2062.71521459
1675814400000,1556.6,1578.7,1521,1537.9,2319.5921539
1675900800000,1540.5,1544.7,1423,1440.2,3586.62720205
1675987200000,1437.9,1449.7,1403,1418.4,1918.21357913
1676073600000,1417.8,1447.1,1412.5,1443.1,1014.24791156
1676160000000,1443.2,1452.1,1401.1,1419.4,1176.60436809
1676246400000,1417.9,1429.3,1364.9,1404.7,2160.47829172
1676332800000,1404.6,1457.9,1390,1449.7,2519.16040249
1676419200000,1448.2,1566.5,1438.7,1566.1,5002.13768012
1676505600000,1564.1,1633.3,1530.2,1536,5379.89974848
1676592000000,1535.5,1609.3,1530,1583.8,2609.44449201
1676678400000,1583.7,1599.8,1570.4,1580.6,1028.38806946
1676764800000,1580.1,1611.7,1558.9,1574.1,1783.22009923
1676851200000,1570.3,1607.3,1547.8,1594.3,1999.12876873
1676937600000,1592.4,1606.6,1540,1559.1,2225.9792992
1677024000000,1559.6,1564.6,1504,1550,2154.22513146
1677110400000,1550.6,1579,1535.9,1559,1968.19976695
1677196800000,1557.4,1568.1,1499.2,1524.8,2018.76730543
1677283200000,1526,1527,1481.2,1516.8,1060.11977708
1677369600000,1516.5,1564.5,1510.7,1554.5,1272.29304752
1677456000000,1554.4,1574.5,1519,1539.8,1679.83389326
1677542400000,1540.7,1553.4,1512,1518.3,1082.30554735
1677628800000,1517.6,1567.1,1511,1560.9,1510.3060691
1677715200000,1559.8,1570,1527.9,1551.6,1162.32699082
1677801600000,1553,1554.3,1456,1476.6,2627.58311125
1677888000000,1477.3,1482.7,1456.6,1474.2,864.65109269
1677974400000,1472.2,1493.1,1461.9,1473.5,704.05272637
1678060800000,1473.5,1481.7,1461,1465.7,864.86697422
1678147200000,1466.3,1481.8,1450,1480.6,1066.27167621
1678233600000,1479.2,1487,1450,1451.3,946.82926254
1678320000000,1453.3,1464.7,1332.2,1360.6,3126.9092043
1678406400000,1358,1359.2,1295,1343.2,3644.28183329
1678492800000,1344.2,1483.6,1329.5,1382.6,6490.81343986
1678579200000,1383.1,1496.2,1362.5,1483.2,3748.05771114
1678665600000,1485.5,1570,1457.6,1550.6,8145.95261603
1678752000000,1549.6,1655,1521.5,1582.2,8210.8386518
1678838400000,1581.8,1606.8,1526.9,1561.5,4358.43161307
1678924800000,1564.2,1595,1544.5,1577.9,1940.91126909
1679011200000,1577.1,1685.1,1568.8,1678.3,5332.04480352
1679097600000,1676.2,1720.7,1638.9,1648,4228.67100733
1679184000000,1646.8,1725,1646.8,1670.3,4135.14035582
1679270400000,1672.5,1695.6,1612,1623.7,3313.7952394
1679356800000,1621.6,1705,1610,1679,2848.85497257
1679443200000,1675.1,1689.9,1578.9,1599.6,4638.73503451
1679529600000,1599.6,1705,1593,1677.8,3824.98728554
1679616000000,1676.2,1681.7,1607.2,1630.1,2610.03292681
1679702400000,1630,1640.6,1597.1,1621.4,1533.19181786
1679788800000,1621.6,1672,1620.3,1648,1396.07018136
1679875200000,1646.6,1655,1567.7,1586.7,2365.80408227
1679961600000,1589.3,1652.6,1574,1634.5,1862.02230634
1680048000000,1635,1683.7,1634.2,1651.5,2689.20359332
1680134400000,1653.1,1685.4,1620.1,1646,1898.7832276
1680220800000,1645.7,1696.9,1635.7,1681.2,2023.90833903
1680307200000,1681.3,1697.4,1667.9,1679.2,849.86158981
1680393600000,1679.5,1686.6,1641.1,1662.1,1487.49229527
1680480000000,1661.2,1687.5,1625.8,1659.7,2131.14066497
1680566400000,1660.1,1734.1,1652.5,1710,3365.26190566
1680652800000,1706.8,1766.4,1702.5,1751.8,3170.83114311
1680739200000,1750.4,1751.4,1701.3,1716.2,1543.86764359
1680825600000,1715.6,1726.6,1690.6,1710.3,1013.35101526
1680912000000,1710,1726.4,1696.7,1700,890.52502861
1680998400000,1700,1720,1680,1703.4,1155.13116168
1681084800000,1703.7,1763.6,1696.6,1756,1778.23104238
1681171200000,1756.1,1777.8,1724.9,1732,2799.97034402
1681257600000,1731,1759.8,1700,1743.6,3415.41228084
1681344000000,1744.6,1830,1727.7,1822.2,4602.0868118
1681430400000,1821.9,1929,1820.1,1910.4,6737.4875983
1681516800000,1909.7,1922,1886.4,1904,1644.71885169
1681603200000,1902.5,1945,1889,1931.8,2170.89874668
1681689600000,1929.2,1930.9,1880.2,1901.7,2319.32694914
1681776000000,1899.2,1934.7,1881,1918,2178.24818531
1681862400000,1916.6,1917.3,1759.1,1768,4660.45121199
1681948800000,1768,1803.1,1750,1771.9,2876.90550418
1682035200000,1771.3,1784.4,1664.4,1682.1,3478.45748798
1682121600000,1682.2,1750,1680,1714,2111.66267665
1682208000000,1712.8,1748.9,1676.1,1696.8,1329.96166645
1682294400000,1697.6,1720,1639.5,1665.3,1659.92822138
1682380800000,1665.5,1712.2,1637.5,1700.7,1599.09729155
1682467200000,1698.5,1776.9,1620,1690.2,4496.56224725
1682553600000,1689.7,1759,1687.2,1731.6,1788.7503613
1682640000000,1731.7,1748.6,1701,1716.8,1154.89841206
1682726400000,1715.8,1740.6,1711.7,1731.7,683.07406893
1682812800000,1732.5,1759.4,1698,1698,1106.01770113
1682899200000,1701.9,1714.8,1646.7,1670.6,1782.48313653
1682985600000,1670.3,1710,1661.6,1698.7,1197.02589934
1683072000000,1698.7,1730.6,1669,1720.7,1428.81645126
1683158400000,1720.9,1734.2,1695.1,1703.9,1006.49587585
1683244800000,1704.3,1813.8,1702.2,1808.4,3531.48327804
1683331200000,1808.6,1830,1700,1724.1,2334.16926814
1683417600000,1726.8,1756,1700,1700.8,1211.97479585
1683504000000,1701.3,1712,1650,1681.9,2496.39327256
1683590400000,1681.7,1697.4,1665,1684.6,975.85880998
1683676800000,1684.2,1717.3,1627.6,1678.2,2039.96538919
1683763200000,1678,1681.3,1626,1645,1224.32419794
1683849600000,1645.6,1673.1,1594,1665.5,1824.64289089
1683936000000,1666.4,1672.6,1648.4,1657.1,645.4161938
1684022400000,1656.6,1681.9,1650.6,1659.9,616.20632519
1684108800000,1659.4,1698.5,1647.3,1671,862.5432553
1684195200000,1670.4,1685,1654,1679.5,635.96175777
1684281600000,1678.9,1692.4,1649,1680.1,996.30882203
1684368000000,1681.6,1691.9,1644.8,1670.9,841.87815286
1684454400000,1670.1,1689.9,1665.5,1677.7,654.1821835
1684540800000,1677.2,1692.2,1671.7,1683.3,474.72505483
1684627200000,1684.8,1690.9,1664.3,1666.9,686.28642007
1684713600000,1668.4,1690,1658,1681.9,689.60680669
1684800000000,1680.6,1728.8,1679.3,1722.2,1332.43896459
1684886400000,1722.3,1722.3,1650,1673,1463.15866334
1684972800000,1674.8,1695,1645,1683.2,996.89473858
1685059200000,1684.8,1715,1675,1704.9,1048.06220192
1685145600000,1704,1711.3,1692,1705.7,508.26670518
1685232000000,1705.4,1785.9,1702.1,1779.3,1726.38927568
1685318400000,1779.7,1796.7,1750,1767.8,1517.69797854
1685404800000,1767.7,1785.2,1759.3,1772.1,1056.57997989
1685491200000,1770.4,1779.6,1734,1752.9,1668.18343718
1685577600000,1754.4,1766.9,1724.5,1728.6,1044.37815995
1685664000000,1729.7,1784.7,1720,1781,1011.31666475
1685750400000,1780.9,1782.6,1759.9,1768.5,582.16470489
1685836800000,1766.8,1786.3,1760.1,1768.7,610.9371728
1685923200000,1765.5,1769.2,1663,1693.8,2477.43154406
1686009600000,1692.5,1774.2,1684,1760.5,2172.28816846
1686096000000,1759.9,1770.1,1703.2,1711.7,1347.36362571
1686182400000,1711.7,1727.5,1708.4,1712.8,858.66469271
1686268800000,1713,1723.4,1699.9,1712.5,722.55262187
1686355200000,1711.5,1715,1605,1636.1,2824.1331292
1686441600000,1636,1658.1,1623.4,1632.9,721.22427432
1686528000000,1634.1,1634.5,1600.7,1617.6,1097.60410044
1686614400000,1616.6,1634.1,1600,1613.2,808.33824988
1686700800000,1611.6,1620.3,1510,1525.4,1962.56234182
1686787200000,1524.5,1534,1492.5,1521.3,1863.89990896
1686873600000,1522.3,1579,1510,1567.8,1691.37197698
1686960000000,1568.9,1611.5,1565.2,1578,1136.82788303
1687046400000,1578,1596.7,1568,1573.3,739.5249388
1687132800000,1572.3,1599.9,1555.1,1590.4,874.36764444
1687219200000,1589.2,1642.8,1571.6,1639.1,1506.47134864
1687305600000,1638.9,1729.7,1636.1,1716.7,3231.66031952
1687392000000,1716.2,1753,1702,1709.4,2092.30523987
1687478400000,1708.7,1775,1704.2,1736.6,1815.84402591
1687564800000,1736.1,1747.8,1712.9,1720.9,816.62282975
1687651200000,1719.9,1770,1715.6,1743.2,959.96225136
1687737600000,1740.6,1747.8,1685,1703.1,1678.5230552
1687824000000,1704.5,1744.9,1700.6,1724.3,1134.98475555
1687910400000,1724.6,1724.7,1670.2,1676.2,1581.4037317
1687996800000,1676,1727,1675.5,1706.1,1291.48908889
1688083200000,1703.4,1782,1675,1769.1,4049.22876651
1688169600000,1770.1,1779.8,1749.1,1763.5,1028.69330933
1688256000000,1762.7,1793,1732,1775.7,1118.15149513
1688342400000,1775.7,1811.3,1772.3,1792.2,1952.75393334
1688428800000,1791.8,1804.7,1774.3,1779.8,1285.28285771
1688515200000,1778.2,1786.5,1740,1761,1443.87446322
1688601600000,1758.8,1800.8,1698,1698,2037.8166773
1688688000000,1698,1722.4,1681,1707.9,1608.61349593
1688774400000,1706.6,1708.8,1683,1701.5,791.74383097
1688860800000,1702.1,1715,1694.1,1699.7,630.96993727
1688947200000,1698.9,1733,1686.1,1709.2,950.72972338
1689033600000,1710,1715.2,1694.2,1706.6,787.90267572
1689120000000,1705.8,1720,1676.4,1681.7,1109.07649544
1689206400000,1681.6,1794,1674.5,1786.6,4124.88820157
1689292800000,1785.5,1805,1695,1728.9,3267.82395661
1689379200000,1728.9,1735.5,1718.9,1723.6,812.85304346
1689465600000,1722.1,1736.5,1710.4,1714.2,845.60543574
1689552000000,1713.3,1726.4,1672.3,1702,1570.94642658
1689638400000,1703.3,1706.6,1680,1690.6,862.2977535
1689724800000,1690.7,1713.7,1682.6,1687.2,1042.51946797
1689811200000,1688,1720,1682,1699.3,1271.43270704
1689897600000,1699.9,1712,1694.3,1701.6,917.11188826
1689984000000,1700.2,1705.7,1668.6,1679.5,669.35370544
1690070400000,1679,1713.6,1672.9,1697.6,639.36520384
1690156800000,1698.9,1699.3,1656.7,1673.3,1249.36153307
1690243200000,1673.3,1692.4,1666.6,1681.9,896.66266138
1690329600000,1681.1,1703.6,1670,1689.2,1202.74384113
1690416000000,1689,1704,1680.1,1693.9,1099.01046868
1690502400000,1693,1705,1689.4,1700,711.29300924
1690588800000,1700.5,1711.4,1695.1,1705.3,505.90319792
1690675200000,1707,1709.5,1678.8,1687.2,1263.51657904
1690761600000,1688.6,1701.3,1682.8,1687.7,756.35021619
1690848000000,1686.4,1698.9,1655.3,1698,1488.5124428
1690934400000,1697.2,1704.9,1663.5,1680.8,889.20411704
1691020800000,1680.3,1694,1671,1674.2,817.94121823
1691107200000,1674.2,1679.5,1650,1660.8,803.51305859
1691193600000,1660.7,1669.9,1657.4,1668.5,672.649939
1691280000000,1668.3,1669.4,1658,1660.5,729.13119495
1691366400000,1659.9,1675,1640.1,1659.3,886.56535608
1691452800000,1661.5,1710.6,1660.3,1692.5,1399.65589965
1691539200000,1691.5,1702.2,1680,1688.8,917.25386123
1691625600000,1688.2,1692,1675.2,1685.1,613.19376942
1691712000000,1684.1,1691.1,1675.3,1685.7,729.36861691
1691798400000,1686.1,1693.2,1684.2,1689.8,567.33086364
1691884800000,1689.8,1699.7,1677.1,1679.6,548.30397637
1691971200000,1679.3,1697.7,1677.6,1688.7,608.69127864
1692057600000,1688.3,1692.4,1662.1,1675.2,827.14889945
1692144000000,1674.5,1676.3,1652,1659,988.87397139
1692230400000,1660.5,1663,1440,1548.1,4203.59852146
1692316800000,1547,1562.7,1510,1529.6,2466.91467503
1692403200000,1529.6,1563.2,1522,1540,1020.46195971
1692489600000,1540.1,1559.9,1531.9,1551.1,909.38019402
1692576000000,1551.4,1551.4,1515.7,1530,911.59958042
1692662400000,1530,1532.5,1460,1505.8,1604.92185943
1692748800000,1507.4,1563.3,1501.4,1546.6,1412.12084121
1692835200000,1545.5,1548.9,1514,1537.5,1076.69395568
1692921600000,1537.5,1546.3,1516,1531.8,786.75447603
1693008000000,1531.9,1533.4,1522.2,1525.3,359.10350538
1693094400000,1526.3,1538.7,1524.9,1534.6,543.20761468
1693180800000,1535.3,1536,1503.7,1526.4,813.38221278
1693267200000,1526.1,1608,1516.2,1591.7,2419.32587279
1693353600000,1591.3,1592,1552.8,1560.1,1359.52205877
1693440000000,1560.3,1588,1506,1518.4,1340.55009294
1693526400000,1518.2,1525.8,1485.6,1511.5,1294.73560636
1693612800000,1511.7,1525.8,1509.5,1518.3,531.02875687
1693699200000,1520.1,1527,1507.6,1517.7,520.15136096
1693785600000,1518,1522.1,1498.1,1509.8,727.31818764
1693872000000,1510.2,1535.6,1492,1523.8,705.18795448
1693958400000,1523.8,1553,1500.7,1523.8,975.91154276
1694044800000,1522.8,1550.9,1516.5,1541,873.98874705
1694131200000,1540.6,1545.9,1511,1529.3,796.84454366
1694217600000,1529.4,1531,1523.6,1528,350.69236851
1694304000000,1529,1529.2,1498.8,1508.1,800.01820092
1694390400000,1509.3,1510.7,1424.6,1443.1,2010.56912329
1694476800000,1444.3,1512,1442.4,1480.5,1443.47484501
1694563200000,1481.5,1505,1471.2,1497.6,1057.33345372
1694649600000,1497.5,1544.6,1497.1,1529.9,1380.16663115
1694736000000,1529.9,1549.4,1510.7,1538.2,764.43167775
1694822400000,1540.3,1548.1,1529.3,1532,508.22651463
1694908800000,1532.9,1533,1511.8,1520.1,486.53763257
1694995200000,1521.8,1565,1506.7,1530.1,1337.44399431
1695081600000,1531.1,1553.5,1523.2,1538.5,1058.53970064
1695168000000,1537.9,1543.7,1504.2,1522.6,1348.73973323
1695254400000,1522.2,1528,1474.2,1484.9,1065.71599923
1695340800000,1485.8,1505.5,1480.8,1497,753.25131258
1695427200000,1496.8,1500.6,1491.5,1497,377.48448502
1695513600000,1498.2,1503.3,1477,1485,452.2301831
1695600000000,1484.1,1506.4,1470.9,1498.4,1051.93925277
1695686400000,1497.9,1507.9,1492.4,1507.4,574.92996502
1695772800000,1506.3,1548,1503,1520.6,1358.18360811
1695859200000,1520.6,1576.9,1518.8,1564.6,1773.29640031
1695945600000,1564.5,1590.8,1558.5,1577,1408.31609238
1696032000000,1576.3,1600.7,1574.8,1579.5,879.45685914
1696118400000,1580.5,1650,1577.8,1640,1216.41533021
1696204800000,1640.7,1649,1563,1586.9,2630.65875974
1696291200000,1587.5,1596,1570.6,1582.9,1057.65505686
1696377600000,1583.4,1583.4,1552,1567.2,1015.59779099
1696464000000,1568.2,1573,1527.8,1529.6,1087.38000866
1696550400000,1529.2,1568,1529,1554.1,908.36977452
1696636800000,1555,1557.4,1540.5,1545.3,509.7694894
1696723200000,1543.4,1553.1,1528.7,1546.6,751.16979725
1696809600000,1546.5,1550.2,1473,1494.3,2185.05891459
1696896000000,1492.6,1509.9,1463.6,1478.1,1093.77343115
1696982400000,1478.3,1488.8,1460,1475.1,1098.45146186
1697068800000,1473.2,1474.9,1443.4,1460,1227.08112768
1697155200000,1460.1,1497.6,1457.5,1476.6,984.91999067
1697241600000,1477.3,1485.9,1470,1479.6,524.03115601
1697328000000,1479.5,1490.6,1474.6,1480.1,717.31382729
1697414400000,1481.1,1605,1478.6,1514.9,2752.29803905
1697500800000,1516.1,1517,1470,1480.1,1093.80683163
1697587200000,1482,1501,1477,1484.5,1132.40565366
1697673600000,1483.9,1487.6,1464,1481.3,1119.8325946
1697760000000,1481.6,1539.5,1477.4,1514.5,2349.05179022
1697846400000,1513.6,1550,1503.5,1537.6,1550.74400899
1697932800000,1537.8,1573.1,1530.4,1569.3,1323.26650918
1698019200000,1569.4,1685,1564.9,1654.2,4647.11803011
1698105600000,1654.3,1745,1646.9,1684.7,6383.22491834
1698192000000,1682.6,1716.4,1661.9,1693,2740.85199957
1698278400000,1692.8,1768.8,1674,1707.7,4021.76350862
1698364800000,1706,1708,1656.8,1684.4,1615.20788987
1698451200000,1684,1707.7,1678,1683.1,1515.03235782
1698537600000,1683,1716,1671.6,1699.5,1489.29293226
1698624000000,1699.7,1727,1678.3,1706,1652.65621596
1698710400000,1704.7,1718.3,1680,1715.8,1713.21737989
1698796800000,1715.2,1758.4,1690,1744.3,3657.9738436
1698883200000,1746.6,1768,1685,1697.7,2802.53201555
1698969600000,1696.4,1711.7,1674,1710.4,1691.66369616
1699056000000,1710,1744,1702.9,1731.2,1468.46934973
1699142400000,1731.6,1783.9,1722.9,1764.6,3679.96524969
1699228800000,1764.8,1784.1,1744.5,1773.9,2926.42371459
1699315200000,1775.3,1784.2,1733.8,1764.4,2953.85669393
1699401600000,1763.1,1780,1754.2,1764.1,1992.05587309
1699488000000,1764,1999,1760,1988.3,12020.6777592
1699574400000,1990.5,2002.3,1934,1945.1,6316.29281548
1699660800000,1945.1,1959.4,1903.1,1926.3,4152.6156863
1699747200000,1926.3,1936.4,1890,1914.6,2501.03911523
1699833600000,1915.9,1981.4,1900,1921.8,4751.43980684
1699920000000,1921.5,1931.9,1785.1,1821.2,4410.75748484
1700006400000,1820.3,1903.3,1809.2,1897.6,4693.98962597
1700092800000,1899.9,1928.3,1788,1807.1,5110.36997879
1700179200000,1809,1834.1,1754,1800.3,3611.72581854
1700265600000,1799.6,1810,1760.7,1802.6,1375.61613901
1700352000000,1803,1848,1784.2,1844.8,2228.76509699
1700438400000,1844.8,1890.2,1822.2,1849.2,3481.95692021
1700524800000,1849.6,1859.6,1771.6,1771.6,3214.26732798
1700611200000,1771.6,1920,1768.6,1896.3,4225.88434777
1700697600000,1896.5,1913.3,1871.8,1893.5,1737.02746682
1700784000000,1891.8,1950,1890.7,1902.3,3169.12247406
1700870400000,1903.4,1913.2,1891,1907.4,1298.42389426
1700956800000,1905.2,1916.6,1865,1886.8,2174.17335636
1701043200000,1887.6,1896.5,1814,1851.5,3043.78953378
1701129600000,1850.8,1888.7,1823.2,1863.6,1860.47007463
1701216000000,1862.1,1891.6,1841.7,1850.8,1775.27418129
1701302400000,1849.4,1886.9,1842.5,1883.3,1672.87433
1701388800000,1884.9,1940,1877.6,1918.6,2840.66979541
1701475200000,1919.9,2007,1917.9,1988,3703.69574719
1701561600000,1988.3,2036.8,1975.1,2015.6,3121.60147689
1701648000000,2016.1,2092.8,2013.9,2068.9,5199.04155969
1701734400000,2067.2,2139,2023.3,2124.6,6141.03690807
1701820800000,2124.7,2140.9,2063,2071.9,4346.15771641
1701907200000,2073.8,2208.4,2060,2186.8,4978.84947274
1701993600000,2185.8,2217.6,2177.5,2192.1,4036.74874048
1702080000000,2194.2,2234.3,2165,2177.6,3508.46041763
1702166400000,2175.7,2212.9,2157.6,2185.5,2012.52294766
1702252800000,2185.5,2189,2000.4,2066.4,8102.52791158
1702339200000,2065.5,2084.3,2006.7,2039.3,4925.09672385
1702425600000,2039.9,2100,1991.2,2077.5,6167.90808166
1702512000000,2077.5,2121.3,2039.6,2106.8,3858.99607103
1702598400000,2106.6,2109.7,2025,2040,2763.0453688
1702684800000,2040.2,2078.6,2032.2,2048.9,1801.77367111
1702771200000,2048.9,2063.8,2012.5,2016.3,1563.43570808
1702857600000,2016.9,2037.7,1941,2032,4190.79777956
1702944000000,2032.8,2063.5,1945.5,1984.8,4408.15450734
1703030400000,1985.3,2065,1972,2013,4361.33201369
1703116800000,2013,2075.1,1994.4,2037.1,4005.61849989
1703203200000,2037.8,2127.4,2030,2113.7,6094.75701779
1703289600000,2114,2118.8,2061,2101.3,3046.75736669
1703376000000,2101.3,2115.8,2042,2062,4244.84921019
1703462400000,2062.6,2099.1,2050.9,2063.7,3558.6298294
1703548800000,2063.2,2065.9,1975.4,2022.9,3819.78519466
1703635200000,2023.5,2155,2008.8,2143.9,6823.85938885
1703721600000,2144.5,2200.4,2113.7,2119.9,6489.50691628
1703808000000,2120.2,2170,2048.6,2087.9,6895.42543622
1703894400000,2087.7,2108.6,2052,2080.7,3662.96908352
1703980800000,2081,2108,2047.1,2072.3,3013.87140392
1704067200000,2072.4,2133,2057.7,2133,2967.71860992
1704153600000,2132.8,2206,2128.2,2154.6,6304.32182562
1704240000000,2155,2180.5,1950,2030.2,8583.17558015
1704326400000,2029.3,2101,2015,2075.1,4693.26394373
1704412800000,2075.1,2084,2017.9,2076.4,4622.57324978
1704499200000,2076.6,2077.7,2029.4,2052.2,1711.25445529
1704585600000,2052.6,2067.9,2019,2033.3,2599.77288697
1704672000000,2032.3,2153.8,1984.1,2130,6389.42819279
1704758400000,2130.1,2171.7,2039.1,2146.1,8681.58450675
1704844800000,2146.2,2411.8,2142.4,2358.2,18888.2730277
1704931200000,2359,2460.4,2339.1,2385.5,14728.49081213
1705017600000,2386.8,2476.8,2244.3,2308.9,14341.68775489
1705104000000,2307.9,2379,2285,2360.3,4201.32713074
1705190400000,2359.7,2360.6,2256.8,2261.2,3471.05382466
1705276800000,2260.2,2333,2257.8,2294.8,3469.05706966
1705363200000,2294.5,2405.7,2291.2,2379.4,4201.91101188
1705449600000,2379.4,2384.4,2302.8,2324.1,3777.52068284
1705536000000,2323.7,2340.4,2232,2270.8,4246.28629287
1705622400000,2271.8,2299.9,2215,2287.3,4264.55761157
1705708800000,2287.4,2287.4,2252.4,2268.8,1352.43609237
1705795200000,2268.9,2278.3,2251.6,2255.2,1336.52015131
1705881600000,2254.2,2262.2,2112.3,2123.9,5507.05484834
1705968000000,2123.5,2156.1,1994.2,2066.9,7282.78489275
1706054400000,2066.3,2078,2020,2054.5,4077.68408208
1706140800000,2053.6,2059.9,2005.5,2043,3339.35179935
1706227200000,2043.9,2102.3,2029,2091.1,3652.01113382
1706313600000,2091.6,2105,2076.1,2091.5,1386.80836989
1706400000000,2091.8,2126.9,2066.5,2082.5,1597.32912625
1706486400000,2082.2,2144.3,2069.1,2140.1,2152.48573982
1706572800000,2140.8,2206.8,2119.3,2161,3809.16657322
1706659200000,2161.2,2168.7,2092.7,2112.9,3878.3679896
1706745600000,2113.2,2132.5,2075.2,2119.6,2219.12230225
1706832000000,2120.2,2149.3,2112.4,2139,2245.49240818
1706918400000,2139.3,2157,2125.4,2128.9,1002.12455674
1707004800000,2128.9,2142.7,2104,2123.6,1468.33689111
1707091200000,2123.6,2172.9,2106,2142.4,2111.67268243
1707177600000,2142.6,2228,2139.6,2205.9,4448.44643838
1707264000000,2206.4,2268,2187.1,2248.3,3358.87687933
1707350400000,2249.2,2287,2235,2244.5,3291.48055051
1707436800000,2244.5,2342.8,2244,2286.2,6075.0992315
1707523200000,2287,2323.4,2268.2,2307.1,3701.81664192
1707609600000,2306.4,2337,2301.2,2314.5,2685.45396074
1707696000000,2314.3,2468.1,2294.1,2464.7,7996.15396893
1707782400000,2465.5,2492,2416.8,2466.5,7208.1094957
1707868800000,2466.9,2600,2446,2588.6,7606.03089442
1707955200000,2589,2660,2574.9,2621.2,7659.80745248
1708041600000,2621.3,2654.6,2550.1,2602.6,5196.62306161
1708128000000,2603.3,2605.3,2521.3,2587.5,3352.91013949
1708214400000,2587.5,2687,2568.7,2671.1,4161.62445929
1708300800000,2672.2,2770,2649.8,2732.9,6130.11005931
1708387200000,2733.8,2805.2,2665,2788.4,8118.47481134
1708473600000,2789.2,2791.1,2656.8,2746.4,6087.35445685
1708560000000,2745.1,2804.9,2685,2745.3,5274.61591284
1708646400000,2745.4,2766.7,2685,2698.8,3496.95236505
1708732800000,2699.4,2776,2685,2763.7,2307.70550168
1708819200000,2764.1,2880.9,2755.5,2877.5,5398.33912414
1708905600000,2879.2,2944.7,2800,2919.5,8316.38597015
1708992000000,2919.3,3028.4,2910.9,2990.3,9850.57856944
1709078400000,2990.4,3214.5,2803,3119.6,18698.13980392
1709164800000,3119.6,3245,3052.2,3089.2,13673.95623128
1709251200000,3089.2,3190.8,3087.5,3166,5380.98905902
1709337600000,3166,3188,3131,3156.8,4248.65953566
1709424000000,3157,3218.1,3101,3216,3011.20187301
1709510400000,3215.1,3350,3160,3338.5,11297.56776845
1709596800000,3342,3520,2904,3282.8,31264.38573447
1709683200000,3281.8,3588,3232,3504.1,11418.88340047
1709769600000,3505.1,3594.6,3428,3533.7,7438.8229954
1709856000000,3534.8,3652,3495,3555.4,10910.50463025
1709942400000,3556.2,3610.1,3545.2,3572.6,4060.13003076
1710028800000,3575.1,3626.5,3473.4,3549.6,4298.18891212
1710115200000,3548.9,3732.3,3417.8,3709.6,9826.02410183
1710201600000,3710.6,3733.6,3505.7,3643,10126.85174442
1710288000000,3645,3735.8,3600,3659.3,6553.54050398
1710374400000,3659.4,3665.5,3416.8,3570.1,9855.35191186
1710460800000,3570.9,3616,3263,3437.6,12944.29277662
1710547200000,3439.9,3473.4,3182.3,3228.4,6993.83220586
1710633600000,3227.5,3380,3121,3351.4,7911.14760372
1710720000000,3350.2,3350.3,3176.9,3236.2,5994.70245795
1710806400000,3236.2,3260.4,2895.1,2905.5,15778.50873894
1710892800000,2904.3,3235.7,2814,3217.7,15309.96791467
1710979200000,3218.7,3297.8,3139.5,3217.7,6544.61896772
1711065600000,3216.7,3270.1,3013.3,3093,5817.95545797
1711152000000,3093.5,3182.8,3032.5,3084.3,2782.86175485
1711238400000,3083.1,3211.2,3056.6,3195.2,3495.04288089
1711324800000,3197.3,3376,3162.6,3308.3,6399.44303695
1711411200000,3308.5,3392.2,3268,3310,4643.21526494
1711497600000,3309.9,3386.7,3199,3237.5,4908.78318316
1711584000000,3237.7,3341.1,3202.8,3297.1,3822.31033456
1711670400000,3297.6,3322.5,3215.3,3253.2,2995.41462673
1711756800000,3253.4,3304.1,3230,3254,2477.99266527
1711843200000,3253.8,3387.9,3253,3379.2,2974.36844189
1711929600000,3378.1,3378.4,3182.3,3265.3,4711.04678416
1712016000000,3265.8,3268.5,2989.7,3049.7,7550.52725591
1712102400000,3050.2,3122.7,2981.8,3058.2,4364.78347952
1712188800000,3057,3175.6,3002,3074.9,4593.80041138
1712275200000,3075.3,3090,2963.4,3063.9,5122.46812827
1712361600000,3063.9,3137.9,3054.6,3094,2289.49538624
1712448000000,3094.4,3193.1,3087.7,3188.6,3108.6883054
1712534400000,3188.6,3430.4,3142.4,3397.7,9019.99708614
1712620800000,3396.8,3426.6,3183.6,3230.5,7070.33955451
1712707200000,3229.2,3314.5,3164.1,3298.6,5703.23185365
1712793600000,3295.8,3366.7,3240,3265.6,5341.00445264
1712880000000,3264.8,3323.5,2927,3075.1,9857.09326636
1712966400000,3074.7,3121.5,2714,2880.8,9036.04054104
1713052800000,2880.6,3023.4,2766.8,2976.1,8335.90283764
1713139200000,2971.9,3081.4,2847.9,2923.3,7218.69300195
1713225600000,2924.7,2950.6,2817.8,2905.1,6069.80784611
1713312000000,2907.2,2944,2742.7,2800.3,6285.12649164
1713398400000,2800.7,2907.3,2765.2,2883.3,4638.90624823
1713484800000,2881.3,2939,2701.5,2873.7,6599.37467441
1713571200000,2875.2,2983.2,2840,2968.1,3136.09283612
1713657600000,2968.6,3003.9,2930,2956.6,3665.75976482
1713744000000,2955.5,3038.7,2937.7,3006.8,3019.16203916
1713830400000,3006.8,3050.6,2952.8,3009.5,3718.03452704
1713916800000,3008.4,3081.6,2905,2937.1,5233.00477619
1714003200000,2936.3,2976.4,2865.7,2943.5,4784.09690915
1714089600000,2944.3,2962.3,2905.6,2929.5,3293.65384277
1714176000000,2930.5,3073.5,2872,3046,3552.00666851
1714262400000,3047.7,3140.6,3039.8,3047.6,3368.2944467
1714348800000,3049.2,3069.4,2914.2,2999.5,4732.59141678
1714435200000,3000.9,3030.8,2730.1,2822.6,7580.24832283
1714521600000,2823.9,2831.8,2635.4,2770.1,9989.44582424
1714608000000,2770.5,2816.3,2700,2783.7,4522.41272003
1714694400000,2784,2909.5,2757.1,2886.3,4337.28847246
1714780800000,2885.7,2945.1,2877.5,2898.1,3032.25285429
1714867200000,2896.9,2947.3,2857.9,2915.9,2262.34416974
1714953600000,2916.4,2991.7,2828.5,2843.8,4713.10835576
1715040000000,2844.2,2909.6,2792,2796.5,3573.01059972
1715126400000,2797.1,2827.4,2734,2767.8,3939.91127318
1715212800000,2766.8,2835.9,2746.8,2817.4,2701.53297605
1715299200000,2816.3,2832.1,2673.8,2706,3831.51058603
1715385600000,2705.9,2736.9,2685.2,2706.6,1693.54180518
1715472000000,2706.7,2744.8,2697.2,2720.2,1195.0890016
1715558400000,2722.4,2778.2,2661,2732.5,3517.89804615
1715644800000,2732.7,2743.4,2644.4,2664.7,4105.17253913
1715731200000,2667.9,2788.1,2647.5,2780.9,4340.44170941
1715817600000,2780.8,2786.9,2681.4,2705.3,2620.73215741
1715904000000,2706.3,2868.8,2697.5,2842.9,4507.94844734
1715990400000,2842.4,2893.5,2835,2870.9,2021.16841128
1716076800000,2872.3,2883,2806.9,2822,1818.87304741
1716163200000,2821.4,3329.3,2800.7,3304.8,9733.21687595
1716249600000,3307.7,3510.8,3234,3471.4,14182.22099122
1716336000000,3470.6,3497.4,3368.2,3450.9,7343.42724758
1716422400000,3450.4,3638,3167,3502.4,18368.54859746
1716508800000,3501.7,3545.4,3354,3440,6059.31366193
1716595200000,3440,3485.6,3423.1,3460.4,1832.93194033
1716681600000,3460.4,3580.2,3443.7,3529.2,3527.80377877
1716768000000,3528.9,3656.9,3525.5,3580.9,5433.5034198
1716854400000,3581.7,3612.1,3474.2,3539,3070.03650875
1716940800000,3540.9,3579,3462.1,3485.9,2511.10877394
1717027200000,3483.9,3526.2,3424.2,3458.7,2396.91316774
1717113600000,3459.3,3543.1,3434,3468.6,2238.0531138
1717200000000,3470,3532.7,3459.7,3516.8,1032.55813874
1717286400000,3516.9,3536.9,3460.1,3487.7,1146.92105441
1717372800000,3484.2,3543,3446.3,3453,2074.97591768
1717459200000,3452.2,3517.2,3407.4,3495.3,2337.01383317
1717545600000,3495.2,3570,3465.2,3550.3,3599.03967531
1717632000000,3552.6,3556.1,3452.6,3500.7,2540.94738909
1717718400000,3500.1,3536.6,3310,3412.1,4511.63579503
1717804800000,3412,3441.5,3397.1,3416.4,917.79922272
1717891200000,3416.2,3457.7,3404.4,3443.4,1024.76644855
1717977600000,3443.6,3454.8,3387.4,3405,1618.18825331
1718064000000,3402.4,3410.4,3196,3260,4705.72672987
1718150400000,3261.4,3380.7,3227.6,3293.8,2986.75945081
1718236800000,3293.3,3294.1,3188.6,3231,2152.81324319
1718323200000,3233.6,3298.3,3145.2,3256.8,3373.36639844
1718409600000,3256.5,3358.9,3247.4,3333,2251.37541514
1718496000000,3332.8,3412.2,3310.8,3386.7,1178.23004933
1718582400000,3387.4,3398.3,3231.3,3269.9,2418.97638566
1718668800000,3269.1,3273.8,3136,3243.7,3721.99909507
1718755200000,3244.1,3339.7,3227.9,3314.6,2583.57492611
1718841600000,3307.9,3376.6,3254.3,3281.2,2289.40496316
1718928000000,3281.5,3316,3224.3,3290.1,1952.17797019
1719014400000,3293.6,3293.6,3251,3263.2,777.06592977
1719100800000,3264,3286.4,3187.5,3200.1,1030.29561848
1719187200000,3199.4,3210.2,3015.9,3122.5,5344.25933193
1719273600000,3120.7,3201,3108.1,3173.8,2224.86779469
1719360000000,3172.9,3198,3113.8,3153.9,1556.83532942
1719446400000,3151.7,3241,3145.8,3217.9,2194.49415085
1719532800000,3218.5,3258.4,3140,3152,2236.33985848
1719619200000,3152.1,3179.2,3147.6,3150.6,772.81126702
1719705600000,3153.3,3218.6,3129.8,3199.4,1222.12895661
1719792000000,3200.2,3274.1,3185.1,3204.4,1833.30773987
1719878400000,3205.5,3224.2,3167.5,3180.1,1240.45453378
1719964800000,3180.2,3189.1,3012.5,3053.1,3188.11478356
1720051200000,3057,3068.5,2824.9,2830.5,5666.08930402
1720137600000,2832,2876.7,2580,2753.1,10412.63041931
1720224000000,2753,2840.6,2730,2829.2,1926.58960013
1720310400000,2828.5,2831.9,2699.6,2707.8,1870.2592336
1720396800000,2709.4,2854.7,2607.4,2786.2,4119.1631743
1720483200000,2782.6,2874.9,2772.9,2832,2706.96599446
1720569600000,2831.5,2912.1,2797,2863.3,2419.95160157
1720656000000,2863,2949,2820.6,2851.5,2618.08822531
1720742400000,2852.5,2896,2798.2,2874.1,1960.00000608
1720828800000,2874.6,2935,2856.2,2910.2,1295.79042909
1720915200000,2910.8,3002,2902.3,2979.9,1764.91440108
1721001600000,2982.4,3207.3,2970.8,3196.1,3670.35687273
1721088000000,3197.7,3210.6,3067.4,3157.7,4080.3754661
1721174400000,3159.3,3225.6,3091.4,3097.6,2660.84998042
1721260800000,3101.8,3196.1,3088,3143.7,1588.06097033
1721347200000,3143,3253,3102.9,3216.9,2985.34841916
1721433600000,3217.4,3250,3196.4,3224.6,1736.86403802
1721520000000,3225.2,3249.5,3130,3237.6,2326.68855393
1721606400000,3238.4,3261.2,3144.5,3159.3,3236.31239425
1721692800000,3159.4,3256.1,3124.5,3210.2,4760.18945542
1721779200000,3210,3214.2,3041.8,3077.9,3272.19019105
1721865600000,3078,3084.4,2848.1,2927.3,5622.9699019
1721952000000,2926.3,3026.5,2924.7,3016.3,2939.63857109
1722038400000,3015.7,3061.4,2938.5,2986.8,2456.82075824
1722124800000,2983.7,3021,2942.8,3010.8,1067.07343061
1722211200000,3010.8,3129,3007.6,3067.8,4706.63030699
1722297600000,3064.9,3111.2,2965,3030.8,2574.69938611
1722384000000,3031,3088.9,2970,2987,3186.29034868
1722470400000,2988.3,2995.7,2856.1,2969.7,4554.23349454
1722556800000,2969.9,2982.5,2720,2740.7,5604.62532349
1722643200000,2738.9,2772.5,2626.6,2666.4,4379.16649956
1722729600000,2666.2,2695,2413,2464.8,8030.0047588
1722816000000,2465.8,2471.8,1975,2216.1,28357.07173656
1722902400000,2217.3,2340.4,2213.4,2256.8,9788.77668774
1722988800000,2256.8,2340,2115.8,2142.4,9929.41509671
1723075200000,2145.7,2496,2125.4,2459,9434.32740926
1723161600000,2458.6,2476.8,2339.1,2383.4,6702.35854041
1723248000000,2382.5,2425,2362.6,2393.4,1756.60356702
1723334400000,2393.5,2493.4,2328.3,2341.7,3688.04173242
1723420800000,2342.2,2516,2300.7,2490.3,7809.70750926
1723507200000,2490.4,2500.6,2391.5,2458.9,9592.76266899
1723593600000,2459.7,2524.5,2388.4,2419,8444.80399235
1723680000000,2419,2437,2295.1,2343.8,5219.42895442
1723766400000,2343.9,2395.7,2321,2354.4,5260.70834788
1723852800000,2353.4,2385,2349.8,2373,948.94638581
1723939200000,2372.7,2437,2355.6,2370.5,2852.19844487
1724025600000,2370.2,2400.8,2321.3,2378.9,5365.96654116
1724112000000,2379.1,2433.9,2300.8,2313.4,8721.21345184
1724198400000,2313.2,2388,2282,2357,5308.6803034
1724284800000,2357.6,2375.7,2320,2360.6,4087.43539947
1724371200000,2360.9,2499,2357.4,2467,10670.30213339
1724457600000,2467,2517.6,2437.4,2470.3,2457.69470288
1724544000000,2469.9,2493.7,2436.1,2453.5,1649.42902174
1724630400000,2453.1,2466.7,2390.1,2401.5,4311.23865484
1724716800000,2402.8,2418.4,2130,2201.6,8403.79912378
1724803200000,2201.6,2299.8,2167,2274.3,5211.82660443
1724889600000,2275.3,2344.6,2259.8,2283.4,3775.74410319
1724976000000,2281.4,2301,2201.9,2287.9,6169.24180424
1725062400000,2287.5,2293.2,2255.9,2275.4,1288.71385303
1725148800000,2273.8,2277.7,2175,2199.9,3001.18562567
1725235200000,2199.4,2317,2197.7,2293.7,3334.78152697
1725321600000,2293.6,2305.7,2182.4,2194.8,3395.28434208
1725408000000,2195.9,2246.6,2089.2,2211.6,6412.51838798
1725494400000,2211,2225.3,2114.2,2132,4439.24478582
1725580800000,2131.7,2167,1942.5,2011.4,10407.47775172
1725667200000,2011,2090.9,2008.4,2054.6,2145.70071859
1725753600000,2055.4,2107,2024.8,2075.6,1816.49225919
1725840000000,2075.8,2160.1,2060.2,2139.2,4811.79335314
1725926400000,2140,2177,2106,2167.4,3598.32278114
1726012800000,2167.4,2167.6,2071,2126.1,6229.93991921
1726099200000,2126.1,2172.8,2097.7,2132.1,6284.38525305
1726185600000,2132.1,2225.7,2110.4,2202.6,6225.44090612
1726272000000,2203.3,2203.8,2146.2,2181.8,1816.18557703
1726358400000,2182.1,2191.7,2062.1,2090.8,2799.33548212
1726444800000,2090.1,2100.5,2032.7,2063.8,5029.69103913
1726531200000,2063.6,2153,2035.5,2105.2,4306.8809335
1726617600000,2104.7,2138.2,2046,2137,4350.43257472
1726704000000,2136.8,2233.8,2135.2,2205.5,5917.66951996
1726790400000,2207,2304,2182,2293.7,4592.25670975
1726876800000,2293.5,2349,2265,2340.2,1649.97110504
1726963200000,2339.3,2357.9,2262.4,2311.9,2263.65408033
1727049600000,2313.6,2429.2,2277,2382.8,7633.30290681
1727136000000,2383.4,2393,2321.2,2369.7,8304.87338267
1727222400000,2369.9,2387.3,2295,2318,7928.15160302
1727308800000,2318.1,2385,2298.3,2355.1,10420.4572631
1727395200000,2355,2446.5,2341.5,2414.1,11073.10395246
1727481600000,2414.2,2422.6,2375,2396.2,3901.46774526
1727568000000,2396.1,2403,2357,2380.3,4813.72254023
1727654400000,2379.7,2383.8,2312.6,2335.8,10597.57830215
1727740800000,2335.9,2386.7,2180,2213,15365.28842503
1727827200000,2211.6,2257.4,2129.6,2140.7,10745.75767905
1727913600000,2139.9,2178.1,2097.4,2129.7,6673.36176676
1728000000000,2130.4,2229.5,2121.3,2200.6,6318.6786658
1728086400000,2200.8,2213.7,2176.8,2199.1,1728.54720395
1728172800000,2199.7,2236.5,2192,2224,2296.37019895
1728259200000,2223.8,2295.9,2189,2206.8,6365.15802368
1728345600000,2209.3,2245.1,2190,2222.8,5239.54295372
1728432000000,2222.7,2255.4,2148.2,2165.4,3207.02027208
1728518400000,2165.6,2212.6,2132.8,2180.8,5990.9801386
1728604800000,2181.2,2258.7,2177.7,2228.6,4800.87541121
1728691200000,2228.3,2272,2224.9,2259.5,1382.30670939
1728777600000,2259.3,2268.6,2223.5,2257.9,1121.55057885
1728864000000,2258.7,2423.8,2237.3,2401,5516.41820799
1728950400000,2401.9,2459,2325,2393.6,2979.54762633
1729036800000,2391.9,2427,2377.6,2402.6,2766.28713405
1729123200000,2402.2,2436.4,2377.4,2403.8,2664.51919828
1729209600000,2401.9,2461,2394.6,2430.1,2876.27551145
1729296000000,2429.5,2448.4,2419,2432.9,953.84891753
1729382400000,2433.6,2532,2421.5,2520.6,2154.09208659
1729468800000,2520.1,2540.3,2451,2462.6,2685.48192434
1729555200000,2462.3,2467.3,2409,2425.5,3329.14187289
1729641600000,2430.1,2430.2,2279.3,2340.3,6867.72074221
1729728000000,2338.1,2371.8,2318.7,2340.7,5207.42682341
1729814400000,2341.4,2366,2206.5,2259.5,7793.81927068
1729900800000,2257.9,2321.8,2249.4,2299.2,2581.21355859
1729987200000,2299.6,2338.7,2281.8,2319.7,3036.90752365
1730073600000,2320.5,2390.5,2289.7,2370,5939.41737603
1730160000000,2370.2,2478.5,2364.6,2433.2,5598.56463908
1730246400000,2433.4,2508,2396.3,2446.8,6929.48238068
1730332800000,2447,2458.6,2297.8,2312,7361.23481692
1730419200000,2311,2382,2267.3,2319.8,3922.28421584
1730505600000,2318.8,2329.9,2282,2304.7,1065.02883304
1730592000000,2306.8,2309.3,2230.5,2263.6,3267.61842692
1730678400000,2263.6,2286.9,2169,2205.4,3446.43391026
1730764800000,2204.3,2275.2,2189.8,2218,4637.51529107
1730851200000,2218.1,2553.5,2217.3,2532.6,21825.90720622
1730937600000,2532.4,2701,2511.4,2679,14511.49129833
1731024000000,2681.4,2795,2676.8,2764.6,14881.1403953
1731110400000,2764.8,2944.9,2759.1,2917.7,9772.24538888
1731196800000,2917.3,3021.1,2782.1,2959.1,16033.49026244
1731283200000,2959.6,3153.4,2885.1,3135.4,15294.81096547
1731369600000,3135.6,3225,2820,3042.2,26807.49690505
1731456000000,3042.1,3145.5,2925.1,3009.3,29619.6675956
1731542400000,3009.6,3062.2,2875,2904.3,17895.89839798
1731628800000,2904.2,2961.8,2859.4,2925,15678.38194388
1731715200000,2925,3046.7,2907,2960.5,10962.14144426
1731801600000,2961.8,2985.6,2872,2911.9,8560.488392
1731888000000,2911,3043.6,2891.8,3029.3,16498.80436637
1731974400000,3027.8,3041.9,2898,2933.6,13971.21505432
1732060800000,2934,2993.8,2874,2906.6,12508.91421543
1732147200000,2905.2,3223.9,2874.7,3193.9,30411.81219763
1732233600000,3193.5,3257.2,3118.3,3188.2,22830.30524223
1732320000000,3188.8,3343.1,3165,3238.2,13964.5674439
1732406400000,3238.6,3292.5,3129.1,3205.8,9025.19607483
1732492800000,3206.8,3378.1,3148.5,3265.5,19200.71957272
1732579200000,3265.5,3307.9,3110,3168.2,13017.79177893
1732665600000,3166.8,3489.4,3149.6,3462.6,15844.05845812
1732752000000,3461.6,3470.8,3345.3,3389.7,14835.31890064
1732838400000,3388.1,3455.6,3339,3395.8,13200.7828471
1732924800000,3395.3,3533.6,3373.7,3500.9,11463.7565242
1733011200000,3501.3,3542.5,3459.2,3514.6,8386.83057139
1733097600000,3513.1,3570.4,3388.7,3469.2,17073.23257442
1733184000000,3469.8,3496.3,3319.1,3441.1,17014.70187322
1733270400000,3442.4,3702.6,3441.9,3649.6,27300.52284777
1733356800000,3650.1,3743,3465,3580.7,24161.0241149
1733443200000,3580.2,3875.7,3574,3786.4,23174.57390947
1733529600000,3786.2,3810,3759.6,3778.1,4674.93191419
1733616000000,3778.2,3800,3715,3789.7,4870.22496731
1733702400000,3789.2,3790.2,3300,3524.4,19755.4376696
1733788800000,3521.9,3586.6,3341.6,3449.5,18300.77091251
1733875200000,3449.2,3663.7,3386.5,3646.3,9264.74141731
1733961600000,3646.4,3800.8,3614.3,3704.7,10845.79160626
1734048000000,3703.5,3781.5,3678.7,3719.7,7546.97051421
1734134400000,3721.4,3754,3643,3683.4,5074.06483642
1734220800000,3683.7,3768.7,3646.8,3756.3,5485.3613214
1734307200000,3760,3902,3696.6,3787.6,16496.7758896
1734393600000,3787.6,3844.1,3667.2,3710.4,11302.29739743
1734480000000,3710.1,3735,3500,3508.8,17331.50890189
1734566400000,3507.9,3572.3,3205.6,3297.1,23899.15125912
1734652800000,3298.4,3355,2976,3332.6,27260.20859342
1734739200000,3333.1,3422.1,3167,3208.1,7632.73112843
1734825600000,3209.4,3269.2,3089.5,3144.4,6073.37402883
1734912000000,3145.8,3328.6,3084,3287.7,12925.89245276
1734998400000,3287.2,3405.3,3225.4,3359.2,7926.65770817
1735084800000,3357.9,3410.1,3309.9,3362.1,5816.66484546
1735171200000,3361.8,3378.9,3170.8,3199.9,4852.74327285
1735257600000,3198.2,3305,3172.4,3195.7,5848.26775443
1735344000000,3195.8,3280.2,3184.6,3258.4,9120.88790116
1735430400000,3258.2,3267.6,3182.7,3212.7,7979.12562272
1735516800000,3212.3,3287.6,3168,3224.5,13110.74536189
1735603200000,3224,3320.6,3182,3215.2,9955.44213019
1735689600000,3215.2,3251.7,3197,3239.9,7133.01093247
1735776000000,3239.6,3401.9,3234.8,3363.1,12551.84761731
1735862400000,3364.1,3523.2,3329.1,3500.2,15831.85077227
1735948800000,3501.3,3562.7,3465.1,3547.5,10198.92306278
1736035200000,3548.4,3566,3487.6,3527.8,9242.50556105
1736121600000,3530.6,3601,3477.3,3552.4,13404.34760279
1736208000000,3551.5,3563.4,3247.5,3273.2,12965.77577785
1736294400000,3273,3304.7,3115.5,3230.8,10286.08601626
1736380800000,3229.6,3259,3066.4,3129.7,7146.87556229
1736467200000,3132.8,3242.3,3116.9,3191.1,9195.49028325
1736553600000,3190.5,3239.2,3143.4,3198.9,3319.15637976
1736640000000,3199,3217.8,3145.6,3187.9,3776.90068442
1736726400000,3187.2,3257.5,2862,3057.9,19697.56791339
1736812800000,3057.8,3175.2,3051.5,3130.6,11505.60306569
1736899200000,3131.4,3373.6,3090.7,3347.1,13133.22003574
1736985600000,3347.4,3355.8,3169.1,3209.1,11261.88874986
1737072000000,3209.2,3425.4,3207.3,3372.9,11801.62181162
1737158400000,3374.8,3392.4,3133,3209.5,16625.09111097
1737244800000,3206.6,3358.2,3046.8,3126.7,26308.81056834
1737331200000,3127.1,3348.7,3057.1,3152.5,20078.1486058
1737417600000,3150.6,3230,3086.6,3197.9,10628.46590264
1737504000000,3197.3,3228.9,3097.6,3116.4,6475.69716399
1737590400000,3116.6,3216.8,3061.3,3206.2,9743.22315513
1737676800000,3207.7,3274,3140,3157.1,6845.02894832
1737763200000,3155.9,3195.7,3118.3,3165.7,3233.22097407
1737849600000,3165.8,3206.3,3088.2,3092,3448.57197667
1737936000000,3090.1,3112.1,2885.1,3050,13456.5764099
1738022400000,3050.3,3091.8,2914.4,2951.5,6884.16453529
1738108800000,2951.6,3051.9,2937.5,2987,8131.5738242
1738195200000,2987.5,3148.6,2965.7,3121,6645.15974482
1738281600000,3122.6,3304.8,3093.4,3184.2,14556.72103248
1738368000000,3186.4,3215.8,2999.8,3015.1,7236.41429991
1738454400000,3014.9,3061.2,2690,2801.7,21637.39098684
1738540800000,2802.7,2832.1,2109,2795.9,46930.87748126
1738627200000,2795.6,2804.8,2539,2636.1,20890.33427833
1738713600000,2636.1,2716.4,2602.6,2680.7,12677.93694595
1738800000000,2683.5,2761.1,2559.2,2589.2,12369.40189796
1738886400000,2588.8,2700.3,2484,2542.5,19264.40100806
1738972800000,2542.4,2585.9,2512.8,2553.4,6706.88982264
1739059200000,2553.9,2615,2450.1,2549.8,7814.71068156
1739145600000,2549.8,2613.5,2487,2583.9,9330.49337161
1739232000000,2585,2644.7,2474.5,2512.7,10752.06080924
1739318400000,2512.8,2692.2,2462.6,2634.1,21041.62009339
1739404800000,2635.3,2651.6,2509,2558.3,14186.71780075
1739491200000,2558.4,2657.9,2548.3,2600,12482.81189854
1739577600000,2599,2610.8,2542.3,2569.6,3798.87131932
1739664000000,2568.6,2600.5,2530,2539.4,4643.6660383
1739750400000,2538.6,2720.7,2516.1,2618.3,12124.94621386
1739836800000,2618.9,2630.7,2495,2554.8,12043.79466158
1739923200000,2554.1,2623.7,2542.2,2605.3,8967.39055949
1740009600000,2605.3,2652.7,2586.1,2608.3,8559.40123286
1740096000000,2607.8,2717.3,2502,2547.2,17319.69041864
1740182400000,2544.7,2675.1,2538.7,2643,5815.08392658
1740268800000,2643,2728.1,2626.6,2691.9,8123.54115142
1740355200000,2693.3,2709.5,2365.7,2403.6,20788.31710181
1740441600000,2403.4,2419.5,2217,2372,45439.30749378
1740528000000,2371.7,2386.9,2147.4,2224.3,21786.78924455
1740614400000,2226.5,2270.1,2143,2217.4,15699.78757618
1740700800000,2218,2223.8,1993.7,2155.5,26288.24661123
1740787200000,2157,2198.6,2067.8,2140,9113.17977524
1740873600000,2139.9,2453.6,2097.5,2420.5,21362.36369094
1740960000000,2421.3,2426.1,2002.7,2048.8,27302.2612252
1741046400000,2048.8,2093.9,1896.1,2046.3,25654.98620236
1741132800000,2045.6,2128,2009,2077.9,14745.70607935
1741219200000,2077.5,2147.3,2018.1,2043.2,16883.14096564
1741305600000,2043.5,2081,1950,1976.6,23833.88006678
1741392000000,1977.2,2063.5,1945.5,2034.8,11410.04186444
1741478400000,2035.4,2042.8,1836.6,1857.8,23730.73275198
1741564800000,1859.9,1995.8,1670.6,1718.7,29799.13644899
1741651200000,1719.6,1797.9,1616,1762.1,30925.12171631
1741737600000,1763.2,1795,1677.9,1752.7,27869.57337225
1741824000000,1753.8,1770,1677.7,1718.5,16944.46403246
1741910400000,1718,1789.1,1714.6,1757.1,10615.54540997
1741996800000,1757.2,1800.6,1750.9,1782.4,3217.59613917
1742083200000,1782.4,1785,1712.9,1735,6408.85163049
1742169600000,1735.2,1787.2,1728,1764.4,9793.47386039
1742256000000,1764.3,1768,1711.3,1766.6,9129.95245981
1742342400000,1766.2,1896.9,1762.4,1885,17151.97456472
1742428800000,1886.2,1894,1798.6,1826.2,12009.59048821
1742515200000,1826.4,1839.4,1786,1815.6,8962.48697864
1742601600000,1815.2,1854,1815,1830.7,3657.46255435
1742688000000,1830.1,1867.6,1826.8,1851.3,5272.17130944
1742774400000,1850.5,1945.3,1827.5,1926.8,14819.23826702
1742860800000,1926.7,1942,1886,1916.3,8707.12724466
1742947200000,1916.4,1927.4,1843,1871.5,12051.38880536
1743033600000,1871.5,1891.1,1842.8,1853.9,7425.44637413
1743120000000,1855.5,1866.9,1719.3,1752.3,13650.68898967
1743206400000,1752.2,1767.2,1661.1,1689.1,8498.2106505
1743292800000,1689.2,1708.7,1636.3,1670.3,7639.46395448
1743379200000,1671.2,1716.4,1641.4,1683.8,14436.2479366
1743465600000,1684.4,1790.2,1680,1764.7,10265.72836733
1743552000000,1763.4,1796,1641,1645.7,31348.5292793
1743638400000,1645.6,1690.6,1574.9,1644.4,30666.28247963
1743724800000,1645.4,1669.9,1592.5,1656.6,34910.08087916
1743811200000,1655.5,1666.4,1610.8,1646.5,3195.38745101
1743897600000,1647.6,1656,1398.6,1436.5,28081.2398088
1743984000000,1437.7,1494.9,1281,1421.9,72863.08690628
1744070400000,1422.7,1475.3,1317.2,1340.8,34792.25742347
1744156800000,1341.5,1542,1254.9,1524.2,59631.71728493
1744243200000,1524.1,1524.6,1313.3,1352.3,46543.08742932
1744329600000,1352.3,1405.1,1331.8,1379.1,86559.7532656
1744416000000,1379.1,1470.2,1362.2,1448.6,9684.77322004
1744502400000,1448.4,1453.1,1377.6,1407.9,14790.87379819
1744588800000,1407.9,1487.5,1406.6,1432.6,34992.58095392
1744675200000,1432.7,1467.6,1402.1,1407.4,27603.7666712
1744761600000,1407,1420,1353,1384,29525.14498257
1744848000000,1383.8,1424.9,1375,1392.5,21789.93365795
1744934400000,1392.3,1404.9,1384.4,1394.8,7263.96907247
1745020800000,1395,1431.4,1392,1415,4666.05035151
1745107200000,1415.3,1421,1375.2,1387,14759.94264644
1745193600000,1387.2,1440.1,1357,1371.9,25205.12334003
1745280000000,1371.5,1561.8,1340,1550.2,29443.66297684
1745366400000,1564,1612.3,1547.7,1584.8,24914.93666026
1745452800000,1584.4,1587.7,1514.1,1556.8,16614.0917992
1745539200000,1557.2,1608.9,1533,1572.1,17464.25188292
1745625600000,1571.8,1620.9,1567.7,1603.4,6182.56513893
1745712000000,1604.6,1635.4,1570,1579.4,5636.06017127
1745798400000,1580.1,1611.8,1532.5,1577.8,15519.46512389
1745884800000,1578.6,1619.3,1564.1,1580,20497.60820687
1745971200000,1579.2,1598.6,1524.1,1584.3,29696.17829861
1746057600000,1585.3,1660.3,1583,1627.6,34692.88030447
1746144000000,1627.4,1652,1601.4,1631,32420.31116223
1746230400000,1630.6,1637.1,1603.7,1624.4,9372.19351262
1746316800000,1624,1638.8,1594.3,1598.4,11650.4139045
1746403200000,1598.3,1620.4,1572.6,1609.4,24622.01337564
1746489600000,1609.5,1613.7,1542.8,1602,34105.80147349
1746576000000,1602.7,1631.8,1575,1602,34599.13609689
1746662400000,1602.2,1980.4,1598.3,1963.8,61620.612957
1746748800000,1963.6,2212.5,1944.3,2082.6,66171.71820696
1746835200000,2083.2,2308.4,2058.6,2294.1,37105.68877414
1746921600000,2292.8,2315.2,2165.1,2239.2,34761.38896533
1747008000000,2237.8,2356.4,2171.4,2248.3,46995.31462263
1747094400000,2247.7,2447.6,2175.4,2395.4,40303.24819712
1747180800000,2395.2,2435,2275.1,2333.8,37843.51829253
1747267200000,2333.8,2366.4,2217.4,2278.2,32879.05653382
1747353600000,2277.1,2364.6,2262.9,2273.2,26554.79028174
1747440000000,2272.7,2273.3,2190.8,2218,10280.19658958
1747526400000,2218.2,2316.6,2078.1,2231.2,17111.21713157
1747612800000,2231.8,2267.4,2096,2250.7,22562.00591656
1747699200000,2251.1,2301.2,2167.1,2237,21854.31709631
1747785600000,2235.6,2305.3,2163.3,2249.1,27403.03197237
1747872000000,2250.4,2380.3,2244.4,2357.6,17105.9387681
1747958400000,2358.4,2411.4,2203.2,2223.3,22606.83159208
1748044800000,2222.7,2267.5,2214.4,2228.3,6780.88432292
1748131200000,2227.9,2247.9,2169,2244.4,10203.11976688
1748217600000,2246.1,2282.7,2219.3,2253.2,8336.00925712
1748304000000,2252.4,2392.6,2202,2347.5,21675.51851737
1748390400000,2347,2390.2,2302.8,2388.3,13994.47901617
1748476800000,2388.7,2479.3,2304,2315.5,27647.59924451
1748563200000,2314.9,2337.7,2212.7,2232.4,15564.11367728
1748649600000,2232.8,2253.4,2187.1,2233.4,4869.891653
1748736000000,2233.1,2250.4,2180.8,2240.8,5551.96185523
1748822400000,2239.5,2285,2168.5,2277.5,9302.90799828
1748908800000,2278.2,2334.4,2265,2280.2,8347.98386771
1748995200000,2279.4,2347.8,2272.1,2285.2,10420.33150879
1749081600000,2285.1,2312,2090.8,2110,17782.64468717
1749168000000,2110.6,2224,2082.9,2174,11233.17061918
1749254400000,2175.5,2232.9,2158.7,2217.3,4578.38223565
1749340800000,2217.7,2237.1,2187.7,2201.8,4997.05037979
1749427200000,2201.1,2358.7,2170.7,2345.4,10356.80631412
1749513600000,2345.9,2472.5,2328.2,2462.5,20217.95790839
1749600000000,2461.7,2506.2,2387.9,2409.2,14307.2026967
1749686400000,2409.2,2420.5,2261,2280.4,16113.46001189
1749772800000,2279.4,2281.2,2113.3,2235.1,26288.97015227
1749859200000,2233.2,2233.2,2157,2194.7,5722.46788106
1749945600000,2194.4,2216,2160,2208.8,6689.10722123
1750032000000,2208.4,2318.7,2179.9,2203.2,13726.32180496
1750118400000,2202.9,2265,2134,2185.7,12656.7778002
1750204800000,2186.3,2213.9,2145.1,2200.6,12958.84154306
1750291200000,2201.1,2219.4,2169,2189.9,7159.75980416
1750377600000,2189.5,2231.2,2052,2089.7,11224.5784753
1750464000000,2089.8,2126.7,1925,1994.9,11111.43862735
1750550400000,1995.8,2010.1,1837.9,1938,16431.58377374
1750636800000,1935.6,2105,1900,2080.1,17144.96381702
1750723200000,2082.3,2137.8,2052,2110,13678.74317853
1750809600000,2109.8,2125,2061,2071.7,7008.30867609
1750896000000,2071.4,2156,2047.7,2067.1,8971.37301042
1750982400000,2066.5,2104.5,2038,2069.8,5868.83634363
1751068800000,2070.7,2090.5,2055.3,2080.6,2043.85986812
1751155200000,2081.1,2153.3,2059.4,2133.1,4637.32467287
1751241600000,2133.9,2153.9,2075.2,2110.4,5798.92450589
1751328000000,2109.2,2121.2,2023.4,2038.2,6290.68098505
1751414400000,2037.4,2219,2011.9,2177.9,8985.36465516
1751500800000,2179.6,2241.1,2167,2202.8,7919.17165774
1751587200000,2202.8,2213.2,2102.4,2131.3,4857.68405683
1751673600000,2131.5,2150.6,2114.9,2139.2,1372.17392536
1751760000000,2139.7,2212.1,2127.2,2182.8,3448.26815795
1751846400000,2182.3,2207,2143.2,2165.9,5707.801636
1751932800000,2165.9,2242.4,2149.4,2231,6083.13053044
1752019200000,2231.4,2384,2213.5,2359.4,9497.24895873
1752105600000,2360,2557,2347.2,2514.1,13548.43561967
1752192000000,2514.6,2592.1,2488.3,2517.4,17055.06680404
1752278400000,2517.9,2535.5,2468.4,2501.8,5167.97426558
1752364800000,2503.9,2564.2,2497.3,2537.6,4446.98527206
1752451200000,2535.1,2630.1,2527.6,2581.6,11431.71337086
1752537600000,2577.9,2707.4,2510.7,2702.7,13315.73535943
1752624000000,2702.9,2940.5,2669.5,2898.5,21455.53359503
1752710400000,2897.4,3030.7,2849.8,2992.7,17692.20306726
1752796800000,2992.1,3161.8,2976.7,3050.2,19995.79153494
1752883200000,3050.9,3103,3015.2,3089.6,4693.74062976
1752969600000,3090.5,3286,3079.4,3231.1,14494.09318371
1753056000000,3229.9,3301.1,3182,3218,13478.01503095
1753142400000,3218.9,3251.7,3092.8,3192.5,14938.28405989
1753228800000,3192.9,3208.1,2996.1,3083.7,18383.81310609
1753315200000,3083.3,3209.2,2980.8,3153.8,15920.13978577
1753401600000,3155.1,3196.7,3045.2,3172,16561.8064272
1753488000000,3171.9,3230.1,3147,3183.7,7361.59858896
1753574400000,3186.8,3300,3176.7,3295,10754.07770245
1753660800000,3294,3356.2,3239,3275,14645.93004318
1753747200000,3275.7,3361.5,3217.3,3284.7,13951.03770531
1753833600000,3283.8,3336.7,3218.3,3332,14179.39758685
1753920000000,3332.5,3385.9,3228.2,3238.8,11338.45714278
1754006400000,3238.5,3264,2963.9,3014,22496.68473828
1754092800000,3012.1,3055.5,2909,2931.2,9983.25173394
1754179200000,2929.6,3044.9,2896.6,3021.1,7742.32978582
1754265600000,3022.4,3228,3018,3213.1,11927.44667874
1754352000000,3213.3,3213.8,3063.4,3120.7,9270.10520919
1754438400000,3120.1,3175.1,3077,3159.9,6495.31694655
1754524800000,3158.6,3365.2,3131.3,3349,11526.8108943
1754611200000,3349.8,3495.6,3328.3,3441.2,13651.97755969
1754697600000,3441.4,3698.5,3439.8,3644.9,15034.35632475
1754784000000,3646.3,3703,3543.7,3645.2,7701.80975329
1754870400000,3641.7,3760.3,3581.7,3635.9,16455.03908372
1754956800000,3635.9,3970,3632.7,3928.1,21515.5174428
1755043200000,3926.6,4068.6,3905,4039.1,23476.5418414
1755129600000,4042,4085,3816.3,3905.5,25679.42562879
1755216000000,3906,3999,3737.3,3798.8,14144.20466718
1755302400000,3795.2,3842.5,3744.3,3788,5963.07100309
1755388800000,3786.1,3915.5,3784.6,3823,6590.82912031
1755475200000,3821.3,3830.4,3618.6,3698.4,17588.37750057
1755561600000,3697.7,3736.8,3494,3501.6,17183.83511763
1755648000000,3500.9,3757.8,3494,3722.4,12881.83791233
1755734400000,3721.4,3724.1,3623,3636.6,6962.88400622
1755820800000,3637.6,4160,3624.1,4097.2,29772.7582621
1755907200000,4098.7,4098.7,3955,4053.3,9745.42844534
1755993600000,4053,4209.7,4010.8,4076.7,16385.18897303
1756080000000,4079,4095,3731,3771.2,18466.86976054
1756166400000,3769.2,3981.4,3703.7,3954.6,11973.48338068
1756252800000,3955.1,4025,3851.3,3870,10377.35274727
1756339200000,3869,3980.6,3791.6,3862.9,8527.33716392
1756425600000,3861.2,3867.2,3655.5,3733.2,11902.43970355
1756512000000,3734.6,3783.3,3646.2,3746.6,4652.63446154
1756598400000,3746.8,3851.5,3745.8,3757.4,4595.94847473
1756684800000,3755.2,3832.1,3600,3683.8,7970.46286215
1756771200000,3685.7,3788.5,3658,3718.6,10859.96560643
1756857600000,3718.2,3847.8,3683.6,3818.2,7955.3553831
1756944000000,3817.4,3846.2,3662.6,3687.4,7724.21929718
1757030400000,3690.4,3832,3628.2,3678.1,13969.99113376
1757116800000,3678.2,3695.5,3616,3650.6,3496.093487
1757203200000,3651.9,3703.9,3645,3676.4,3158.19982442
1757289600000,3675.4,3731.4,3641,3659.1,5485.32892071
1757376000000,3659.7,3725,3634.4,3682.8,6445.12654104
1757462400000,3683.8,3799,3663,3715.2,9184.76726427
1757548800000,3715.8,3834.5,3708.8,3802.3,9604.66504393
1757635200000,3803.1,4045.6,3796,4014.4,11808.88343364
1757721600000,4014.2,4059,3908,3966.2,9561.87971302
1757808000000,3966,3987.4,3890,3927.6,5619.33977823
1757894400000,3927.1,3983.4,3796.7,3846.9,6813.29620872
1757980800000,3846.4,3859.7,3740,3791.7,5952.66503656
1758067200000,3793.6,3905.8,3725,3883.3,12178.5019403
1758153600000,3884,3938,3862.6,3892.9,7623.39347927
1758240000000,3893.6,3923.6,3778.3,3807.7,5915.03931682
1758326400000,3808.2,3843.3,3797.3,3818.9,1866.37866937
1758412800000,3819.3,3833.2,3787.7,3790.1,2665.49642643
1758499200000,3789.4,3800.4,3450,3564.1,17806.30537056
1758585600000,3560.2,3586.8,3492.5,3526.5,6387.16428227
1758672000000,3525.7,3584.8,3456,3538.6,6154.6611332
1758758400000,3537.9,3545.9,3281.5,3323.2,20261.75699826
1758844800000,3324.8,3480.8,3317.6,3450.5,10776.67146671
1758931200000,3449.7,3457.5,3399.4,3438,3118.8385901
1759017600000,3438.5,3543,3393.2,3541.4,3838.20551919
1759104000000,3541.49,3614.3,3479,3596.6,6097.89019353
1759190400000,3595.04,3626.52,3482.6,3532.1,7392.27270943
1759276800000,3532.87,3712.4,3505,3703.7,10536.02659145
1759363200000,3706.6,3851.5,3694,3825.9,7551.57908111
1759449600000,3824.5,3907,3710.84,3839.55,9632.68978554
1759536000000,3840.7,3844.9,3771.8,3813,2561.05835827
1759622400000,3813.6,3905.2,3796.58,3841.1,6139.84889109
1759708800000,3840.48,4035,3820,3991.9,11216.70247057
1759795200000,3991.7,4074.96,3801.52,3818.35,11648.6727105
1759881600000,3817.5,3928.1,3797.1,3892.3,6556.18028638
1759968000000,3892.81,3894.71,3690.82,3776.96,7820.3722313
1760054400000,3777.8,3798.9,2989,3345.9,24511.12649431
1760140800000,3347.7,3436.05,3179.23,3279.6,11244.797566
1760227200000,3277.2,3655,3232.5,3591,9758.26061073
1760313600000,3592.19,3715,3499.75,3673.01,9299.86814637
1760400000000,3672.74,3692.53,3371.1,3562.8,17031.79436101
1760486400000,3561.38,3629.2,3375.1,3423.75,9482.94668668
1760572800000,3425.91,3509.86,3275,3330.12,12477.7706197
1760659200000,3329.41,3375,3143.22,3292.26,16131.57306418
1760745600000,3292.53,3375,3281.67,3342.68,4826.50216364
1760832000000,3341.46,3461.8,3284.3,3419.83,7883.92779427
1760918400000,3419.49,3505.61,3355.03,3419.01,7268.29086615
1761004800000,3417.4,3539.3,3301,3339.9,11206.23066399
1761091200000,3337.63,3352.43,3195,3279.41,12686.05736992
1761177600000,3277.52,3390.07,3273.13,3319.8,5693.88430581
1761264000000,3321.7,3458.8,3310.88,3384.85,6519.90619113
1761350400000,3383.95,3411.51,3365.4,3399.62,2120.38539258
1761436800000,3398.9,3589.19,3369,3574.74,5827.56280271
1761523200000,3576.01,3658.2,3516.3,3535.13,7462.93043313
1761609600000,3534,3584.5,3377.98,3416.9,6831.83305821
1761696000000,3415.39,3472.8,3315,3365.33,7154.43881735
1761782400000,3364.52,3399.72,3181.39,3288.8,10288.72253201
1761868800000,3288.56,3384.6,3282.08,3332.23,7776.47108681
1761955200000,3331.3,3382.11,3318.34,3353.16,2980.86245182
1762041600000,3352.57,3395,3324.27,3387.49,4427.24831188
1762128000000,3386.57,3393,3088.07,3126.98,15135.22180974
1762214400000,3127.7,3175.06,2662.73,2863.1,31203.90949263
1762300800000,2861.8,3031.89,2756.22,2979.44,14700.63164582
1762387200000,2979.33,3004.4,2811.87,2869.11,10029.7549325
1762473600000,2869.71,3001.95,2758.95,2967.66,11967.03788549
1762560000000,2967.78,3011,2899.59,2938.59,6702.41539274
1762646400000,2939.38,3133.5,2902.82,3101.91,9306.62162542
1762732800000,3101.9,3163.38,3036.11,3085.79,10913.28459763
1762819200000,3086.15,3155.4,2939.06,2948.09,10081.55071676
1762905600000,2950.1,3101.5,2908,2946.29,9003.86536877
1762992000000,2945.59,3075.91,2710,2779.89,15710.70171713
1763078400000,2777.57,2801.94,2635,2675.93,16396.9576137
1763164800000,2676.47,2779.32,2675.21,2725.94,4015.30890951
1763251200000,2725.95,2794.83,2581.03,2661.9,10563.68084275
1763337600000,2660.3,2774.72,2547.19,2609.15,10062.11092743
1763424000000,2610.29,2736.31,2537.4,2695.21,10250.27499029
1763510400000,2694.61,2697.55,2490.05,2619.91,11179.92511821
1763596800000,2618.7,2657.11,2417,2453.39,14779.07257003
1763683200000,2454.09,2499.2,2278.2,2401.05,19898.79785443
1763769600000,2401.35,2430.57,2350.46,2406.52,5494.47709768
1763856000000,2405.97,2490.33,2404.36,2435.89,8109.04254308
1763942400000,2435.15,2591.27,2402.27,2563.42,11018.43927266
1764028800000,2562.84,2575.4,2468.51,2558.67,8748.35981658
1764115200000,2559.79,2626.68,2496.76,2610.3,9158.70491727
1764201600000,2608.31,2646.35,2575.7,2600.07,6311.43985155
1764288000000,2600.6,2680,2584.23,2615.78,7775.14456369
1764374400000,2615.49,2634,2557.4,2580.12,3419.43031385
1764460800000,2581.02,2635.17,2569.36,2580.61,3063.2388509
1764547200000,2579.41,2586.16,2337.84,2411.26,11635.54248249
1764633600000,2411.15,2615,2396.65,2577.23,8611.78238496
1764720000000,2575.4,2755.1,2568.06,2733.47,13056.01611255
1764806400000,2733.7,2778.38,2632.77,2691.78,8200.0650463
1764892800000,2692.23,2741.69,2564.1,2600.39,9010.63222962
1764979200000,2598.52,2639.58,2590.87,2613.29,3273.01972541
1765065600000,2612.38,2708.14,2501,2630.73,8008.67536598
1765152000000,2630.61,2729,2613.69,2685.5,6812.87631293
1765238400000,2685.54,2919.82,2655.12,2852.46,11496.37367678
1765324800000,2852.02,2949.99,2828.56,2843.2,10384.47798634
1765411200000,2841.84,2844.56,2679,2758.35,9038.52394252
1765497600000,2757.49,2782.47,2594.04,2630.3,6877.95476704
1765584000000,2631.2,2673.4,2625,2655.24,2293.97131633
1765670400000,2655.44,2668.1,2578.84,2610.47,4312.48337585
1765756800000,2611.21,2706.4,2466,2523.19,8604.50243512
1765843200000,2522.19,2534.5,2447,2520.83,6753.07672117
1765929600000,2517.99,2580.75,2375.28,2412.18,7392.43973546
1766016000000,2411.7,2554.24,2366.21,2411.41,9024.37323205
1766102400000,2411.37,2573.5,2394.27,2543.19,8257.78356191
1766188800000,2542.82,2555.8,2531.43,2542.81,2655.00189308
1766275200000,2543.21,2573.1,2514,2562.8,2521.89052067
1766361600000,2565.6,2621.35,2520.41,2556.83,6706.86062097
1766448000000,2556.6,2577.79,2462.63,2512.21,6325.20867272
1766534400000,2512.73,2521.05,2450,2501.5,3393.13630077
1766620800000,2500.6,2520.04,2453.12,2464.5,2918.1888945
1766707200000,2463.89,2540,2454.8,2487.15,4336.17941295
1766793600000,2487.9,2511.74,2476.48,2501.6,1774.26048368
1766880000000,2502.88,2511.73,2481.8,2503.47,2729.75710676
1766966400000,2504.6,2592,2472.7,2494.29,9597.81127252
1767052800000,2493.63,2555.77,2476.61,2528.68,5652.42712907
1767139200000,2526.88,2573.8,2516.69,2524.69,6879.16287778
1767225600000,2524.85,2558.3,2524.56,2553.77,2386.87223772
1767312000000,2554.12,2684.04,2541.3,2666.88,8621.33288153
1767398400000,2666.74,2676.69,2625,2669.93,3159.06837249
1767484800000,2670.33,2703.43,2661.87,2686.82,4148.43829187
1767571200000,2687.42,2786.07,2681.9,2753.87,8839.68135602
1767657600000,2755.02,2826.41,2718.9,2820.12,8033.75623978
1767744000000,2819.17,2820.22,2673.8,2713,5801.78553487
1767830400000,2711.73,2725.8,2617.1,2663.31,5605.39939265
1767916800000,2663.77,2700.18,2628.7,2652.41,4923.61076635
1768003200000,2650.5,2666.5,2644.12,2652.79,1065.78278492
1768089600000,2653.08,2702.51,2650.69,2683.68,1867.55663155
1768176000000,2680.8,2716.85,2621.4,2650.57,5042.42679384
1768262400000,2650.23,2892.3,2649.1,2853.6,10866.16550536
1768348800000,2852.5,2922,2813.81,2880.72,11504.6515381
1768435200000,2881.21,2915.76,2814,2858.67,6459.1449444
1768521600000,2858.65,2865.91,2806.17,2841,3434.15441592
1768608000000,2841.26,2871.8,2831.21,2856.82,1580.0370187
1768694400000,2855.14,2905.76,2820.06,2824.4,3264.46980256
1768780800000,2824.41,2824.7,2717.15,2738.73,8444.79332992
1768867200000,2738.8,2748.35,2482.24,2504.25,15965.75224107
1768953600000,2504.37,2624.74,2446.11,2553.95,18241.08580084
1769040000000,2553.74,2598.08,2476.56,2509.97,9701.96361503
1769126400000,2510.29,2559.58,2460.34,2498.34,12034.68325662
1769212800000,2498.33,2509.09,2487.15,2494.25,1563.72651269
1769299200000,2494.4,2500.9,2342.77,2374.34,8535.0232423
1769385600000,2372.9,2483.86,2370.65,2465.35,11989.18095718
1769472000000,2465.43,2521.51,2429.96,2514.51,9507.3163655
1769558400000,2514.41,2542.9,2488.28,2510.14,9061.25636589
1769644800000,2512.38,2513.66,2300,2355.72,13956.76579951
1769731200000,2357.51,2360,2219.28,2282.13,19274.14999257
1769817600000,2281.16,2287.96,1891,2073.28,34388.39331467
1769904000000,2072.74,2093.4,1873.88,1914.47,25572.35941636
1769990400000,1914.5,2031.18,1819.35,1987.45,25056.58031347
1770076800000,1988.19,1997.1,1784.2,1888.8,35308.46994942
1770163200000,1887.82,1940,1757.39,1816.2,30697.43157714
1770249600000,1815.76,1837.66,1540.68,1549.3,40587.93114561
1770336000000,1550.16,1774.1,1483.48,1748.69,29502.73478195
1770422400000,1748.04,1798.75,1690.85,1770.75,29990.37386083
1770508800000,1770.96,1822.83,1751,1769.9,9810.98571874
1770595200000,1769.44,1802.06,1687.6,1768.02,14279.34599053
1770681600000,1767.91,1784.23,1668.36,1701.67,16987.97447961
1770768000000,1699.85,1706.89,1604.08,1635.17,23259.68793939
1770854400000,1634.16,1684.2,1597.9,1640.2,10148.2887767
1770940800000,1638.77,1745.44,1622.56,1726,9852.66799508
1771027200000,1725.55,1777.01,1720.72,1760.28,5390.57777907
1771113600000,1761.21,1775.38,1626,1656.95,15043.32128718
1771200000000,1656.11,1706.95,1634.84,1687.32,7240.05878896
1771286400000,1687.12,1701.16,1644.78,1680.5,7982.30105053
1771372800000,1681.56,1723.06,1632,1659.54,8923.82240861
1771459200000,1658.9,1685,1620.67,1654.59,8873.99189274
1771545600000,1654.43,1680.99,1635.92,1670.51,10575.72976379
1771632000000,1670.37,1693.9,1659.29,1675.41,4162.87157111
1771718400000,1674.5,1683.36,1642.5,1654.47,4105.27271902
1771804800000,1654.5,1654.72,1557.78,1574.13,14398.89086772
1771891200000,1573.58,1585.1,1528.84,1572.58,13430.61390225
1771977600000,1573.69,1819.85,1568.69,1741.56,25880.01997777
1772064000000,1740.61,1766.61,1677.87,1717.82,15915.5224315
1772150400000,1717.89,1747.59,1599,1635.35,13741.76916304
1772236800000,1634.81,1684,1556.11,1665.88,18677.71432759
1772323200000,1667.13,1740.52,1618.85,1649.9,18610.29639462
1772409600000,1649.68,1788.21,1637.98,1734.03,18791.8926624
1772496000000,1734.78,1745.79,1666.12,1707.91,17390.42340719
1772582400000,1707.72,1892.32,1677.07,1829,22249.40465939
1772668800000,1828.52,1865,1775.22,1787.02,15160.68109796
1772755200000,1786.9,1802.75,1687.11,1704.96,15210.31045077
1772841600000,1705.42,1720,1678.88,1699.11,3920.72555927
1772928000000,1699.91,1707.58,1660.12,1682.53,10928.78428378
1773014400000,1681.75,1769,1676.22,1717.37,22626.36772694
1773100800000,1716.53,1794.02,1715.39,1755.47,16927.11041584
1773187200000,1755.09,1802.61,1728.12,1777.78,12815.62433998
1773273600000,1778.65,1817.96,1749.51,1800.06,14252.07092651
1773360000000,1799.43,1926.19,1797.05,1832.68,22397.29915511
1773446400000,1832.35,1845.03,1807.28,1838.59,4108.10922087
1773532800000,1839.08,1927.7,1827.54,1905.42,10048.88258814
1773619200000,1906.03,2074.39,1892.03,2046.95,31919.0850727
1773705600000,2046.34,2068.1,1997.93,2009.55,19285.71357076
1773792000000,2009.87,2038.62,1878.59,1922.73,16336.27405471
1773878400000,1922.9,1946.82,1824.21,1846.71,18960.6390042
1773964800000,1847.06,1881.34,1830.48,1855.19,10175.02355958
1774051200000,1855.32,1874.36,1791.4,1803.54,3840.15006986
1774137600000,1803.53,1840.44,1756.17,1776.67,8607.8693949
1774224000000,1777.17,1898.64,1754.1,1854.25,29139.19162011
1774310400000,1854.26,1876.64,1817.8,1855.84,14149.33113078
1774396800000,1856.9,1897.1,1847.57,1875.63,10355.85202618
1774483200000,1875.9,1878.9,1764.11,1785.83,11299.72161063
1774569600000,1786.3,1799.5,1709.14,1731.23,10961.49026753
1774656000000,1730.64,1780,1722.28,1734.13,4905.11232825
1774742400000,1734.1,1755.54,1687.76,1727.37,6003.25157943
1774828800000,1727.28,1814.61,1723.2,1766.59,11120.57739819
1774915200000,1767.7,1836.53,1754.19,1817.91,17377.74251739
1775001600000,1817.85,1868.87,1799.25,1846.62,10461.13865917
1775088000000,1846.08,1862,1750.6,1783.06,12059.88990297
1775174400000,1783.33,1804.59,1768.86,1783.03,4205.88576858
1775260800000,1782.48,1809.59,1775.34,1793.84,1877.30448542
1775347200000,1793.4,1843.89,1756.63,1832.49,4389.11736143
1775433600000,1832.52,1881.22,1809.5,1826.11,10203.67284192
1775520000000,1824.72,1946.1,1782.41,1916.93,17395.73594117
1775606400000,1917.79,1938.2,1870.13,1879.41,10689.33460265
1775692800000,1878.57,1920.77,1846.3,1874.2,7465.01317676
1775779200000,1873.26,1926.01,1862.31,1915.95,10922.48839767
1775865600000,1915.41,1989,1902.14,1950.8,5171.74276324
1775952000000,1950.25,1953.98,1858.69,1878.4,7126.4271713
1776038400000,1875.04,2035.55,1861.8,2013.44,8307.01462292
1776124800000,2016.91,2047.98,1954.5,1969.73,11665.54639803
1776211200000,1969.03,2021.81,1960,1999.46,6433.00585691
1776297600000,1999.37,2006.84,1941.2,1993.78,7435.23433817
1776384000000,1993.84,2090.24,1967.37,2057.37,13430.46326734
1776470400000,2056.7,2063.52,1989.25,1999.36,6498.77978457
1776556800000,1999.6,2003.36,1921.74,1929.52,7778.97963608
1776643200000,1929.7,1992.5,1927.5,1964.62,7317.63809394
1776729600000,1964.73,1991.9,1948.98,1982.32,8318.74183869
1776816000000,1982.6,2066,1970.9,2029.25,10745.23386352
1776902400000,2029.76,2034.27,1959.59,1995.31,9289.90484969
1776988800000,1995.96,2000,1967.9,1976.21,5525.96899655
1777075200000,1975.65,1983.46,1965.54,1980.88,2574.9283508
1777161600000,1980.79,2033.01,1974.86,2024.6,4241.12528991
1777248000000,2025.33,2051.97,1932.29,1965.78,6666.43046489
1777334400000,1965.62,1971.95,1931,1954.2,3328.84983048
1777420800000,1953.24,2005,1902.19,1929.52,7356.6515856
1777507200000,1928.34,1950.83,1913.7,1924.39,3277.08651535
1777593600000,1924.63,1976.6,1924.63,1959.22,4007.11741023
1777680000000,1958.51,1998,1956.04,1976.21,1600.48221451
1777766400000,1976.17,2007.56,1959.71,1979.9,2702.1866108
1777852800000,1979,2043.44,1968.75,2007.15,9911.5370838
1777939200000,2007.63,2050.98,2005.48,2015.36,5266.26503658
1778025600000,2014.58,2057.41,1990.15,2001.3,7279.16361172
1778112000000,2001.08,2001.98,1940.14,1952.79,6721.88044669
1778198400000,1953.38,1971.26,1927,1958.02,4516.47036551
1778284800000,1958.05,1984.64,1952.41,1975.22,2128.04750188
1778371200000,1974.84,2025,1964,2014.94,4421.75611512
1778457600000,2014.97,2017.5,1954.9,1986.3,3727.49467514
1778544000000,1985.97,1986.72,1923.5,1938.73,3627.26448016
1778630400000,1938.45,1985.69,1907.31,1927.5,5045.26122751
1778716800000,1927.08,1985.59,1911,1956.62,5421.48889289
1778803200000,1957.49,1972.62,1896.96,1913.3,5636.02241678
1778889600000,1913.52,1919.08,1861.4,1877.28,3510.54821583
1778976000000,1877.9,1892.34,1800,1834.99,4045.14222775
1779062400000,1834.46,1850.76,1783.7,1826.39,7564.57228579
1779148800000,1826.68,1842.22,1804.76,1818.24,3301.39526265
1779235200000,1817.66,1847.02,1811.32,1830.38,3711.47732036
1779321600000,1830.3,1853.53,1816.26,1835.44,3416.89770937
1779408000000,1835.43,1842,1771.55,1779.73,5256.0499241
1779494400000,1779.96,1851.1,1731.92,1823.43,8600.06515213
1779580800000,1823.54,1835.22,1771.11,1802.01,5320.96478718
1779667200000,1802.53,1838.32,1796.44,1814.6,4145.98661228
1779753600000,1814.71,1839.51,1766.07,1779.95,5190.74045042
1779840000000,1779.83,1798.21,1731.5,1740.42,6062.3671211
1779926400000,1739.93,1743.62,1689.6,1722.9,8825.85255976
1780012800000,1723.12,1749.33,1695.54,1726.16,6482.0501779
1780099200000,1726.67,1740.55,1715.83,1732.42,2391.11032861
1780185600000,1732.85,1745.88,1708.73,1720.41,3028.17611309
1780272000000,1720.84,1733.06,1682.5,1722.7,9527.12636488
1780358400000,1722.38,1722.42,1581,1598.73,14441.72393556
1780444800000,1599.04,1627.53,1524,1560.66,16102.24300704
1780531200000,1560.29,1566.7,1481.99,1523.82,25428.26264796
1780617600000,1523.16,1526.87,1337.5,1375.21,43391.63254848
1780704000000,1376.69,1390.49,1308.82,1364.57,22611.63982328
1780790400000,1364.41,1494.78,1359.94,1467.29,22086.40538076
1780876800000,1466.85,1486.99,1427.07,1466.59,16247.02355593
1780963200000,1466.11,1471.69,1399.25,1420.89,15166.7682909
1781049600000,1421.14,1441.02,1389.78,1405.07,15278.88006003
1781136000000,1405.65,1464.59,1405.16,1444.63,12495.74778332
1781222400000,1444.17,1460.42,1427.39,1440.66,6209.59422348
1781308800000,1440.62,1468.21,1437.01,1453.57,4561.32699539
1781395200000,1453.59,1493.29,1431.74,1487.2,6424.32515203
1781481600000,1487.87,1594,1474.58,1549,14235.82028213
1781568000000,1548.25,1585.61,1518.8,1542.96,10255.7888932
1781654400000,1544.26,1557.26,1499.65,1519.93,12207.84697919
1781740800000,1520.51,1529.44,1455.79,1492.08,10031.84061887
1781827200000,1491.64,1498.94,1464,1490.96,5597.27314914
1781913600000,1490.95,1524,1485.18,1517.04,3855.76523461
1782000000000,1516.77,1517.37,1483.85,1487.85,3401.96656921
1782086400000,1488.22,1554.68,1488.22,1511.16,7855.07244093
1782172800000,1510.67,1517.75,1432.39,1463.46,7482.08482616
1782259200000,1463.2,1490.5,1367.05,1427.25,13084.64413944
1782345600000,1426.97,1460.55,1347.32,1378.14,15542.09934094
1782432000000,1378.86,1396.55,1330,1384.62,12758.97552381
1782518400000,1384.66,1412.39,1371.36,1380.7,4901.03594723
1782604800000,1380.85,1393,1358.58,1378.79,5902.17389725
1782691200000,1377.73,1430.59,1360,1410.22,9991.63920883
1782777600000,1410.39,1411.6,1358.8,1376.03,8428.89887442
1782864000000,1376.51,1444.95,1360.46,1413.39,8804.76249026
1782950400000,1413.04,1504.1,1402.53,1486.87,12232.8187422
1783036800000,1487.42,1551.25,1482.03,1536.97,7915.64372386
1783123200000,1536.4,1580.01,1524.42,1556.68,5126.26067634
1783209600000,1557.05,1580.11,1529.05,1560.28,5085.5732754
1783296000000,1560.15,1601.78,1512.88,1570.81,9016.18332329
1783382400000,1573.14,1586,1536.33,1552.73,7514.11320294
1783468800000,1555.21,1563.06,1502,1526.64,7768.07297703
1783555200000,1526.45,1540.22,1506.31,1526.45,4074.38354236
1783641600000,1525.89,1585.68,1519.13,1573.26,7551.28764753
1783728000000,1573.13,1602.5,1564.72,1567.04,5665.89869654
1783814400000,1565.21,1600,1559.14,1584.01,3838.93906619
1783900800000,1583.82,1618.29,1536,1559.61,7672.13432118
1783987200000,1559.74,1660.39,1556.57,1655.04,13870.1864633
1784073600000,1655.18,1701.8,1628.7,1671.57,9156.00092065
1784160000000,1672.01,1681.44,1622.39,1628.44,7108.34311432
1784246400000,1628.54,1633.5,1577.4,1609.78,7943.31943585
1784332800000,1609.82,1633.2,1606.42,1628.5,2730.59226976
1784419200000,1628.65,1642.2,1618.85,1637.67,5107.32131748
1784505600000,1636.32,1679.42,1611,1667.92,9155.23241275
1784592000000,1667.18,1708.64,1664.04,1691.37,9010.48002707
1784678400000,1692.03,1714,1673.91,1694.5,6687.79456746
1784764800000,1694.5,1700.3,1641.9,1650.25,5513.50366535
1784851200000,1650.3,1675.51,1623.37,1636.59,5947.79457016
1784937600000,1635.8,1650.23,1627.47,1647.94,1890.47088393
1785024000000,1647.75,1725,1647.19,1713.92,6301.21607665
1785110400000,1714.3,1736.25,1654.8,1663.71,10413.72103765
1785196800000,1664.28,1691.83,1631.59,1686.53,9881.71250949
1785283200000,1686.55,1692.15,1633.16,1664.18,8870.29612542
1785369600000,1664.59,1681.6,1651.08,1663.78,5868.16560807
1785456000000,1663.96,1679.48,1610.4,1614.55,6959.26669703
1785542400000,1614.3,1626.27,1580.01,1600.41,4014.75017316
1785628800000,1600.43,1642.47,1599.1,1631.56,5637.75380307
1785715200000,1631.21,1632.52,1584.93,1615.22,5521.22910473
1785801600000,1614.43,1632.46,1604.01,1620.58,3981.46248523
1785888000000,1620,1666.49,1605.66,1650,8318.49605464
1785974400000,1650.75,1664,1638.63,1650.62,6519.53686483
1786060800000,1650.42,1681.65,1642.7,1655.48,5924.49084898
1786147200000,1655.13,1666.18,1653.99,1659.33,1249.28599619
1786233600000,1657.73,1676.38,1649.87,1652.47,1849.55439864
1786320000000,1651.83,1670,1616.95,1620.79,6171.41433061
1786406400000,1621,1642.9,1605.88,1629.6,3502.97717118
1786492800000,1628.58,1667,1624.42,1629.01,4735.85549485
1786579200000,1629.01,1646.94,1615.68,1633.34,3842.70837
1786665600000,1634.32,1638.2,1608.61,1625.8,3631.21936479
1786752000000,1625.51,1635.68,1613,1626.32,2080.899355
1786838400000,1626.44,1634.96,1614.66,1619.58,1572.86465824
1786924800000,1619.61,1659.77,1615.76,1650.74,3674.57846048
1787011200000,1651.09,1658.59,1628.06,1655.32,2823.18115695
1787097600000,1655.83,2000,1643.85,1927.85,35774.96333433
1787184000000,1927.11,2021.59,1902.76,1990.06,20313.61120788
1787270400000,1991.8,2179.66,1989.16,2151.1,27901.63988194
1787356800000,2150.84,2163.73,2022,2068.28,15697.01020085
1787443200000,2069.14,2126.67,2009.74,2107.67,11392.11822132
1787529600000,2107.54,2170.3,2057.96,2127.89,16241.38371779
1787616000000,2127.94,2170,2068.76,2091.59,12447.40019187
1787702400000,2091.28,2158.35,2086.34,2150.98,7294.29122736
1787788800000,2150.82,2205.19,2129.53,2155.41,9005.46570373
1787875200000,2155.81,2177.6,2075.87,2108.39,7929.83433847
1787961600000,2108.18,2124.86,2098.08,2122.87,2004.30045478
1788048000000,2122.64,2188.8,2061,2087.28,6767.0570405
1788134400000,2085.87,2146.08,2072.18,2123.6,6550.3940847
1788220800000,2123.06,2140.59,2108.71,2111.99,988.66741307
