timestamp_ms,open,high,low,close,volume
1642593600000,2751.2,2786.8,2741.8,2757.9,624.73565159
1642608000000,2756.2,2785,2718.2,2758.5,559.77470112
1642622400000,2756.7,2768.3,2720.1,2720.1,484.06428026
1642636800000,2723,2758.9,2721.4,2757.3,126.9688761
1642651200000,2758.8,2777.5,2748.5,2765.4,176.18467075
1642665600000,2765.9,2780.5,2747.5,2780,327.11136426
1642680000000,2780,2880,2758.9,2874.4,1032.00528238
1642694400000,2876.9,2886.4,2832.3,2841.6,967.93361744
1642708800000,2841.8,2846.4,2645,2654.1,1573.76521552
1642723200000,2656.4,2686.8,2484,2504.4,1934.20560922
1642737600000,2510.6,2559.7,2503.2,2548,1535.76961649
1642752000000,2547.9,2560.9,2500.3,2513,1459.34162474
1642766400000,2512.7,2518,2400,2498.6,3380.74267786
1642780800000,2496.8,2521.4,2416.1,2418.2,1623.58301486
1642795200000,2419.7,2439.1,2175.5,2265.3,4850.23789342
1642809600000,2265.3,2319.9,2244.8,2265.5,856.02836145
1642824000000,2266.8,2275.2,2131.2,2174.5,2172.58291467
1642838400000,2170.3,2208,2017.4,2149,5247.01566648
1642852800000,2147.5,2228,2100.9,2105.8,2672.36983258
1642867200000,2108.9,2176.8,2049.6,2063.1,2119.95261686
1642881600000,2068.8,2180,2048.1,2130.9,2263.78332511
1642896000000,2130.3,2172.6,2106.8,2135.9,632.36933878
1642910400000,2137.2,2213.3,2129.3,2198.4,887.92826574
1642924800000,2199.2,2256.8,2188.5,2210,2846.23701349
1642939200000,2210.6,2223.4,2123.9,2150.4,1461.82054075
1642953600000,2147.8,2168.5,2095.5,2105,1438.85132045
1642968000000,2106.9,2247.2,2093.5,2241.2,1549.1617351
1642982400000,2243.6,2243.6,2150,2176,456.43780705
1642996800000,2175.2,2182.9,2103.2,2109.3,666.04101149
1643011200000,2109.4,2167.4,1941.2,1979.4,5000.10074241
1643025600000,1982,2024.9,1911.1,2013.5,3945.55955734
1643040000000,2015.5,2132.5,1956.2,2107.9,3979.8512606
1643054400000,2107.2,2195.8,2093.4,2159.2,2611.86964932
1643068800000,2157.3,2159.3,2103,2136.2,339.39968842
1643083200000,2140,2141.8,2077.7,2112,767.22416923
1643097600000,2111.9,2176.6,2101,2155.3,1655.07534254
1643112000000,2155.3,2194.2,2097.1,2146.4,2039.19703566
1643126400000,2150.2,2224.7,2142.1,2185,1796.29908131
1643140800000,2184.9,2190.3,2128.8,2177.9,1393.52635782
1643155200000,2179,2200,2140,2194.5,229.3974056
1643169600000,2193,2215.5,2166.1,2186,693.39048773
1643184000000,2185,2264.2,2182.7,2262.6,1647.5064368
1643198400000,2263.9,2365,2244.7,2311.2,2807.78762988
1643212800000,2311.3,2429.4,2260,2289.3,4976.94849142
1643227200000,2291.2,2291.2,2135,2189.8,3514.53092798
1643241600000,2194,2223.3,2100,2110,739.15381895
1643256000000,2108.1,2161.3,2107.2,2147.5,787.67809663
1643270400000,2149.8,2205.2,2131,2204,1206.20169832
1643284800000,2204.5,2264.1,2190.4,2225,1336.09741111
1643299200000,2229.2,2239.9,2145.1,2152.7,1266.43740442
1643313600000,2151.7,2183.9,2078,2178.3,2207.99087108
1643328000000,2176.5,2199.9,2122.3,2197.8,438.06703931
1643342400000,2198.5,2222.2,2146.4,2146.4,630.4674113
1643356800000,2147.3,2178,2132.8,2153.2,774.38433831
1643371200000,2154.9,2197.5,2120,2188.9,1241.53248544
1643385600000,2189.8,2233.3,2180,2210.7,1140.403032
1643400000000,2208.4,2297.4,2207.8,2283.8,1892.59159127
1643414400000,2286.4,2318,2265.2,2283.8,326.30104403
1643428800000,2286.5,2312.7,2268.2,2309.8,535.18684448
1643443200000,2310.5,2319.5,2280.2,2298.5,942.45632874
1643457600000,2298.5,2345.5,2265.6,2284.9,1452.5257197
1643472000000,2286.5,2340,2269.8,2326.4,999.03217244
1643486400000,2329.1,2369.6,2318.1,2339.1,767.24940946
1643500800000,2339.1,2351.9,2305,2312.3,333.99044932
1643515200000,2314.8,2365.5,2308.9,2353.1,358.8773964
1643529600000,2355.7,2369,2334.8,2360.5,636.59587228
1643544000000,2361.8,2370.5,2321.8,2352.6,669.67099958
1643558400000,2351.6,2359.6,2290.8,2301.5,1312.85950445
1643572800000,2298,2359.8,2281.4,2335.1,1041.77807361
1643587200000,2336.8,2339.3,2232.9,2254.6,391.92444629
1643601600000,2252.1,2269.8,2221.1,2265.6,749.83908778
1643616000000,2268.4,2303.5,2258.6,2296.5,711.29419909
1643630400000,2295.9,2354.7,2259.4,2336.5,1085.01265536
1643644800000,2338.1,2410,2334.6,2378.4,1989.86805711
1643659200000,2380.8,2409,2369.1,2395.5,706.35195178
1643673600000,2396,2455,2381.6,2449.8,397.51214008
1643688000000,2450.3,2465.5,2419.4,2431.8,684.44970461
1643702400000,2430.5,2488,2416.1,2455,1675.93321775
1643716800000,2453.2,2496.1,2426.7,2465.9,1866.74357447
1643731200000,2465,2504.9,2447.8,2450.9,1541.54482302
1643745600000,2448,2491.3,2448,2476.7,744.88678543
1643760000000,2477.2,2488.7,2435.9,2470.8,222.25226092
1643774400000,2464.6,2469.8,2436.5,2438.5,392.32845654
1643788800000,2440.1,2464.2,2433.9,2447.9,558.53765276
1643803200000,2448,2488,2350,2361.6,1870.22477243
1643817600000,2358.2,2409.7,2333.2,2398.9,2284.19044089
1643832000000,2398.9,2428.6,2311,2372.9,1506.20149193
1643846400000,2376,2413.4,2350,2351.4,151.976782
1643860800000,2348.7,2373.2,2338.4,2366.8,274.50112852
1643875200000,2368.5,2380,2285.5,2323.4,1287.89513638
1643889600000,2326.4,2329,2282.3,2312.5,1065.30119529
1643904000000,2313.4,2328.3,2268.9,2275.9,591.11057594
1643918400000,2274.9,2363.6,2253.3,2355.4,1048.36991377
1643932800000,2359.5,2359.8,2336.5,2344,114.42444876
1643947200000,2343.1,2456.8,2337.5,2446.1,790.87264979
1643961600000,2450,2502.3,2450,2466.9,1177.59811548
1643976000000,2466.8,2559.8,2415.2,2508.9,2529.0074564
1643990400000,2510,2593.9,2507.4,2585,2376.90991585
1644004800000,2584.2,2620,2558.4,2617.9,1181.74635744
1644019200000,2618.5,2635,2584.4,2618.1,456.83713088
1644033600000,2621,2655,2612.6,2622.7,733.25302528
1644048000000,2622.3,2655,2612.9,2636.5,912.88285928
1644062400000,2633.3,2678.9,2623,2671.2,761.2416986
1644076800000,2671.1,2675.9,2584,2632.9,1506.2597206
1644091200000,2633.6,2652.4,2616.3,2637.4,482.21342527
1644105600000,2635.9,2652.4,2631.4,2632.7,90.01758738
1644120000000,2635.2,2643.2,2615.4,2634.9,142.39307165
1644134400000,2633.9,2645,2619.7,2628.6,462.31978407
1644148800000,2631.8,2661.8,2581,2614.9,951.58613229
1644163200000,2616.3,2635.8,2604.2,2626.4,560.06592024
1644177600000,2626.4,2686.9,2603.3,2667.7,743.74525817
1644192000000,2668.1,2692.1,2616.5,2691.5,380.83130165
1644206400000,2689.1,2724.5,2673.2,2699.2,1296.82900684
1644220800000,2699,2704.1,2671.5,2685.4,1396.46746884
1644235200000,2685.4,2740,2672.5,2734.7,1378.31744413
1644249600000,2732.3,2793.5,2717.9,2772.9,1935.00583562
1644264000000,2770.5,2788.5,2736.9,2746.8,988.36731286
1644278400000,2748.7,2764.1,2725,2758.3,170.25052535
1644292800000,2757.6,2833,2751.7,2789.1,1225.98277768
1644307200000,2790.6,2794.3,2698.6,2720,1586.60136267
1644321600000,2720,2722.5,2656.1,2695.5,1500.00058494
1644336000000,2697.6,2704.9,2651.4,2677.4,1011.55008953
1644350400000,2676.1,2749,2670.6,2730.3,987.80564913
1644364800000,2731.5,2746.4,2683.4,2695.9,215.15513433
1644379200000,2694.4,2735.1,2677.4,2728.6,303.8632912
1644393600000,2727.8,2766.4,2691.3,2764.1,764.49325707
1644408000000,2763.8,2817.4,2750,2784.5,1340.37683932
1644422400000,2786.9,2854.4,2772.1,2842.7,1224.77810097
1644436800000,2843,2867,2794.1,2841.9,944.36680261
1644451200000,2844,2847.2,2778.8,2787.3,317.26100413
1644465600000,2787.4,2800,2765.6,2794.6,458.59665035
1644480000000,2792.7,2872.5,2788.5,2845.3,873.5899494
1644494400000,2845.1,2855.9,2708.1,2799.8,3087.45056887
1644508800000,2802.2,2829.8,2722.6,2728.5,1267.43949852
1644523200000,2724.8,2747.8,2683,2692.5,984.05988788
1644537600000,2696.8,2720.1,2637.7,2708.9,589.81379012
1644552000000,2708,2730.9,2675.6,2723.5,363.0957874
1644566400000,2724.5,2739.5,2690.1,2714.9,473.2064836
1644580800000,2711.5,2760.4,2704.2,2720.9,667.28460618
1644595200000,2724.1,2732.4,2612.5,2644.7,1496.24153415
1644609600000,2642.7,2650.1,2531.4,2577,2303.99696885
1644624000000,2580.8,2612.1,2565,2593.4,291.98092793
1644638400000,2592,2604.9,2544.2,2573.8,504.69420518
1644652800000,2577.4,2598.2,2538,2587,899.70938528
1644667200000,2587,2590.9,2517.5,2540.1,832.55181285
1644681600000,2536.7,2629.9,2524.1,2601.6,948.53022202
1644696000000,2604.6,2634.9,2529,2572.6,697.0762982
1644710400000,2576.1,2599.1,2557.2,2576,69.15882072
1644724800000,2581.2,2584.7,2561.4,2581.6,165.23106329
1644739200000,2579,2602.7,2567.3,2589.1,444.18318991
1644753600000,2589.1,2607.2,2570.1,2576,306.40737786
1644768000000,2575.5,2577.7,2498.7,2517,1303.63025258
1644782400000,2519.8,2567,2510.7,2524.5,393.97707115
1644796800000,2529.6,2545.1,2495,2526.5,147.3039441
1644811200000,2527.8,2544.3,2505.4,2544,221.81244809
1644825600000,2544.3,2551,2517.7,2543.4,521.96062388
1644840000000,2544.3,2625.7,2527.4,2597.4,980.78624835
1644854400000,2598.2,2625.9,2532.8,2553.1,824.48320199
1644868800000,2554,2610.2,2538.7,2594.4,536.49001258
1644883200000,2592.9,2684.4,2574.2,2676.1,271.38422052
1644897600000,2677.3,2707.5,2658,2698.6,725.24781878
1644912000000,2699.7,2750.4,2688.3,2729.8,1444.57422764
1644926400000,2731.7,2774.9,2723.1,2752.6,993.97615801
1644940800000,2755.1,2762.1,2717.4,2736.6,663.27758523
1644955200000,2738.7,2814.9,2723.2,2807.2,651.79158246
1644969600000,2807.4,2807.4,2760.5,2771.7,228.97740906
1644984000000,2769.1,2773.2,2737.7,2771.1,284.09777687
1644998400000,2771.6,2781.2,2736.4,2756.3,616.34012087
1645012800000,2757.8,2764.7,2684.6,2700.8,1099.86146928
1645027200000,2702.4,2802.9,2680.1,2782.8,1081.32853932
1645041600000,2785,2793.8,2741.6,2741.6,710.04904598
1645056000000,2747.3,2780.4,2721.7,2722.6,71.28479278
1645070400000,2722.3,2739.6,2694,2735.5,475.01076473
1645084800000,2735.8,2757.3,2674.4,2698.2,957.20435396
1645099200000,2696,2719.7,2610,2632.4,1156.04580843
1645113600000,2626.9,2648,2535.2,2560.4,1679.63543282
1645128000000,2562.6,2568.3,2509.4,2547.9,1460.4623168
1645142400000,2547.9,2571.6,2522.2,2562.1,165.05404173
1645156800000,2562,2569.9,2532.7,2558.1,371.11009405
1645171200000,2558.7,2593.3,2527.5,2536.9,892.54795258
1645185600000,2537.2,2564.9,2461.1,2472.3,1197.73073188
1645200000000,2466.7,2496,2429.9,2470.1,1240.48860749
1645214400000,2472.8,2479.8,2432.8,2454.7,472.0867855
1645228800000,2456.5,2501.7,2444.5,2480.9,141.72893308
1645243200000,2487.2,2500,2472.5,2486,165.71410858
1645257600000,2486.8,2495.2,2392.9,2406.8,876.96924347
1645272000000,2406.8,2432.3,2380.7,2428.2,680.87553668
1645286400000,2426.7,2473.6,2419.6,2422.7,455.67776521
1645300800000,2422.7,2445.6,2409.1,2442.3,281.56829979
1645315200000,2442.7,2442.7,2383.3,2392.3,122.2332749
1645329600000,2397.7,2399.6,2316.8,2344.1,940.25295334
1645344000000,2343.4,2343.4,2292.4,2333,1624.76462407
1645358400000,2332.9,2353.6,2296,2343.9,672.69499313
1645372800000,2337.9,2362.3,2325.3,2338.6,513.61014819
1645387200000,2340.5,2353.8,2274.5,2317.4,1036.28794141
1645401600000,2317.4,2412.6,2303.2,2389.5,416.13565091
1645416000000,2390.8,2428.1,2389.3,2418.3,1094.83754302
1645430400000,2417.6,2426,2295.6,2314.6,1119.67821127
1645444800000,2314.4,2429,2275.9,2401.8,1758.17330124
1645459200000,2403.6,2421,2300.6,2346.1,1760.62478797
1645473600000,2347,2365,2262,2272.7,2003.39797433
1645488000000,2271.6,2315.4,2222,2227.1,746.69200157
1645502400000,2232.8,2254,2211.5,2226.4,1172.28203531
1645516800000,2226.7,2299.7,2224.2,2284.1,1377.37565165
1645531200000,2282.7,2356.5,2264.4,2310.6,1373.96050143
1645545600000,2313.9,2331,2278.7,2325,811.54438944
1645560000000,2324.9,2344,2287,2328.4,697.57665955
1645574400000,2330.8,2345.7,2300,2320.4,157.79591752
1645588800000,2317.3,2382.2,2317.3,2379.6,739.97903417
1645603200000,2382.3,2416,2368.6,2399.2,1171.62646391
1645617600000,2401.9,2430,2370.9,2376.2,1125.83627152
1645632000000,2375,2415.5,2317.4,2331.9,1456.86415387
1645646400000,2330.5,2336.3,2279,2282.4,962.94244338
1645660800000,2283.5,2295.1,2126,2134.2,1076.97365573
1645675200000,2134,2148.7,2043.4,2107.8,5052.55095431
1645689600000,2107.8,2156.6,2081.9,2142.2,3539.11318865
1645704000000,2143.8,2228,2103.2,2212.6,3267.90146648
1645718400000,2209.9,2330,2176.2,2326.7,2310.12197608
1645732800000,2323,2444.4,2270.1,2319.5,3655.3555344
1645747200000,2321.4,2364.3,2306.3,2353.5,360.21425435
1645761600000,2351.4,2364.4,2305,2332.1,581.2080883
1645776000000,2333,2364.3,2301.1,2357.6,859.07984991
1645790400000,2358.1,2440.5,2357.6,2431.6,2219.26448737
1645804800000,2433.6,2441.9,2370.2,2380.2,1000.06288124
1645819200000,2379.1,2519,2371.8,2457.3,1328.20739558
1645833600000,2456.9,2546.5,2448.8,2481.9,545.35403076
1645848000000,2485.4,2509.9,2449.2,2480,516.97521566
1645862400000,2483.5,2501,2423.6,2444.7,740.96063547
1645876800000,2448.3,2493.2,2436.1,2472.9,315.32325943
1645891200000,2473.4,2515.3,2456,2493.7,484.80473388
1645905600000,2496.5,2538,2456.3,2469.6,642.25414486
1645920000000,2469.7,2478.2,2377.7,2411.9,451.4601333
1645934400000,2410.9,2439.9,2395.1,2433.7,263.14426957
1645948800000,2432.6,2514.3,2418.4,2507,728.18493214
1645963200000,2508,2517.3,2407.3,2493.3,1187.2415133
1645977600000,2493.1,2493.1,2315.2,2322.4,1204.32156571
1645992000000,2322.4,2383.4,2293.3,2341.6,2120.53333982
1646006400000,2342.2,2398.7,2317.8,2341.8,261.18975883
1646020800000,2342.3,2373.8,2300.1,2358.7,513.47848565
1646035200000,2358.3,2379,2338.6,2359.3,632.06336771
1646049600000,2361.5,2519.9,2327,2506.2,2536.04395461
1646064000000,2509.4,2521.7,2484.1,2502,1658.99701868
1646078400000,2504.3,2631.1,2493.2,2603.3,2116.30951649
1646092800000,2605.9,2650,2581.5,2604.2,363.76800208
1646107200000,2603.6,2622.6,2572.5,2601.4,1137.84185623
1646121600000,2603.6,2622.9,2537.4,2600.4,1151.600579
1646136000000,2601.3,2727.2,2595.1,2647.3,3189.23891033
1646150400000,2649,2680,2608.1,2647.7,1176.27105497
1646164800000,2646.7,2680,2642.2,2673.1,739.79480245
1646179200000,2674.2,2722.1,2620.8,2713.5,318.07777397
1646193600000,2715.3,2733.5,2660.7,2674.1,666.66159694
1646208000000,2677.8,2729.5,2665.2,2711.6,980.17731156
1646222400000,2708.8,2739.7,2635.3,2670,1684.06036349
1646236800000,2667,2687.1,2618.7,2639.7,884.40879285
1646251200000,2639.7,2687.7,2633.8,2653.2,515.5489335
1646265600000,2651.9,2674.9,2606.4,2610.3,208.05537161
1646280000000,2613.6,2631.6,2587.3,2621.3,519.14005467
1646294400000,2617.6,2649.4,2593.8,2628.4,519.75737172
1646308800000,2627,2649.6,2544.3,2553.6,1350.39031082
1646323200000,2554.4,2571.1,2522,2546.6,1189.21360021
1646337600000,2542.1,2575.9,2518.9,2559.2,591.57881362
1646352000000,2559.1,2562.1,2440.1,2470.7,611.11549941
1646366400000,2469.9,2482.6,2456.3,2481.2,609.18212347
1646380800000,2480.1,2513.2,2454.6,2499.2,910.25151222
1646395200000,2500.2,2520.5,2440.6,2447,1022.41425912
1646409600000,2444.7,2471.6,2388,2394.7,1047.90340945
1646424000000,2394.7,2406.9,2352.5,2399.8,1208.7698307
1646438400000,2399.8,2406.8,2370.5,2403.2,369.30361825
1646452800000,2403.3,2421.6,2389,2417.7,319.40279302
1646467200000,2419.3,2434.9,2412.8,2427.9,681.54463284
1646481600000,2423.9,2448.1,2408.3,2420.1,394.57533546
1646496000000,2420.6,2460.2,2418,2448.4,443.99400821
1646510400000,2447.6,2457,2426.6,2438.7,306.35112581
1646524800000,2438.6,2449.3,2411.1,2411.1,95.24707536
1646539200000,2414,2435.4,2393.2,2424.2,170.03694016
1646553600000,2421.7,2425.5,2371,2389.7,930.71190388
1646568000000,2389.8,2426.8,2384.1,2405.5,412.08180514
1646582400000,2405.5,2429.4,2382.9,2386.6,434.19318338
1646596800000,2386.7,2419,2335.3,2345.8,687.44478064
1646611200000,2343.2,2360.6,2311,2322.2,627.43553315
1646625600000,2322.6,2338.1,2312.4,2316.2,669.17311357
1646640000000,2319.6,2346.6,2297.2,2339.8,866.23092361
1646654400000,2342.5,2429.9,2340.7,2405.9,1120.14533818
1646668800000,2407.8,2429.6,2256.1,2268.5,1475.75067263
1646683200000,2269.4,2331.9,2254,2298,1728.15210492
1646697600000,2295.2,2364.6,2284.4,2344.7,219.39327164
1646712000000,2343,2358.7,2300,2335.7,299.75708488
1646726400000,2335.4,2397.7,2327.9,2374.8,890.9340825
1646740800000,2379.6,2387.9,2325,2352.8,1161.8192813
1646755200000,2353.9,2397.7,2320.3,2365.3,873.17933329
1646769600000,2367.5,2375.2,2337,2361.9,579.46825112
1646784000000,2366.9,2487,2355.2,2471.3,419.35990829
1646798400000,2475.9,2516.1,2470.1,2512.1,1103.9281182
1646812800000,2515.7,2533.5,2489.9,2504.7,1085.68753539
1646827200000,2501.4,2523.2,2462.3,2498.3,1381.95939506
1646841600000,2497.9,2499.3,2418.5,2453.5,977.718062
1646856000000,2452.9,2471.2,2421.5,2461.5,526.70124029
1646870400000,2462.1,2471,2403,2404.1,261.21608719
1646884800000,2406.5,2410.7,2329.3,2345.8,960.92329745
1646899200000,2347.9,2363,2333,2351.9,699.31532815
1646913600000,2352,2388.1,2311.7,2358.8,998.14742031
1646928000000,2359.1,2384.9,2349.7,2381.3,523.67160278
1646942400000,2380.5,2390.2,2361.6,2370.5,292.5220557
1646956800000,2365.3,2373.1,2295.6,2320.9,276.70533925
1646971200000,2318.1,2381.9,2305,2376.9,361.94440887
1646985600000,2376.9,2418.3,2357,2411.8,657.08289272
1647000000000,2411,2433.1,2345.5,2354.4,738.51182604
1647014400000,2353.6,2359,2332.3,2342.4,475.85653073
1647028800000,2345,2366.6,2316.7,2344.5,357.98111283
1647043200000,2343.9,2379.8,2341.8,2370.1,103.78225367
1647057600000,2367.1,2384.6,2357.3,2373.4,108.78061077
1647072000000,2374,2376.9,2360,2364.3,196.93913939
1647086400000,2366,2378,2349.9,2372.6,243.22552239
1647100800000,2371.5,2395.4,2361.9,2366.4,294.7952885
1647115200000,2365.5,2379.3,2355.5,2355.6,148.99181138
1647129600000,2357.3,2384.9,2350,2374.2,137.11394301
1647144000000,2377.4,2381.1,2364.8,2364.8,54.74733571
1647158400000,2369.5,2379,2353.4,2362.4,220.55757845
1647172800000,2360.3,2372.6,2326.6,2367.8,536.01921441
1647187200000,2362.5,2370,2346.6,2347.9,350.80411695
1647201600000,2346.3,2354.8,2287,2305,725.83881852
1647216000000,2302.4,2327.8,2291.5,2324.1,117.6826864
1647230400000,2323.7,2385,2323.7,2364.2,542.35321739
1647244800000,2365.8,2378,2352.7,2357.9,530.38235319
1647259200000,2355.3,2366.2,2337,2341.9,422.74687904
1647273600000,2344.5,2348.5,2292.4,2317.4,811.49978024
1647288000000,2315.3,2373,2305.8,2368.4,615.03072991
1647302400000,2365.7,2374.6,2313.2,2320.3,153.33222771
1647316800000,2315.9,2332.6,2291.4,2302.6,430.94720995
1647331200000,2302.1,2316.5,2282.6,2310,641.49652743
1647345600000,2307.1,2364.1,2296.3,2346.6,507.44910526
1647360000000,2343.4,2430.6,2340.1,2426.5,1390.94533392
1647374400000,2425.7,2436.8,2380.7,2388,841.368117
1647388800000,2392.7,2489.3,2375.6,2393.1,458.24455033
1647403200000,2386.6,2417.7,2378.5,2414.1,442.11262228
1647417600000,2417.1,2456,2414.2,2441,998.31570351
1647432000000,2444.9,2472.7,2422,2459,759.89446528
1647446400000,2462.2,2496.2,2401.1,2492.9,1882.17029912
1647460800000,2495.5,2529.2,2483.2,2518.1,1075.98849137
1647475200000,2515.7,2524.4,2491.6,2505.5,119.26484842
1647489600000,2505.4,2516.8,2488.5,2494.3,535.44077529
1647504000000,2494.7,2515.5,2491.9,2509.8,392.73075319
1647518400000,2510.3,2561.9,2508.2,2520.4,1044.3794965
1647532800000,2524.8,2554,2491.7,2546.6,550.10344995
1647547200000,2550,2551.1,2525.2,2536.3,393.60174165
1647561600000,2536.4,2537,2496.3,2506.9,172.98569506
1647576000000,2507.8,2537.7,2502.1,2522.1,234.98860344
1647590400000,2522.4,2548.9,2513.7,2538.1,365.47091025
1647604800000,2537.1,2630,2533,2626.1,1492.66578256
1647619200000,2625,2687,2609.1,2683.4,1379.92001919
1647633600000,2682.5,2698,2648.5,2657,850.16128151
1647648000000,2660.8,2696.4,2654.9,2666.2,251.73619912
1647662400000,2669.2,2671.4,2642,2645,342.46935209
1647676800000,2645,2672.9,2641.9,2666.9,344.75637999
1647691200000,2663.2,2695.3,2661,2692.2,453.44476131
1647705600000,2689.5,2703,2665.9,2667.9,508.89825739
1647720000000,2671.2,2683.3,2614.9,2663.9,651.49960224
1647734400000,2667.4,2681.2,2630.6,2652.3,374.73227378
1647748800000,2649.6,2656.7,2637.3,2648.3,203.71665049
1647763200000,2645.4,2652.8,2606.3,2608.5,420.33342307
1647777600000,2612,2623.7,2574.8,2581.5,775.38148108
1647792000000,2578.9,2606.9,2545.5,2603.8,1030.67632137
1647806400000,2603.9,2639.2,2582.3,2593.1,548.27870361
1647820800000,2593.7,2601.9,2564,2577.3,122.64153257
1647835200000,2579.2,2623.2,2569.9,2617.6,343.90384107
1647849600000,2617,2651.9,2597.9,2634.7,668.62341881
1647864000000,2636.6,2677.9,2617.4,2674.7,972.35853987
1647878400000,2675.7,2680,2628.2,2649.7,584.58265126
1647892800000,2650.2,2656.3,2620,2625.7,314.60028902
1647907200000,2623,2747.1,2622.2,2733.5,777.5910686
1647921600000,2733.5,2773.9,2701.8,2727,974.03643733
1647936000000,2727,2752.3,2717,2748.4,954.50656378
1647950400000,2746,2752.5,2711.1,2726,618.22426464
1647964800000,2725,2735.5,2703.1,2706.4,422.16239434
1647979200000,2705.1,2736.9,2686.4,2694.1,428.42951836
1647993600000,2694.1,2715.2,2656,2675.1,268.19994744
1648008000000,2675.5,2687.9,2651,2677.9,654.79060784
1648022400000,2677.6,2702.4,2662,2685,475.1123314
1648036800000,2685,2761.7,2674.4,2755.8,788.37892408
1648051200000,2758.4,2767.3,2681.2,2694.3,1032.81928662
1648065600000,2691.8,2758.7,2689.8,2758.7,515.63285125
1648080000000,2758.6,2797.7,2736,2746.4,323.48508688
1648094400000,2746.6,2795,2745.2,2769.1,536.31623623
1648108800000,2767.5,2791.3,2762.3,2773.9,903.07524548
1648123200000,2772.8,2844.6,2738.7,2829.6,1303.4714149
1648137600000,2830,2843.3,2805.1,2825.5,1189.46835621
1648152000000,2825.5,2834.5,2807.5,2825.4,469.4665559
1648166400000,2827.4,2845.6,2809.8,2838.7,237.97436266
1648180800000,2842,2856.5,2832.9,2840.4,392.91717001
1648195200000,2837.6,2887.6,2812.9,2878,961.3371891
1648209600000,2874.5,2900,2825.6,2838.2,1451.58338832
1648224000000,2842.3,2858.5,2794.6,2835,1571.67158496
1648238400000,2838.7,2851.9,2815.7,2829,331.46526999
1648252800000,2828.8,2839.9,2810.7,2832.5,87.9636279
1648267200000,2834.8,2863.6,2826.6,2859,202.62261006
1648281600000,2859,2861.9,2840,2845.6,320.01737425
1648296000000,2848,2850.5,2830.7,2838,291.77462736
1648310400000,2839.9,2850.9,2833.6,2842.5,207.15969218
1648324800000,2842.6,2871,2842.6,2863.4,251.34134359
1648339200000,2865.5,2882.6,2855.6,2864.9,316.26768571
1648353600000,2863,2877.9,2855.8,2876.2,200.54416697
1648368000000,2875.9,2879.9,2860.4,2865.6,288.82062901
1648382400000,2867.5,2896.2,2850,2890.3,607.89019304
1648396800000,2889.3,2903.9,2880.2,2890.4,546.38481638
1648411200000,2890.4,3000,2880.9,3000,1457.93715212
1648425600000,2998.6,3024.9,2980.7,3020.5,537.32498828
1648440000000,3021.7,3050,3011.2,3031,1061.88241565
1648454400000,3030,3057.8,3014.8,3051.8,1232.92133608
1648468800000,3051,3100.5,3040.5,3056.3,1487.20109945
1648483200000,3056.4,3125.8,3032.7,3102.8,1734.18160675
1648497600000,3102.9,3120.9,3018,3031.3,1025.64715322
1648512000000,3031.5,3095,3030,3064.1,228.78902595
1648526400000,3065.7,3118.2,3064.5,3079.2,598.77802216
1648540800000,3077.5,3128.3,3077.3,3125.8,778.44894329
1648555200000,3125.9,3140.8,3053.8,3066.6,1338.93310949
1648569600000,3066.6,3106.6,3031.9,3094.6,1308.12112373
1648584000000,3092.8,3095.2,3018,3067.4,582.13491397
1648598400000,3066.1,3068.6,3000,3047.6,295.71023228
1648612800000,3047.4,3078.6,3025,3063.6,585.94474352
1648627200000,3063.6,3070,3032.5,3060.6,543.8337543
1648641600000,3060.6,3066.4,3000,3028.6,899.02754653
1648656000000,3030.8,3092,3021.6,3046.3,1139.75189233
1648670400000,3043.8,3063.1,3021.1,3030.1,307.57124452
1648684800000,3032.1,3064.8,3027,3044.1,80.87721611
1648699200000,3041.1,3055.7,3033.5,3051.6,286.62988703
1648713600000,3050.5,3086.1,3047.4,3073.2,618.0764839
1648728000000,3073.8,3102.4,3010.8,3017.8,1255.3787089
1648742400000,3021.2,3022.7,2944.2,2967.6,2015.28737759
1648756800000,2968.4,2989.7,2950.6,2963.5,489.46171016
1648771200000,2963.2,2991,2903.9,2939.5,520.4056764
1648785600000,2934.7,2969.9,2930.5,2969,693.59557967
1648800000000,2969,2988.6,2957.3,2973.8,520.76755704
1648814400000,2973.3,3129,2954.1,3110.9,1610.08592616
1648828800000,3108,3153.6,3083.6,3140.3,969.75689287
1648843200000,3140.4,3143.1,3100.6,3127.6,604.65587812
1648857600000,3125.9,3187.9,3111.9,3146.4,309.41949059
1648872000000,3146.4,3166.7,3132.4,3154.2,303.79407247
1648886400000,3154.3,3170.1,3140.6,3160,440.1228082
1648900800000,3157.8,3197,3117.4,3132.1,1360.99590028
1648915200000,3133.7,3159.9,3109,3145,566.25189832
1648929600000,3143.6,3157.6,3110,3117.6,312.50599301
1648944000000,3117.9,3141.5,3093,3130.9,137.62557384
1648958400000,3133.1,3182.2,3129.9,3162.1,284.42672027
1648972800000,3164.3,3180,3143.4,3154.5,352.32239797
1648987200000,3155.4,3188.2,3148.5,3171,437.70149073
1649001600000,3171,3185,3149.8,3157.7,447.24651393
1649016000000,3159.7,3242.9,3157.7,3192.3,759.35635848
1649030400000,3188.4,3188.9,3142.5,3157.7,249.56669206
1649044800000,3160.1,3184.1,3152.2,3175.1,321.10696777
1649059200000,3176.6,3178.5,3135,3165,555.39343739
1649073600000,3163.9,3177,3110,3117.2,573.32208212
1649088000000,3118.8,3191.6,3108.3,3183,718.48717177
1649102400000,3185.7,3228.8,3167.2,3207.3,751.19696265
1649116800000,3206,3222.7,3190.1,3210.6,124.42730815
1649131200000,3214.1,3222.9,3195.5,3209.9,327.60114073
1649145600000,3209.8,3214.9,3190.6,3211.7,352.90541286
1649160000000,3212.6,3242,3141.1,3165,1092.63950593
1649174400000,3164.3,3186,3135.1,3180.3,561.74070722
1649188800000,3181.3,3187.4,3119.1,3126,412.98225394
1649203200000,3125,3125,3001.9,3066.7,508.7539688
1649217600000,3066.7,3102.6,3054.1,3071.1,677.17827611
1649232000000,3070.2,3079.2,3007.3,3028.1,1027.51834533
1649246400000,3025.6,3045.8,2950,2984.5,2008.77794444
1649260800000,2984.5,2995.2,2916.5,2961.8,2057.40197558
1649275200000,2958,2978.6,2901,2910.2,846.28345238
1649289600000,2908.6,2940.6,2881.2,2925.1,342.20432484
1649304000000,2921.3,2968,2918.4,2959.5,519.22421153
1649318400000,2960.7,2992.7,2946.6,2981.5,635.61059065
1649332800000,2982.3,2997.9,2897.3,2937.2,756.17083822
1649347200000,2935.3,2986.7,2934,2958.1,569.36756151
1649361600000,2961.3,2995.5,2938.1,2973.5,406.14658764
1649376000000,2971.4,3017.8,2962.6,3010.1,170.37209441
1649390400000,3010.5,3025,2992.4,3025,432.73985722
1649404800000,3022.8,3048.4,2995.3,2997,606.9918498
1649419200000,3000.9,3040,2964,3020.3,551.82744773
1649433600000,3017.5,3028.6,2958.6,2976,1217.08375634
1649448000000,2979.4,2996.3,2917.5,2933.9,486.58402604
1649462400000,2937,2963.8,2926.7,2950.7,106.68617508
1649476800000,2954.7,2970,2939.9,2954.9,218.92876669
1649491200000,2954.7,2961.6,2941.1,2955,232.99614961
1649505600000,2952.4,2975.6,2945.2,2952.9,212.35046503
1649520000000,2952.9,2989.2,2944.7,2978.4,252.38554812
1649534400000,2980.1,3006,2967,3001.1,159.03227561
1649548800000,3001.1,3008.8,2989.5,2999.9,96.22775107
1649563200000,3001.4,3001.4,2980.5,2987.1,165.77405181
1649577600000,2987.1,2998.6,2973.3,2994.9,215.61094791
1649592000000,2995,3003.6,2975,2999.5,236.25438487
1649606400000,2999,3047.4,2993,3024.5,493.68804941
1649620800000,3019.8,3023.7,2936,2942,373.82247889
1649635200000,2942,2953.9,2900.5,2920.5,237.35302283
1649649600000,2919.9,2928.4,2911,2916.2,420.82619956
1649664000000,2918.3,2919.3,2776.7,2799.3,2526.69908649
1649678400000,2799.3,2812.5,2760,2760.7,1060.32748167
1649692800000,2763.8,2793.9,2732.4,2763.9,1380.39571926
1649707200000,2760.6,2776.1,2710,2741,866.04860713
1649721600000,2740.9,2757.8,2715.2,2743,210.09074442
1649736000000,2743,2791.6,2733.4,2784.5,850.19833339
1649750400000,2785.3,2806.3,2770.6,2801.3,609.50542854
1649764800000,2801.3,2835.9,2771.7,2807.8,1541.94509551
1649779200000,2808.3,2820.6,2743.6,2743.6,796.71409409
1649793600000,2743.2,2806.4,2740,2798.5,339.39948164
1649808000000,2798.4,2829.6,2779.6,2815.5,148.20013364
1649822400000,2812.5,2833.7,2807.3,2816,411.61541182
1649836800000,2816.1,2826.1,2782.6,2783.4,397.961559
1649851200000,2783.4,2870,2768.9,2844.6,940.09850665
1649865600000,2847.6,2865.5,2820.2,2835.4,709.30557678
1649880000000,2835.4,2874.6,2832.3,2861.3,293.40490705
1649894400000,2861,2885,2855.2,2858.5,63.65817348
1649908800000,2858.6,2864.9,2840.1,2856.4,280.67072736
1649923200000,2853.1,2862.8,2817.7,2824.8,289.67071643
1649937600000,2824.7,2865.9,2784.1,2791.5,785.71880202
1649952000000,2792,2802.5,2751,2770.9,575.66387433
1649966400000,2764.4,2798.5,2755.5,2792.7,191.71783009
1649980800000,2792.6,2818.3,2786.5,2817.4,65.32200184
1649995200000,2817.4,2821.7,2784.8,2805.5,258.94481104
1650009600000,2808.6,2814.8,2789,2798.5,220.72584857
1650024000000,2798.8,2828,2771,2804.9,233.54769029
1650038400000,2804.9,2816.4,2785.9,2798.9,165.27066961
1650052800000,2798.5,2817.7,2792.1,2813.5,60.87052888
1650067200000,2815.7,2821.6,2806.2,2812.2,43.27267122
1650081600000,2812.8,2822.1,2808,2809.9,59.21241243
1650096000000,2810,2820,2804.1,2814.2,112.70075101
1650110400000,2814.8,2831.7,2788.5,2795.5,216.0222232
1650124800000,2794.4,2806.2,2789.4,2801.2,71.00558372
1650139200000,2801,2857.4,2799,2832.1,219.83776435
1650153600000,2834.3,2838.9,2800.9,2808.6,48.51678683
1650168000000,2806.9,2822,2805.3,2813.4,66.62267865
1650182400000,2814.9,2825.8,2811.6,2823.8,105.5582455
1650196800000,2825.5,2853.4,2816.9,2846.7,203.85927652
1650211200000,2847.8,2849.9,2800.2,2827.1,230.61249302
1650225600000,2828.3,2850,2757.6,2764.2,240.6880783
1650240000000,2764.2,2777.7,2754.5,2777.5,85.91185563
1650254400000,2777.5,2777.5,2674.3,2681.1,1023.4601309
1650268800000,2681.1,2710,2677.6,2695,435.66778936
1650283200000,2695,2733.3,2692.7,2706.3,406.13571118
1650297600000,2702.1,2807.5,2686.5,2789.4,741.47088506
1650312000000,2787.2,2848.5,2785.7,2833.2,305.87570788
1650326400000,2833.3,2864,2816.1,2821,110.01277637
1650340800000,2816.9,2832.2,2807.6,2816,247.96691197
1650355200000,2812.8,2838.1,2807.4,2817.6,338.08921843
1650369600000,2815.7,2903.5,2815.7,2883.3,593.42454812
1650384000000,2883.3,2898.7,2852.5,2884.5,693.33596298
1650398400000,2881.2,2882.2,2857.5,2876.4,452.14104821
1650412800000,2874,2879.5,2842.9,2858.6,197.8796375
1650427200000,2854.2,2883.7,2845.8,2857.1,310.79920937
1650441600000,2859.2,2919.4,2853.6,2913.6,590.70086411
1650456000000,2914.4,2921.5,2812,2827,1328.30105225
1650470400000,2827.2,2849.6,2800.7,2829.3,463.18638982
1650484800000,2829.1,2855.6,2818.9,2838.8,241.36831426
1650499200000,2837.5,2867.4,2833.1,2861.9,33.46878602
1650513600000,2861.8,2866.9,2821.2,2841.5,311.68699763
1650528000000,2841.4,2904.7,2827.5,2896.9,599.57313256
1650542400000,2897.9,2919.9,2863.1,2863.1,598.05265863
1650556800000,2864.4,2866.9,2792,2792,661.08259992
1650571200000,2792.1,2799.5,2723.7,2754.9,558.92795008
1650585600000,2754.1,2777.6,2739.6,2760.2,117.6416774
1650600000000,2763.3,2804.1,2760.4,2795.8,364.28064698
1650614400000,2795.8,2804.7,2754.9,2787.6,283.70379492
1650628800000,2784.6,2792.9,2728,2733.5,623.9564218
1650643200000,2735.3,2763.8,2718.4,2740.9,401.40952911
1650657600000,2742.7,2755.5,2724,2746.6,273.63611717
1650672000000,2746.5,2754.8,2727.3,2731.4,33.93194589
1650686400000,2732.1,2749.1,2706.3,2745,160.33047718
1650700800000,2744.5,2754.1,2737.6,2746,134.38894011
1650715200000,2746,2755.1,2732.1,2750,155.82053591
1650729600000,2753.2,2763.5,2731.9,2740,191.14319669
1650744000000,2736.6,2754.1,2715,2716.5,134.67610168
1650758400000,2719.3,2743.3,2713.3,2743.2,51.53451219
1650772800000,2743.4,2744.4,2729.8,2735.8,142.170184
1650787200000,2736,2741.6,2721.8,2724.4,182.5148516
1650801600000,2723.6,2742.6,2700,2731.1,188.31737027
1650816000000,2731.1,2747,2704.8,2739.4,372.57307312
1650830400000,2737.8,2739.7,2702.5,2705.8,158.01116783
1650844800000,2702.5,2709.1,2632.5,2669.8,509.72271667
1650859200000,2666.3,2668.7,2609.5,2617.5,906.54804177
1650873600000,2619.4,2666.5,2602.1,2663.9,647.41611439
1650888000000,2665,2704,2653.5,2682.8,548.60704672
1650902400000,2682.5,2814.9,2679.1,2813.8,858.54956554
1650916800000,2810.9,2824.6,2789.1,2806.9,608.30948057
1650931200000,2808.2,2830,2781.4,2797.3,150.5418502
1650945600000,2795.3,2816.1,2785.7,2811.1,268.52106269
1650960000000,2811.2,2827.2,2792.9,2815,346.77086701
1650974400000,2814.7,2822.3,2675.5,2682.1,905.46769042
1650988800000,2683.8,2710,2643,2668.1,969.98586981
1651003200000,2669.1,2681.2,2607,2642,622.08766673
1651017600000,2641.7,2674.3,2627,2666.2,212.48857074
1651032000000,2666.2,2722,2661.9,2718,291.71712556
1651046400000,2719.1,2741.6,2698.6,2724.4,520.8976401
1651060800000,2724.4,2765,2678.7,2713.8,428.66445787
1651075200000,2714.3,2740,2688,2704.2,262.99597365
1651089600000,2704.2,2747.2,2698,2739.2,161.6794412
1651104000000,2738.8,2760.4,2719.2,2742.2,96.60032417
1651118400000,2741.7,2778,2734.5,2750.3,234.46275905
1651132800000,2747.5,2800,2747.5,2791.9,417.98834292
1651147200000,2792.1,2798.9,2713.7,2751.6,875.45489484
1651161600000,2751.2,2839,2737.1,2805.3,990.37904971
1651176000000,2806.4,2826.7,2774,2797.9,308.80366455
1651190400000,2794,2802,2762.7,2780.6,76.38758738
1651204800000,2783.3,2786.7,2761.8,2771.7,155.08376345
1651219200000,2770.6,2771.3,2686.4,2697,741.6140088
1651233600000,2698.4,2740.3,2688.4,2709.8,453.90568398
1651248000000,2709.2,2710.7,2631.1,2649,618.73345902
1651262400000,2646.5,2679.4,2644.7,2670.3,371.65151421
1651276800000,2674.7,2691.6,2666.3,2676.1,49.16070892
1651291200000,2674.2,2699.4,2665.8,2686.9,263.17154409
1651305600000,2686.9,2696.4,2675.5,2687.7,187.92824598
1651320000000,2686,2693,2631.7,2673.7,366.50613536
1651334400000,2673.7,2679.4,2636,2665.2,354.87752245
1651348800000,2663.3,2666.6,2582.4,2589.8,410.09467354
1651363200000,2592.1,2640.1,2580,2637.5,253.7907278
1651377600000,2637.5,2653.5,2623.6,2626.8,276.83489909
1651392000000,2627.5,2642.5,2612.4,2618,287.86132662
1651406400000,2618.7,2676.4,2613.1,2663.5,291.37534179
1651420800000,2664.1,2683.5,2614,2624.1,461.77360587
1651435200000,2621.7,2700,2617.8,2682.3,411.27579764
1651449600000,2679.5,2704.7,2679.5,2700.6,69.64548439
1651464000000,2702.6,2733.2,2692.3,2699.8,376.08600101
1651478400000,2702.2,2711.1,2652.8,2656.7,426.45317441
1651492800000,2655.7,2704,2644.1,2685.9,552.11342808
1651507200000,2685.8,2713.9,2648.9,2704.4,433.82806719
1651521600000,2705.7,2739.9,2688.2,2716.2,385.56423368
1651536000000,2719.5,2722.4,2690.8,2707.3,29.51454555
1651550400000,2710.9,2716.3,2693.6,2702.2,189.9251489
1651564800000,2705.1,2715.9,2685.7,2704.4,293.53098994
1651579200000,2702.5,2702.7,2667.6,2680,276.09380024
1651593600000,2680,2684.8,2623.5,2634.9,505.97572479
1651608000000,2634.8,2660,2619,2640.8,603.22452817
1651622400000,2638.6,2667.6,2634.1,2661.5,38.44850108
1651636800000,2661.5,2690,2652.2,2688.9,251.80085006
1651651200000,2686.4,2735.6,2684.9,2723.6,507.53522752
1651665600000,2724.7,2734.4,2674.4,2696.8,460.85868941
1651680000000,2697.3,2796.4,2677.8,2783.2,1399.83326448
1651694400000,2782.6,2787.5,2752.4,2765.9,738.96504443
1651708800000,2768.9,2780,2764.6,2768.3,118.51844845
1651723200000,2768.1,2778.7,2756.3,2766.2,328.21549075
1651737600000,2768.1,2775.3,2747.2,2770.8,339.83633483
1651752000000,2773.7,2779.8,2597.3,2609.6,1890.9087808
1651766400000,2610.3,2637.2,2554,2590.6,2085.4861322
1651780800000,2587.6,2615.1,2575.1,2608.9,478.59767005
1651795200000,2608.5,2620.3,2585.8,2606,46.68694154
1651809600000,2607,2622.7,2564.6,2596.8,362.71804614
1651824000000,2594.9,2601.1,2511.2,2532.6,785.93159311
1651838400000,2532.1,2575,2494,2538.2,1973.86180994
1651852800000,2541.5,2565.9,2533.4,2547.2,249.91289337
1651867200000,2547.8,2568.5,2538,2555,227.15553949
1651881600000,2554.7,2557.4,2527.7,2528.7,42.05835768
1651896000000,2531.2,2540.2,2515.5,2536.7,264.73556845
1651910400000,2535.9,2560.1,2529,2549.5,172.63735622
1651924800000,2552.7,2564.9,2535.7,2556,188.31221527
1651939200000,2554.5,2562.6,2542.5,2542.5,172.68568909
1651953600000,2542.5,2544.8,2454.4,2499.7,900.90994596
1651968000000,2501.7,2503.7,2394.1,2416.7,470.38009935
1651982400000,2415.7,2439.8,2399,2427,469.03075222
1651996800000,2427,2445.3,2414.4,2438.6,530.73390929
1652011200000,2437.7,2446.4,2384.7,2388.1,676.6627048
1652025600000,2388,2437.8,2355,2428.8,1430.20720808
1652040000000,2430.6,2430.6,2380,2389.3,371.79118857
1652054400000,2391.3,2402.6,2307,2337.7,664.54560551
1652068800000,2339.6,2360.8,2303.6,2329.3,1542.73525429
1652083200000,2326.2,2347.9,2241,2281.7,1762.8633858
1652097600000,2281.7,2318.5,2227.2,2257.3,1360.82645259
1652112000000,2256.2,2270.2,2107.1,2153.2,4460.94372365
1652126400000,2148.6,2215.2,2106.1,2111.7,1851.77982025
1652140800000,2110.4,2219.1,2083,2173,1885.33136108
1652155200000,2172.8,2310,2172.5,2249.7,1759.06864217
1652169600000,2246.3,2284.4,2239.9,2277.8,1037.02147019
1652184000000,2277.7,2329.2,2203.7,2242.1,1696.36958865
1652198400000,2240.2,2288.9,2207.6,2234.5,1278.02998347
1652212800000,2233.7,2246.4,2146.2,2222.2,949.87747983
1652227200000,2224.3,2267.7,2203.5,2241.8,191.83072162
1652241600000,2241.3,2279.1,2147.3,2194.2,1492.8409944
1652256000000,2192.8,2323.4,2172.4,2281.4,1601.61506384
1652270400000,2282.6,2299.1,2010,2145,9208.57809449
1652284800000,2144.9,2164,1990.4,2010.8,2884.23108247
1652299200000,2011.3,2043.6,1900,1970.5,3407.62356038
1652313600000,1978.8,2074.9,1866.8,1868.9,495.43393543
1652328000000,1866.9,1873.9,1627.2,1799.3,5674.62921892
1652342400000,1807.8,1912.8,1760.4,1863,3329.89261444
1652356800000,1861.6,1968.2,1797.3,1888.6,3235.80279249
1652371200000,1888.1,1956.2,1830,1869.1,3649.61086771
1652385600000,1869.2,1903.9,1796.3,1880,2071.72044256
1652400000000,1882.7,2026.7,1863,2012,840.51166007
1652414400000,2012.6,2061.5,1960.3,1960.3,3049.23201172
1652428800000,1962.9,2042,1961.7,2032.7,1551.23395938
1652443200000,2035.1,2066,2000,2009.8,1572.31695578
1652457600000,2010.4,2026.8,1950,1985,1128.49894219
1652472000000,1984.3,2000.8,1920.7,1928.9,982.4230903
1652486400000,1931.1,1983.9,1923,1973,157.43417641
1652500800000,1972.2,1972.2,1930.8,1947.9,295.3534375
1652515200000,1949.7,1970,1890.4,1905.8,1145.27478308
1652529600000,1904.7,1919.8,1870.2,1887.3,691.89702129
1652544000000,1887.3,1954.9,1878.6,1918.2,634.16221379
1652558400000,1916,1985.1,1913.7,1973,374.13061991
1652572800000,1973,1997.7,1921.5,1934,86.82313113
1652587200000,1937,1969.9,1925,1956.7,251.63514438
1652601600000,1958.7,2004.1,1938.5,1998.6,394.54320846
1652616000000,1998.3,2018.8,1968,1980.4,565.91897334
1652630400000,1983.1,2021.7,1975.8,2017.8,515.06495349
1652644800000,2022.4,2083.6,2013.1,2063.2,734.33993448
1652659200000,2061.7,2061.7,1988.2,1992.8,155.9148716
1652673600000,1991.7,2001.5,1913.2,1932.6,723.67437233
1652688000000,1931.5,1966.8,1905.2,1947.9,699.08668113
1652702400000,1947.4,1977.5,1906.8,1932.2,740.39415535
1652716800000,1930.4,1956.6,1900,1923.5,869.51954373
1652731200000,1922.7,1966.7,1920.5,1937,378.78768739
1652745600000,1937.2,1988.9,1933,1982.2,173.64197149
1652760000000,1983.2,1999.1,1973.8,1977.4,411.77205892
1652774400000,1977.4,2001,1967.4,1970.9,559.4978515
1652788800000,1972.3,2012.2,1936.5,1953.3,965.72149016
1652803200000,1954.8,1961.1,1904.7,1936.7,694.55877248
1652817600000,1937.1,1991.1,1933.3,1981.6,375.94017795
1652832000000,1979.6,1995,1930.2,1936.7,196.88656194
1652846400000,1933.7,1944.9,1916.5,1936.4,317.41647408
1652860800000,1936.4,1944.5,1919.9,1931.7,347.96963233
1652875200000,1931.5,1933.6,1850,1861.7,1757.90687344
1652889600000,1861.7,1899.4,1844.3,1889.7,449.25700687
1652904000000,1891.5,1891.5,1818.9,1825.6,533.05506855
1652918400000,1825.6,1869.1,1811.8,1860.1,210.95167268
1652932800000,1861,1877.7,1850.4,1857.5,313.26015027
1652947200000,1858.7,1870.5,1821.8,1866.5,665.70346709
1652961600000,1866.5,1925.1,1838.2,1911.2,854.39357925
1652976000000,1910,1914.2,1878.3,1880.1,472.4430253
1652990400000,1879.1,1913.9,1879.1,1905.3,323.88613603
1653004800000,1906.9,1937.8,1894.2,1913,118.4504419
1653019200000,1913,1923.1,1887.3,1913.7,391.4844505
1653033600000,1912.9,1949,1910.4,1941.4,461.48578356
1653048000000,1941.6,1944.7,1847.2,1854.7,1136.14306866
1653062400000,1855.5,1866.6,1819.7,1863.7,766.18649198
1653076800000,1863.7,1871.2,1847.1,1853.6,375.55392424
1653091200000,1853.4,1867.1,1833.3,1860.2,103.20841957
1653105600000,1859.6,1880,1855.5,1870.6,274.81216806
1653120000000,1870.9,1880,1851.8,1864.6,230.89096502
1653134400000,1864.2,1876,1852.2,1873.7,438.79582501
1653148800000,1871.2,1882.3,1863.4,1874.4,310.65965492
1653163200000,1874.3,1877.2,1857.6,1868.4,108.2917415
1653177600000,1869.2,1874.6,1863.9,1866.1,20.26174384
1653192000000,1866.7,1869.9,1859,1869,126.4521569
1653206400000,1869,1925.7,1865.2,1905.8,833.10034194
1653220800000,1905.9,1921.6,1881.3,1894.9,598.3249586
1653235200000,1895,1911.5,1882.9,1898,297.34669202
1653249600000,1898.9,1940,1895.4,1930.1,520.16124824
1653264000000,1930.1,1941,1906.1,1912.4,64.15970457
1653278400000,1917.8,1958.4,1910.7,1947.7,346.25381558
1653292800000,1946.2,1952.5,1919,1939.9,543.59606524
1653307200000,1939.7,1957.4,1906.4,1933.4,626.59485942
1653321600000,1933.4,1945,1848.5,1851.9,754.24621254
1653336000000,1848.9,1874,1830.8,1845.9,593.05077223
1653350400000,1846,1865.3,1843.1,1862.2,106.23847539
1653364800000,1861.9,1867.5,1841.4,1849.4,260.48572342
1653379200000,1848.8,1851.9,1822,1831.9,367.89867941
1653393600000,1833.2,1838.3,1778.2,1826,1356.77299564
1653408000000,1826.5,1838.9,1802.7,1825.2,529.9149073
1653422400000,1827.8,1853.6,1818,1842.5,414.18627331
1653436800000,1842.9,1884.8,1836.5,1877.4,138.23087961
1653451200000,1877.4,1879.7,1841.9,1848.6,316.33018796
1653465600000,1848.6,1855,1819.1,1820.7,399.8732097
1653480000000,1821,1858.8,1814.4,1842.1,386.20843053
1653494400000,1841.9,1854.5,1821.7,1824.5,470.69933412
1653508800000,1824.7,1843.7,1813.8,1815.1,229.79600428
1653523200000,1813.9,1836.3,1806.2,1819.6,174.04872432
1653537600000,1819.2,1820.3,1787.2,1800.8,495.74294401
1653552000000,1799.1,1801.6,1679.4,1695.4,2614.69330477
1653566400000,1695.7,1748.9,1625.9,1735.5,2042.13951888
1653580800000,1734.3,1775,1701.1,1701.4,827.5311431
1653595200000,1702.8,1720.6,1667.2,1669.8,940.15738445
1653609600000,1667.8,1682.6,1607.6,1641.7,887.94307752
1653624000000,1643.1,1673.1,1592.6,1642.6,1536.49586822
1653638400000,1641.9,1668.2,1631,1651.9,744.14635888
1653652800000,1650,1699.7,1637.1,1646.8,1306.25826745
1653667200000,1646.3,1654.3,1598,1632.6,1355.72202152
1653681600000,1631.2,1648.6,1591,1605.2,923.42320314
1653696000000,1610,1643.2,1604.1,1642.5,408.50927009
1653710400000,1644.1,1658.1,1634.3,1643.3,514.3514739
1653724800000,1645.8,1663.5,1630.1,1651.9,440.84712249
1653739200000,1653,1684.6,1648.7,1672.4,612.81151578
1653753600000,1670.2,1675.9,1642,1669.5,578.15303856
1653768000000,1669,1680.1,1656,1669.1,233.17767194
1653782400000,1670.5,1672.5,1640.6,1653.7,357.8532403
1653796800000,1653.2,1667.2,1648.3,1659.2,87.72384344
1653811200000,1659.5,1680.4,1652.6,1677.8,231.5318257
1653825600000,1678.5,1699.3,1669.9,1674.4,757.22844259
1653840000000,1675.3,1686.4,1661.6,1666.1,348.44287699
1653854400000,1664.6,1700.2,1664.6,1686.2,350.91020915
1653868800000,1688.9,1756.7,1678.7,1749,370.26469045
1653883200000,1748.1,1779.2,1737.8,1773.9,1061.30757109
1653897600000,1773.8,1777,1754.1,1765.9,790.51616171
1653912000000,1764.6,1785.5,1739.2,1772.3,782.26674578
1653926400000,1773.8,1794,1766.5,1777,1089.29604088
1653940800000,1776.9,1865,1772.9,1854.4,1424.11937903
1653955200000,1855,1869,1839,1852.7,170.19954082
1653969600000,1852.7,1857.1,1823.4,1834.2,554.28875395
1653984000000,1834.1,1854.8,1823.3,1846.5,524.32286038
1653998400000,1845.7,1858.4,1801.5,1852.7,865.04911818
1654012800000,1850.6,1862.5,1792.4,1802.1,873.00331112
1654027200000,1804.2,1823.8,1801.8,1806.6,359.41963896
1654041600000,1808.2,1823.9,1797.6,1799.1,112.19833017
1654056000000,1800.4,1811.2,1785.3,1800,366.56809588
1654070400000,1800.1,1811.5,1792.2,1808.4,328.04931448
1654084800000,1809.4,1840.6,1764.6,1764.6,998.96306955
1654099200000,1764.3,1766,1698,1709.2,1502.28614492
1654113600000,1711.4,1729.2,1653.1,1704.7,1005.75902304
1654128000000,1704.7,1721.2,1694.4,1702.5,93.93616107
1654142400000,1701.9,1718.9,1689.8,1707.2,316.70519141
1654156800000,1707.6,1725.1,1697.6,1718.3,376.22631239
1654171200000,1716.7,1719.9,1664,1690.2,713.27759452
1654185600000,1693.2,1705,1674.6,1695,452.36869678
1654200000000,1693.6,1723.7,1691.7,1705.9,369.86816902
1654214400000,1706,1713.3,1695.5,1699.2,92.99233539
1654228800000,1700.4,1701.1,1679.6,1686.2,774.45978034
1654243200000,1686.6,1692.4,1631.5,1641.5,743.06478184
1654257600000,1642.2,1656.9,1620.9,1645.5,786.35843623
1654272000000,1646.5,1648.7,1625.1,1633.2,283.67555266
1654286400000,1633.5,1674.4,1630.7,1655.5,259.55356525
1654300800000,1656.8,1659.7,1631.2,1634.8,43.99379566
1654315200000,1636,1656.7,1635.2,1650.3,108.89417574
1654329600000,1649.1,1660.9,1646.2,1650.3,219.09591424
1654344000000,1649.3,1670.4,1640,1659,248.24002783
1654358400000,1660.6,1663.7,1649.9,1653.4,160.15128168
1654372800000,1653,1693.3,1650.8,1683.8,369.22176205
1654387200000,1685.2,1689.3,1666.8,1672.3,36.12888984
1654401600000,1671.3,1678.7,1665.4,1666.7,172.69256018
1654416000000,1667.6,1675,1654,1668.9,234.33090318
1654430400000,1668.5,1691.2,1660.3,1689.1,208.04416849
1654444800000,1689.4,1707.8,1675.2,1700.2,519.49023463
1654459200000,1699,1705,1680,1682.4,300.33526455
1654473600000,1684,1753.5,1682.5,1749.3,307.19045696
1654488000000,1749.1,1764.5,1739.2,1760.2,597.20025235
1654502400000,1760.3,1783.6,1758.4,1777.6,855.16094685
1654516800000,1776.9,1789.8,1740.4,1763.2,771.81110791
1654531200000,1761.3,1763.2,1722.6,1742.2,641.44098068
1654545600000,1739.7,1753.2,1725.1,1736.4,330.84009082
1654560000000,1738.8,1740.2,1616,1647.7,1157.31924871
1654574400000,1645.6,1653.2,1634.9,1649.2,558.92497259
1654588800000,1649.2,1661.6,1637.5,1644.8,552.7347304
1654603200000,1644.1,1676.3,1627,1664.1,581.60796894
1654617600000,1667.4,1749.9,1654.4,1724.5,1087.94896776
1654632000000,1725.6,1744.1,1640,1694.7,1416.5425319
1654646400000,1694,1716,1652.1,1661.4,634.44608471
1654660800000,1663,1698.1,1658.8,1689.6,701.52333891
1654675200000,1687.5,1696.3,1679.3,1684.6,210.1701026
1654689600000,1684.2,1708.8,1664.4,1689.8,638.37001531
1654704000000,1689.8,1696.4,1652.6,1669.2,536.56748185
1654718400000,1670.8,1690,1667,1670.9,249.44475003
1654732800000,1671.5,1679,1660,1675.5,82.26634307
1654747200000,1673.8,1690,1670.4,1690,260.6227498
1654761600000,1691.5,1708.8,1677,1681.3,535.8964647
1654776000000,1681,1689.8,1662.7,1687.8,489.74894908
1654790400000,1686.3,1704.7,1677.7,1679.1,381.2901651
1654804800000,1679.5,1693.7,1675.1,1683,254.22692039
1654819200000,1680.3,1693.8,1648,1684.7,437.71681406
1654833600000,1684.7,1691.5,1677.4,1680.4,196.62322297
1654848000000,1680.4,1687.3,1662.4,1674.5,232.60809127
1654862400000,1674.8,1682.6,1620.6,1642.2,1429.25822162
1654876800000,1639.1,1643.8,1578.3,1584.9,1770.79195733
1654891200000,1585,1602,1573.3,1579.3,583.8460673
1654905600000,1580.9,1599.2,1576.9,1588.7,108.14021519
1654920000000,1587.7,1597,1580.3,1586.2,411.51747127
1654934400000,1586,1588.6,1477.8,1499.2,2462.63983942
1654948800000,1499.1,1513.1,1427.3,1444.2,2363.38240177
1654963200000,1444.3,1499.9,1431.1,1470.7,1797.67753573
1654977600000,1470.1,1476.2,1444.5,1456.7,847.36027776
1654992000000,1458.1,1465.9,1376.1,1396.5,1201.51201941
1655006400000,1394.9,1405.9,1357,1400,1740.59109176
1655020800000,1399.9,1414.8,1382.6,1398.1,1942.38037659
1655035200000,1399,1470.9,1358.4,1452.2,1800.37795175
1655049600000,1451.9,1457.5,1404.9,1407.1,1087.38068012
1655064000000,1405,1414.2,1365,1367.3,998.39242186
1655078400000,1365,1383.9,1242.9,1286.6,2651.91228988
1655092800000,1285.7,1321.9,1205,1222,3923.68010384
1655107200000,1225.9,1232.7,1122.2,1155.6,7814.57653667
1655121600000,1155.7,1201.8,1115.8,1178.4,6820.45363858
1655136000000,1178.7,1224.8,1158.1,1178.7,4535.8712164
1655150400000,1177.9,1232.5,1122,1160.3,3046.40159539
1655164800000,1157.9,1175.8,1033.7,1125.1,3636.86594749
1655179200000,1125.8,1198.9,1087.9,1184.6,5378.97970765
1655193600000,1184.9,1187.1,1103.8,1122.9,3794.40019502
1655208000000,1125.3,1205,1106.6,1199.7,3528.2180041
1655222400000,1201.1,1219.1,1147.2,1156.2,2472.66301934
1655236800000,1157.8,1169.4,1112.6,1156.7,2155.54692705
1655251200000,1156.7,1176,1119.2,1121.9,950.7705138
1655265600000,1122.6,1124.4,1035,1044.7,4814.11500844
1655280000000,1044.6,1081.9,966.48,1070.2,8889.06718927
1655294400000,1070,1115.2,1050.7,1076.5,3444.76654194
1655308800000,1076.4,1178.4,1005.1,1117.9,8162.83135734
1655323200000,1120.2,1200,1102.1,1183.1,3438.60895038
1655337600000,1181.4,1200,1148.5,1156,997.82580661
1655352000000,1157.4,1165.2,1111.2,1119.1,1782.5378604
1655366400000,1119.9,1135,1050.3,1068,2437.67438783
1655380800000,1066.1,1103.7,1034.1,1056.9,2342.10439159
1655395200000,1057.3,1072,1032.8,1036.4,2199.46067403
1655409600000,1036,1059.7,997,1012.3,2053.27601693
1655424000000,1013,1057.6,996.21,1017.7,1082.44312621
1655438400000,1017.1,1062.3,1013.6,1043.9,1323.97597864
1655452800000,1044.3,1058,1031.6,1041.3,1114.77932886
1655467200000,1041.1,1049.7,1017.5,1035,1730.26286273
1655481600000,1035.7,1042.8,1022.2,1029.2,854.11590139
1655496000000,1029.8,1046.8,1024,1035.3,670.54198917
1655510400000,1033.8,1044,1020.1,1026.4,551.52315201
1655524800000,1027.9,1031.1,941,957.49,3564.62323831
1655539200000,957.03,969.99,929.01,957.8,5328.11246524
1655553600000,957.9,961.1,940.29,941.1,1727.11681373
1655568000000,941.19,950.82,868.44,870.6,5036.33835901
1655582400000,870.98,964.99,839.99,947.27,7655.00029287
1655596800000,946.11,960,894.95,905.85,1325.43887669
1655611200000,906.16,926.24,891.53,910.05,1903.23633058
1655625600000,910.11,1024,906.15,1003.5,5678.44130001
1655640000000,1003.6,1023.9,968.62,1020.8,3005.77365773
1655654400000,1020.3,1074.9,993.39,1046.6,4053.35503241
1655668800000,1048.5,1104,1045.6,1075.1,4090.39487295
1655683200000,1074.9,1078,1001,1025.5,1234.37626572
1655697600000,1022.9,1035.3,1004.9,1026.2,2314.06173479
1655712000000,1026.2,1108.9,1023,1094.2,4098.38768571
1655726400000,1094.1,1095.1,1050.6,1074.6,3028.85025517
1655740800000,1076,1077.2,1030.8,1052.5,2668.69039105
1655755200000,1052.2,1081.2,1035.9,1070.8,1300.37445603
1655769600000,1070.6,1082.8,1052.3,1073,600.09483921
1655784000000,1072.3,1105.9,1060.7,1086.4,5035.37968628
1655798400000,1086.8,1112,1076.6,1082.7,2597.80101571
1655812800000,1080.3,1129,1075.4,1105.8,2799.00479999
1655827200000,1105.9,1115.7,1065,1067.2,2049.29087825
1655841600000,1066,1081.5,1055.4,1068.1,1332.03843936
1655856000000,1068.5,1070.2,1032.6,1034.4,763.78893965
1655870400000,1036.1,1053.4,1017.7,1021.3,1667.66322158
1655884800000,1022.2,1050.2,1017.4,1042.9,1262.92639228
1655899200000,1042.8,1062.3,1013.6,1014.1,2340.11517662
1655913600000,1015.1,1028.4,995.92,1014.1,1743.73882646
1655928000000,1013.4,1016.1,987.5,992.97,1760.33901189
1655942400000,993.53,1036.8,988.61,1018.6,774.12866771
1655956800000,1017.7,1048.9,1014.8,1038.3,833.16227951
1655971200000,1038.5,1061.4,1038.2,1051.5,1076.95741455
1655985600000,1053.2,1073.5,1033.4,1041.3,2005.44090591
1656000000000,1040.7,1071,1030,1069.1,1275.66952171
1656014400000,1070.2,1094.6,1062.2,1087.7,1777.59422394
1656028800000,1087.4,1107.2,1084,1091.7,572.84399446
1656043200000,1090.8,1099.6,1073,1090.7,1132.16494762
1656057600000,1090.5,1142.9,1082.4,1134.8,2825.16567411
1656072000000,1135.8,1160.9,1127.8,1136,2767.75763297
1656086400000,1135,1163.9,1121.4,1162.6,1824.02041824
1656100800000,1162.8,1179,1150.2,1160,1690.97577031
1656115200000,1159,1161.8,1140,1159,463.052554
1656129600000,1158.1,1173.7,1147,1170.2,1001.86036499
1656144000000,1169,1176.6,1150,1153.4,912.85113774
1656158400000,1154.1,1156.5,1119.4,1122.3,1491.06053415
1656172800000,1121.5,1150.6,1117.9,1142.1,1075.31009366
1656187200000,1143.1,1191,1140,1176.7,1484.96751664
1656201600000,1176.7,1180.4,1164.5,1169,215.2719993
1656216000000,1169.2,1186.8,1167.5,1172.6,547.04381257
1656230400000,1174,1207.8,1171.5,1202.8,1157.1886439
1656244800000,1203.9,1212.9,1149.4,1161.1,1977.2602482
1656259200000,1159.6,1169.4,1148.1,1163.1,1043.72560466
1656273600000,1162.6,1183.9,1131,1134.4,1002.49447061
1656288000000,1133.4,1161.1,1131,1156.5,345.88264792
1656302400000,1156.5,1168.6,1147.2,1158.9,675.81189573
1656316800000,1160.1,1171,1151.7,1154.1,842.87708408
1656331200000,1153,1156.6,1109.8,1119.8,1924.20454959
1656345600000,1119.7,1143.4,1107.6,1130.7,1163.31752925
1656360000000,1131.4,1149.9,1124.7,1126.9,606.89324816
1656374400000,1124.8,1132.9,1099.1,1116.1,522.37087224
1656388800000,1116.4,1147.9,1113,1140.9,490.19560751
1656403200000,1141.9,1163.5,1135.7,1157,968.37474543
1656417600000,1156.9,1173.4,1120.5,1121.7,1395.82622864
1656432000000,1122.6,1132.5,1093.3,1097.8,1599.74830377
1656446400000,1097.6,1109.8,1078.6,1085.5,934.78048433
1656460800000,1086.2,1095.2,1075.1,1086.2,337.62950609
1656475200000,1086.2,1097.3,1061,1073.7,1222.73972
1656489600000,1073.7,1083.8,1046.6,1061.3,1047.02147334
1656504000000,1060.9,1068.6,1038.8,1062.2,1278.54105121
1656518400000,1061.8,1070.1,1039.2,1069.8,868.30446595
1656532800000,1069.8,1073.7,1044.1,1051.5,773.93860639
1656547200000,1050.9,1058.1,1031,1044.6,256.03410751
1656561600000,1044.1,1047.8,1007.4,1011.9,1419.27113449
1656576000000,1010.6,1011.5,970.75,979.11,2986.96248233
1656590400000,978.69,1000.7,957.46,984.32,2230.93929461
1656604800000,985.51,997.45,965.56,970.72,1456.85623434
1656619200000,972.98,1030,957.6,1019.6,1415.40515242
1656633600000,1022.2,1061,1002.1,1008.8,1253.48363614
1656648000000,1006.8,1029.7,998.21,1019.4,1424.49029436
1656662400000,1020.9,1038.2,988.4,1005.7,1663.37419209
1656676800000,1006.3,1030.7,1000.7,1014.9,1176.41328088
1656691200000,1014.2,1039.3,1012.2,1022.9,918.63197421
1656705600000,1025.3,1045.2,1010.4,1016.2,605.64540382
1656720000000,1016,1024.5,990.15,995.2,381.09345312
1656734400000,995.05,1009.1,992.53,999.19,669.0626333
1656748800000,998.3,1005,986.2,1001.4,670.85122485
1656763200000,1001.3,1020,997.05,1009,741.93212692
1656777600000,1009.1,1034.3,1007,1021,670.68239243
1656792000000,1020.6,1030,1016.4,1022.2,367.06082768
1656806400000,1022.6,1024.8,1010.6,1017.5,130.63404271
1656820800000,1020.1,1040.6,998,1018.4,527.52556379
1656835200000,1019,1020.9,1007.3,1016.4,475.75696569
1656849600000,1018,1019.4,998,1007.4,597.69655458
1656864000000,1007.6,1036.8,1005.6,1033.3,759.23090099
1656878400000,1033.4,1042.2,1023.6,1028.1,1000.09779138
1656892800000,1027.9,1029.1,1004.1,1008.6,295.25803941
1656907200000,1006.6,1012.9,1001,1006.6,414.49281775
1656921600000,1006,1054.1,1004.9,1052.5,1039.85621227
1656936000000,1052.1,1084.5,1037,1066.6,1937.4370003
1656950400000,1065.7,1087.1,1058,1076.8,1316.18737365
1656964800000,1077.7,1110.3,1070.6,1101.1,1257.66503042
1656979200000,1101.7,1111.1,1093.9,1103.9,242.2637736
1656993600000,1102.4,1122.8,1092.9,1114.7,1339.2494321
1657008000000,1114.9,1114.9,1073.8,1078.4,1325.16492572
1657022400000,1078.4,1078.9,1050.3,1063.9,1793.1154861
1657036800000,1064.6,1121.5,1060,1114.4,2013.15197749
1657051200000,1114.4,1137.8,1098.3,1104.5,2113.15848667
1657065600000,1103.3,1120.8,1081.6,1101.2,494.98956464
1657080000000,1099.5,1120.6,1091.4,1109.2,1239.26726734
1657094400000,1109.6,1127,1104,1111.2,810.4031014
1657108800000,1109.8,1126.1,1101,1112.5,1521.55561091
1657123200000,1113.3,1146,1111.9,1130.5,1523.00263857
1657137600000,1130.8,1181,1126.6,1163.3,1333.84361429
1657152000000,1163.3,1166.2,1141.8,1151.4,243.30123848
1657166400000,1150.3,1155,1137.5,1154.2,630.11399843
1657180800000,1153.6,1168.5,1148.2,1163,1220.73513008
1657195200000,1162.1,1206.4,1156.4,1199.3,2405.7055199
1657209600000,1199.2,1233.6,1194.2,1226.7,2847.60170585
1657224000000,1226.7,1229,1204.3,1217.8,1630.84692414
1657238400000,1216.1,1252.1,1209,1239.3,620.41203839
1657252800000,1239.6,1248.8,1215.2,1227.7,1492.11593392
1657267200000,1226.5,1231.9,1190,1200.5,1907.66691381
1657281600000,1201.6,1218,1175.2,1212.3,2818.95067567
1657296000000,1214.7,1225,1193.9,1216.5,1044.30812055
1657310400000,1217.9,1231.7,1189.6,1193.5,1031.95735144
1657324800000,1191.8,1198.9,1182.4,1195.2,299.35965062
1657339200000,1195,1204.8,1188.1,1203.3,562.95459665
1657353600000,1203.2,1205.6,1183.3,1189.5,870.10090871
1657368000000,1188.3,1200.3,1184.3,1193.4,540.80783342
1657382400000,1193.8,1210.4,1187.4,1196,771.29305723
1657396800000,1197.1,1204.8,1190.6,1195.3,450.49524442
1657411200000,1194.9,1196,1160.8,1167.6,567.99566071
1657425600000,1168.1,1173.9,1163.3,1168.7,497.91974046
1657440000000,1168.4,1172.1,1153.3,1161.3,989.53636032
1657454400000,1161.5,1166,1135,1142.6,1026.61890597
1657468800000,1142.7,1155.1,1132.6,1153,951.16238842
1657483200000,1151.7,1164.5,1140,1146.7,870.05909386
1657497600000,1147.5,1151.7,1127,1137.2,285.49382072
1657512000000,1135.3,1137.1,1121.9,1129.9,731.01347157
1657526400000,1130.4,1137.5,1126.7,1132.6,679.97584432
1657540800000,1131.9,1152,1121,1133.9,898.54873209
1657555200000,1132.5,1148.1,1129.7,1135.4,738.40630463
1657569600000,1135.1,1138.6,1086.1,1090.6,1958.15957826
1657584000000,1090.8,1091.2,1078.2,1083,434.85004824
1657598400000,1081.2,1091.1,1060.9,1068.1,1148.82255658
1657612800000,1066.1,1068.3,1051.2,1061.5,1022.95154327
1657627200000,1061.2,1075.2,1055.4,1068.5,1401.62400917
1657641600000,1068.6,1081,1029.9,1038,1129.00774307
1657656000000,1037,1047.4,1031.7,1033.6,849.10228963
1657670400000,1034.9,1054.9,1032.3,1047.1,206.29409362
1657684800000,1047,1069.9,1045.3,1064.9,790.91659207
1657699200000,1064.9,1076.9,1061.6,1075,1115.47632345
1657713600000,1075,1094,1005,1052.7,4198.63182485
1657728000000,1051.7,1087.4,1039.7,1068.6,1721.48870922
1657742400000,1068.6,1113.7,1067.5,1110,1043.93874955
1657756800000,1110.6,1123,1105,1107.5,368.72277638
1657771200000,1107.7,1110.5,1090,1092.5,958.61293646
1657785600000,1092.1,1095.7,1070.9,1080.1,937.95187338
1657800000000,1079,1142.8,1072.8,1137,1427.61795162
1657814400000,1137.5,1210,1130.5,1190.9,3522.26456462
1657828800000,1192.3,1197.2,1175.7,1188.7,1173.29251815
1657843200000,1189.4,1215,1178.2,1195,534.7744295
1657857600000,1196.4,1213.4,1185.3,1208.1,977.9162261
1657872000000,1208,1225,1198.6,1203.1,1438.57036416
1657886400000,1203.3,1227.9,1200.8,1211.7,1103.97680923
1657900800000,1211.5,1259.7,1191.2,1256.4,2035.58270125
1657915200000,1256.4,1274.9,1216.6,1219.3,1469.74214255
1657929600000,1221.1,1224,1198.1,1211.8,321.53916684
1657944000000,1212,1212.4,1181.1,1187.5,1241.04422561
1657958400000,1186.1,1196.1,1183.1,1187.3,595.57844334
1657972800000,1187.8,1266,1186.9,1263.7,1818.8565896
1657987200000,1263.5,1416.5,1261.8,1323.5,5585.96250694
1658001600000,1323.9,1350.8,1303.1,1345.7,1793.80921102
1658016000000,1345.7,1373.8,1316.6,1342.5,733.86982611
1658030400000,1341.6,1365,1335.9,1351.3,1103.43173856
1658044800000,1351.3,1365.2,1324.8,1352.7,1792.95242224
1658059200000,1352.3,1356.1,1320.6,1339.4,1150.61736135
1658073600000,1339.8,1370.1,1307.4,1336.2,1589.64075748
1658088000000,1336.2,1362.9,1322.4,1324,951.404307
1658102400000,1325.3,1405.8,1323,1391.6,774.64247948
1658116800000,1390.8,1452.2,1381,1446.2,3273.48549225
1658131200000,1446.2,1484.6,1442.6,1457.4,3394.11219099
1658145600000,1457.7,1500,1436.2,1493.1,2587.93458546
1658160000000,1493.1,1507.6,1428.7,1448.8,3408.79665404
1658174400000,1449.7,1569.2,1439.6,1557.6,2522.64689352
1658188800000,1557.6,1606.3,1492.2,1496.1,2285.92097077
1658203200000,1495,1520.2,1473.5,1475.6,2646.18478066
1658217600000,1475.6,1522.8,1470,1504.6,2196.35637782
1658232000000,1504.5,1540.6,1468.9,1505.4,3797.26160708
1658246400000,1504.3,1553.4,1499.7,1529.2,3308.22287003
1658260800000,1526.6,1551.5,1492.3,1509.4,1662.71269447
1658275200000,1507.3,1531.7,1476.4,1527.3,885.01485729
1658289600000,1526.1,1544,1496.8,1499.4,1522.01397525
1658304000000,1497.8,1580,1491.1,1572.6,3088.80729009
1658318400000,1574.3,1584.3,1553.1,1564.5,2862.66320567
1658332800000,1564.5,1565.2,1512.3,1523.3,2680.90190685
1658347200000,1525,1541.6,1405,1494.1,4100.29410292
1658361600000,1493.1,1522.9,1452.7,1458.2,586.91767505
1658376000000,1457.3,1467,1435,1459.5,1617.66746804
1658390400000,1458,1492.1,1450.5,1460.9,1915.45467159
1658404800000,1461.8,1485.4,1453.5,1481.1,1083.58026608
1658419200000,1482.1,1548.6,1480,1545.3,2190.73126263
1658433600000,1547,1574,1530.3,1540.4,1363.85205489
1658448000000,1540.1,1563.3,1526,1531.9,316.49552532
1658462400000,1531.4,1585.1,1528.3,1580.8,1348.50757104
1658476800000,1580.9,1620,1573.7,1612.4,2621.86073091
1658491200000,1612.3,1616.1,1536.5,1541.1,2726.18131233
1658505600000,1539.8,1554.9,1489.4,1495.5,2083.62097765
1658520000000,1495.5,1513.6,1485.3,1505.2,1151.55723858
1658534400000,1505,1548,1493.2,1540.2,356.57901671
1658548800000,1540.4,1564.9,1534.4,1545.9,711.94693281
1658563200000,1546.9,1556.5,1490,1492.4,1356.70760991
1658577600000,1491.9,1507.6,1473.5,1494.3,1115.60197335
1658592000000,1494.3,1502.7,1459,1484,1200.208492
1658606400000,1484.3,1525.2,1482.3,1517.8,1254.98348299
1658620800000,1525.3,1546.1,1516.9,1519.8,365.6795725
1658635200000,1522.7,1587.6,1515.8,1571.5,1905.96617834
1658649600000,1571.2,1595,1546.8,1582.3,1276.14412227
1658664000000,1582.6,1588.2,1541.3,1580.2,1058.23575271
1658678400000,1579,1582.6,1552.3,1571.1,702.03167245
1658692800000,1568.8,1626.9,1557.7,1567.3,1605.84146974
1658707200000,1565.9,1578.3,1470.2,1480.9,1452.17642252
1658721600000,1480.7,1501.7,1470.2,1494.9,1949.41915514
1658736000000,1494.1,1518,1481.7,1503.3,1232.3346493
1658750400000,1502.7,1504.2,1468.1,1495.3,1397.60286922
1658764800000,1495.2,1502.6,1423.3,1463.7,2357.56963181
1658779200000,1464,1505.9,1402.2,1407.5,3814.93160391
1658793600000,1408.3,1416.6,1370.2,1403.2,1211.19021417
1658808000000,1399.6,1407.6,1377.9,1379.7,1251.00892087
1658822400000,1378.4,1399.7,1370.1,1386.8,1018.91208507
1658836800000,1388.2,1401.8,1350,1353.1,1420.52161053
1658851200000,1353.6,1378.7,1341,1350.3,1163.93810429
1658865600000,1350.6,1436.7,1341.8,1433.7,2094.40269976
1658880000000,1432,1439.6,1401.5,1405.1,340.04707862
1658894400000,1405.9,1451.5,1403,1445.4,1228.19197972
1658908800000,1445.3,1455.6,1428.3,1430.8,1281.41421787
1658923200000,1430.1,1478.7,1423.7,1475.8,1285.34077816
1658937600000,1473.5,1580.8,1460.8,1556,6018.71975393
1658952000000,1554.7,1610,1554.2,1602.9,3005.0351085
1658966400000,1604.4,1640.2,1575.3,1614.2,1080.21381007
1658980800000,1613.5,1620.5,1580.9,1583.6,1567.48515971
1658995200000,1583.7,1624.2,1568.1,1622.7,1488.21946485
1659009600000,1621.3,1725,1572.7,1697.8,4702.30864668
1659024000000,1697.8,1723.4,1683.3,1693.1,4229.41321391
1659038400000,1692.6,1750,1680.8,1694,2539.98179931
1659052800000,1693.2,1698.4,1662.4,1692.2,591.45913778
1659067200000,1692.1,1710,1666.1,1675.3,1684.97048557
1659081600000,1675.8,1696.9,1631.2,1649.1,3240.29486604
1659096000000,1647,1717,1627.1,1686.8,3779.34987177
1659110400000,1689.3,1699.3,1637.6,1686.1,3270.94445266
1659124800000,1688.1,1727.2,1666.3,1684,1146.07389412
1659139200000,1687.4,1697,1651,1668.8,563.98303405
1659153600000,1669.2,1683.6,1654.7,1679.1,692.9058856
1659168000000,1678.4,1687.4,1642.9,1670.7,1145.8285368
1659182400000,1667.8,1705.7,1662.6,1699.4,2300.5480733
1659196800000,1698.6,1700.4,1653.2,1655.3,1921.53306445
1659211200000,1653.7,1673.3,1638.2,1661,1100.1439104
1659225600000,1661.3,1676,1651.3,1657.2,285.89754501
1659240000000,1658.7,1673.8,1655.2,1662.2,377.95541387
1659254400000,1664.7,1686.6,1651.6,1682.4,753.33110181
1659268800000,1684.1,1686.4,1658.5,1676.8,507.38979132
1659283200000,1676.9,1716.5,1650.5,1682.4,2074.33619251
1659297600000,1681.9,1688.9,1629.8,1646.1,1368.7039043
1659312000000,1645.4,1667,1638.2,1653.5,191.06556521
1659326400000,1656.4,1661.4,1636.1,1656.7,879.92389663
1659340800000,1656.4,1658.2,1602,1631.5,1177.70518634
1659355200000,1629.5,1647.9,1599,1630.4,966.16566321
1659369600000,1630.4,1630.4,1576.5,1582.6,1767.75055783
1659384000000,1583.2,1602.2,1566.6,1588.4,1158.99905813
1659398400000,1588.4,1614.7,1529,1537.5,730.9271052
1659412800000,1534.5,1560.5,1525.1,1558.7,1139.70364203
1659427200000,1558.8,1563.4,1526,1555,1046.72689661
1659441600000,1551.7,1605.6,1532.1,1598,1758.03394947
1659456000000,1600,1647,1594.4,1610.2,2592.82721022
1659470400000,1610.2,1633.5,1603.4,1607.6,522.63006856
1659484800000,1605.3,1614.7,1565.9,1589,732.86238483
1659499200000,1591.1,1616.1,1584.5,1599.5,696.97352645
1659513600000,1601.7,1640,1599.8,1636.2,1159.9602836
1659528000000,1635.1,1654,1620.5,1634,1349.92956704
1659542400000,1632.6,1646.9,1622.2,1625.9,932.67706491
1659556800000,1625.9,1629.1,1583.8,1592.6,924.30277649
1659571200000,1592.4,1631.7,1592.4,1623.9,313.32279204
1659585600000,1625.3,1635,1589.5,1597.3,969.68394378
1659600000000,1597.3,1602.8,1576.1,1590.2,952.975357
1659614400000,1588.7,1612,1568.2,1580.4,1415.85881222
1659628800000,1580.3,1588.2,1544.1,1552.8,1398.14663722
1659643200000,1553.9,1574.1,1544.3,1569.4,532.01936997
1659657600000,1570.1,1630.8,1567.7,1622.1,560.60775622
1659672000000,1622.7,1641,1609.7,1625,1020.73338181
1659686400000,1626.1,1677.3,1614.9,1674.6,1384.09077218
1659700800000,1674.3,1687.9,1637,1643.9,2804.5281562
1659715200000,1643,1654.4,1628.9,1651.7,774.25087009
1659729600000,1653,1708,1638.2,1705.2,1898.45258993
1659744000000,1705.6,1718.5,1696.2,1702.2,578.11802529
1659758400000,1702.7,1704.9,1683.3,1688.4,627.02546448
1659772800000,1688.7,1694,1672.3,1681.5,675.93801671
1659787200000,1681.5,1690.9,1677.5,1684.9,336.30464262
1659801600000,1686.3,1690.4,1657.5,1685.5,809.64510766
1659816000000,1684.5,1692.6,1658.7,1659.2,475.51407276
1659830400000,1661.5,1668.8,1641,1655.8,434.4105854
1659844800000,1655.8,1660.8,1645,1658.3,553.85245129
1659859200000,1658.4,1665.2,1646.1,1664.3,606.1782751
1659873600000,1664.3,1684.9,1663.7,1670.4,685.31373964
1659888000000,1670.2,1687.1,1666.8,1679.2,530.31578646
1659902400000,1678.8,1700.1,1662,1673.1,565.3221017
1659916800000,1673.1,1691.4,1666,1679.1,140.60701235
1659931200000,1678.9,1710,1677.7,1698.5,1210.51423619
1659945600000,1697.9,1758,1695.1,1753.4,2301.16173437
1659960000000,1753.6,1780.8,1730.3,1740,1803.54909324
1659974400000,1740,1755.2,1719.4,1752.3,1785.2123121
1659988800000,1749.5,1765,1725.1,1745.5,937.95459291
1660003200000,1743.4,1753.1,1730,1744.2,344.18554497
1660017600000,1746.3,1755.1,1731.1,1745.8,1044.31065025
1660032000000,1743.4,1746.1,1655.1,1668.8,2926.97804296
1660046400000,1668.4,1678.5,1630.7,1649.8,2024.17518923
1660060800000,1648.1,1664.1,1638.4,1655.3,914.15386129
1660075200000,1653.8,1681.8,1653.8,1668,931.92231341
1660089600000,1665.8,1668,1621.5,1635.6,430.28898913
1660104000000,1637.7,1656.5,1634.3,1654.1,587.83547234
1660118400000,1651.5,1671.2,1651,1665.2,976.0139475
1660132800000,1665.9,1789.6,1662.3,1778,7170.87449677
1660147200000,1777.7,1789.7,1749.5,1764.8,1788.40035755
1660161600000,1764.8,1830.3,1764.8,1799.7,1612.99992583
1660176000000,1799.7,1862,1797.3,1827.1,1029.15710132
1660190400000,1829.7,1854.5,1810.1,1819.8,1975.55500524
1660204800000,1819.2,1852.4,1815.6,1845,1392.71731616
1660219200000,1843.9,1875.2,1823.6,1830,2772.66900075
1660233600000,1830,1849.1,1818,1841.3,1332.55445869
1660248000000,1842,1847.7,1809.2,1823.5,836.23438836
1660262400000,1822.4,1854.8,1800.8,1848,312.60954641
1660276800000,1848,1850,1824.8,1835.2,549.21869709
1660291200000,1834.7,1849,1803.5,1819.7,1397.62652666
1660305600000,1819.6,1859.1,1816.6,1852.5,1110.55285178
1660320000000,1852.5,1881,1843.5,1879.7,1341.68976997
1660334400000,1879.6,1914.5,1867.7,1907.6,1273.83482362
1660348800000,1909.8,1947,1896.7,1946.2,573.01749897
1660363200000,1946.3,1969.6,1934.8,1944.2,2346.38262186
1660377600000,1944,1957,1925,1936.6,1453.50731123
1660392000000,1934.6,1945.9,1914.3,1940.3,1022.8639547
1660406400000,1939.9,1954.6,1924.2,1927.9,763.45409758
1660420800000,1926.4,1944.6,1920.4,1935.1,434.56491792
1660435200000,1935.5,1944.7,1924.3,1938.3,287.32801671
1660449600000,1935.7,1980,1931.9,1968.1,1718.09848592
1660464000000,1966,1968.1,1933.7,1941.2,1492.201223
1660478400000,1942.9,1943.8,1921.3,1936.9,970.33395384
1660492800000,1936.1,1937.5,1858.5,1885.2,3091.22784128
1660507200000,1885.4,1914.2,1870,1889.1,1282.57355907
1660521600000,1887.6,1964.6,1874.9,1937.1,651.28568378
1660536000000,1936.7,1943.5,1840.1,1857.6,1836.87415637
1660550400000,1857.6,1877,1834.8,1855.1,1613.89887841
1660564800000,1855.9,1887.7,1835.6,1885.1,1130.2673246
1660579200000,1885,1900,1855.6,1861.3,980.9208795
1660593600000,1861.6,1887.8,1850,1875.1,636.60670077
1660608000000,1870.2,1885.1,1832.3,1857.1,373.53871049
1660622400000,1856.9,1864.3,1829.1,1855.8,1045.07054447
1660636800000,1858.4,1890.5,1850,1883.6,731.31438193
1660651200000,1884,1890,1831,1855.8,1761.68241604
1660665600000,1856,1865.7,1823,1849,881.88563429
1660680000000,1848.9,1855.4,1835.1,1844.7,839.9001337
1660694400000,1844.3,1871.6,1844.3,1864.2,321.70337907
1660708800000,1866.1,1925.2,1858.8,1858.8,2211.87474642
1660723200000,1858.8,1872.5,1838.4,1846.9,997.45978613
1660737600000,1844.7,1857.7,1788.6,1802.9,2455.33625143
1660752000000,1802.7,1834.2,1795.1,1805.2,1358.55148644
1660766400000,1807.4,1821.6,1793.2,1802,795.53256089
1660780800000,1800.7,1833.2,1790,1815.9,187.99198486
1660795200000,1818.5,1823.8,1808.6,1816,442.74912279
1660809600000,1816.3,1833.4,1804,1826,535.28497892
1660824000000,1827.6,1856.1,1822.9,1852.9,1643.18028433
1660838400000,1853,1863.9,1837.2,1851.9,1046.38589287
1660852800000,1853.9,1863.2,1823.7,1831.6,920.40546246
1660867200000,1828.7,1830.1,1790.5,1804.4,587.80736762
1660881600000,1802.2,1810.8,1695,1729.4,4220.53290743
1660896000000,1730.2,1731.8,1673,1698.2,3520.68237225
1660910400000,1698.9,1698.9,1670.2,1693,2356.27070847
1660924800000,1690.6,1721.1,1674.4,1693.6,2061.1151929
1660939200000,1695.2,1700,1596.3,1602,3514.01077676
1660953600000,1602.1,1632.8,1600.1,1622,846.8077559
1660968000000,1621.5,1651.5,1617.6,1643.7,1178.49959022
1660982400000,1643.6,1645.1,1612.4,1625,1100.80910959
1660996800000,1626.6,1639,1618.6,1631,860.59760805
1661011200000,1630.1,1634.2,1549.1,1557.3,2335.63578713
1661025600000,1558,1582.7,1518.3,1571,2051.01932482
1661040000000,1571.1,1599.2,1567.2,1579.3,541.04088845
1661054400000,1580,1588.4,1557.7,1581,577.47468219
1661068800000,1580.5,1624.4,1579.1,1620.8,2361.5431137
1661083200000,1620.9,1636.5,1596.5,1616,1232.15499378
1661097600000,1617.5,1628.7,1605,1620.1,1466.89034101
1661112000000,1620,1639.3,1576,1613.1,1925.59823676
1661126400000,1612.4,1613.6,1587.8,1589.1,302.64131683
1661140800000,1589.6,1603.6,1551.8,1556.3,1158.59676702
1661155200000,1557,1580.4,1529.2,1568.5,2571.02808113
1661169600000,1568.5,1605.8,1548.2,1601.7,1366.60341879
1661184000000,1600.9,1610.4,1558.4,1575.3,829.49782093
1661198400000,1575.3,1638.4,1572.6,1634.7,1171.6506416
1661212800000,1637,1646.7,1617.2,1617.2,568.15930076
1661227200000,1618.4,1627.2,1575.3,1613.8,1073.4940066
1661241600000,1613.9,1636.7,1597.9,1634,1454.73332058
1661256000000,1633.6,1653,1620.2,1644.1,1027.71254019
1661270400000,1645.1,1680,1628.7,1656.1,1393.50066079
1661284800000,1655,1676.6,1646.2,1670.1,792.46299172
1661299200000,1670.3,1672.3,1615,1621.9,487.72681409
1661313600000,1621.6,1658.2,1619.8,1634.3,812.89084936
1661328000000,1634.9,1665.6,1633.5,1664.5,887.87179686
1661342400000,1664.7,1691.9,1650,1688.2,1453.21860511
1661356800000,1688.2,1699.3,1668.9,1681.5,1397.09328087
1661371200000,1683,1691.5,1657.3,1661.2,767.39899001
1661385600000,1662.3,1686.1,1660.1,1673,253.30072748
1661400000000,1673,1712,1672.8,1708.7,1043.33213655
1661414400000,1709,1717.6,1695.6,1713.6,960.69506901
1661428800000,1714.1,1723,1695.5,1707.5,1069.43384012
1661443200000,1708.9,1718.6,1695.7,1708.9,704.79945679
1661457600000,1710,1717.7,1688.7,1700.4,1073.07501967
1661472000000,1700.4,1700.4,1678.5,1693.1,290.47292669
1661486400000,1691.5,1693.1,1649.2,1665,1453.75206454
1661500800000,1663.5,1669,1620.3,1630.9,2007.93442847
1661515200000,1630.4,1701.9,1586.1,1594.3,5861.14182012
1661529600000,1594.3,1599.1,1546.5,1566.1,2538.56820262
1661544000000,1564.7,1575.4,1498,1516.1,1961.2690949
1661558400000,1515.3,1525.5,1491.9,1508.9,678.32170855
1661572800000,1509.4,1518.1,1480,1517.1,1886.58310819
1661587200000,1517.3,1519.2,1503.9,1513.5,1319.17980795
1661601600000,1513.1,1516.8,1464.1,1477.9,1946.79365153
1661616000000,1476.9,1491.7,1451.2,1486.2,1847.72891361
1661630400000,1487.2,1505.8,1464.2,1498.2,1045.75665834
1661644800000,1498.7,1516.5,1483.8,1499,238.52441983
1661659200000,1498.9,1508.8,1489.3,1503.6,544.37437153
1661673600000,1503.5,1510.6,1483.1,1491.1,454.53342132
1661688000000,1493,1496,1466,1494.3,804.39925449
1661702400000,1494.8,1504,1486,1491.6,931.15052349
1661716800000,1488.4,1498.1,1432.6,1436.7,1593.99643533
1661731200000,1437.4,1472.2,1431.1,1467.6,576.97552093
1661745600000,1466.9,1473.2,1449.4,1462.9,740.07362478
1661760000000,1463.6,1464.6,1444,1448.2,1169.43382928
1661774400000,1448.2,1531.6,1447.2,1522.8,3639.94716795
1661788800000,1521.5,1543.6,1521.1,1530.2,1842.93025004
1661803200000,1531.8,1559,1529.8,1550.1,1160.98813182
1661817600000,1548.6,1550.6,1523.6,1544.6,144.92936493
1661832000000,1545,1600.3,1543.4,1583.2,1386.43247773
1661846400000,1583.2,1597.5,1573,1580.6,1696.56377424
1661860800000,1581.6,1588.8,1511,1523.8,3275.80534127
1661875200000,1522.4,1565.8,1470,1541.8,4015.92028592
1661889600000,1540.7,1564.1,1513.8,1521.3,1402.52368512
1661904000000,1522.3,1609.3,1522.1,1603.1,1402.88712807
1661918400000,1600.9,1611.5,1574,1584.6,1229.00080955
1661932800000,1583.7,1609.6,1556.5,1595.1,1460.91952934
1661947200000,1595.1,1605,1527.6,1552.1,2286.79329207
1661961600000,1551.8,1582,1522.7,1568.9,1572.48890299
1661976000000,1567.3,1575.9,1535.6,1549.1,958.84945309
1661990400000,1548.3,1569.7,1532,1545.9,553.94768473
1662004800000,1546.8,1561.5,1527.7,1540.7,776.55643558
1662019200000,1540.5,1581.6,1529,1576.3,1436.88375367
1662033600000,1577.9,1580.8,1523.2,1543.5,1811.38714889
1662048000000,1544.1,1577.9,1530,1573,1317.16018631
1662062400000,1573,1606.4,1569.7,1592,1531.91399953
1662076800000,1591.2,1610.9,1574.2,1601,542.33671405
1662091200000,1602,1616.8,1582.4,1595.8,762.92099382
1662105600000,1596.5,1601.2,1583.1,1593.8,657.69809616
1662120000000,1596.3,1647.5,1587.5,1633,3298.17474723
1662134400000,1632.7,1636.5,1555,1567.8,2423.74715452
1662148800000,1568.5,1594.8,1564.1,1582,1925.60751758
1662163200000,1581.6,1589.4,1561.7,1567.7,227.68192393
1662177600000,1567.2,1580.4,1541.6,1550.2,742.37125332
1662192000000,1549.9,1567.6,1546.3,1554.2,1016.23146817
1662206400000,1556.7,1572.6,1552,1556.7,998.09733252
1662220800000,1556.6,1571.1,1545,1556.1,599.95220908
1662235200000,1556.1,1568,1554.1,1564.1,261.00836587
1662249600000,1565.3,1568,1555,1558.6,261.95773995
1662264000000,1559,1564.8,1551.1,1554.3,193.7072429
1662278400000,1554,1571.2,1549.3,1571.2,919.18518251
1662292800000,1572,1588,1551.8,1567.8,1167.39446274
1662307200000,1567.5,1582,1563,1575.2,922.00827368
1662321600000,1576.9,1594.3,1573.6,1594.3,852.74742724
1662336000000,1594.4,1604.1,1581.3,1587.9,340.54592869
1662350400000,1588.6,1594.8,1570,1575,570.0700946
1662364800000,1576.4,1582.3,1566.7,1578.6,510.41489781
1662379200000,1579.7,1618,1574.2,1611.3,1306.42433565
1662393600000,1612.8,1620.2,1586.3,1598.3,1350.15247533
1662408000000,1596.4,1636.5,1596,1624.3,840.66983837
1662422400000,1624.7,1680,1623.4,1646.4,870.3194754
1662436800000,1650.7,1684.4,1645,1662.3,2165.43864043
1662451200000,1661.4,1688.9,1656,1682.6,1702.61301945
1662465600000,1681.2,1699,1654.8,1683.6,2140.53888249
1662480000000,1683.4,1688.3,1575.1,1591.8,4580.9162
1662494400000,1591.3,1605.2,1569.9,1574.6,1454.01940816
1662508800000,1574.5,1582.8,1512,1528.6,920.78682966
1662523200000,1528.1,1540.9,1516.9,1530.6,1304.54980138
1662537600000,1530.7,1539,1522,1531.8,875.06886511
1662552000000,1532.6,1563.8,1518.1,1555.1,1507.80608096
1662566400000,1554.1,1583.6,1544.7,1569.7,1306.35412643
1662580800000,1569.7,1654.9,1569.7,1629.9,2649.66896257
1662595200000,1631.2,1638.1,1614,1630.9,521.28839322
1662609600000,1634.2,1647.6,1597,1617.1,1278.39383862
1662624000000,1614.4,1642.2,1607.6,1630.9,1530.93686874
1662638400000,1631.8,1659.3,1605.5,1636.7,2661.45914031
1662652800000,1636.8,1650,1617.6,1650,1162.37454434
1662667200000,1650,1661.7,1627.9,1632.6,1251.55954168
1662681600000,1630.1,1669,1624.1,1660.6,387.53255943
1662696000000,1660.4,1704.9,1659,1688.4,2815.85865534
1662710400000,1688.4,1697.6,1668.2,1693.1,2474.00073487
1662724800000,1694.5,1736,1690.6,1710.8,3243.7335131
1662739200000,1712.4,1719,1688.2,1711.8,2476.44261216
1662753600000,1712,1722.3,1696.2,1709.2,1495.43319558
1662768000000,1709.2,1735.8,1650,1725.5,2340.33203418
1662782400000,1725.7,1749,1700.6,1701.5,1622.20070031
1662796800000,1703.3,1719.1,1700.6,1714.7,714.57706341
1662811200000,1714.3,1723.6,1703.1,1706,603.55348851
1662825600000,1706.1,1737,1701,1731.9,661.11500565
1662840000000,1733.7,1778,1720,1765.3,1837.33772773
1662854400000,1765.3,1769.5,1747,1750.9,351.08105151
1662868800000,1752.9,1759.8,1734.5,1753.1,802.31235249
1662883200000,1753,1769.9,1748.6,1762,796.26361671
1662897600000,1760.9,1769.7,1744.2,1760.2,705.18961242
1662912000000,1759.2,1778,1748.4,1751.9,887.71758379
1662926400000,1750.6,1754.4,1706.6,1750.9,1562.5333605
1662940800000,1754.4,1766.7,1700,1714.6,788.89625309
1662955200000,1713.8,1731.3,1701.3,1729.5,1425.93066918
1662969600000,1729.1,1736,1705.5,1724.3,2804.14468848
1662984000000,1724.3,1733.5,1675,1686,1859.5170157
1662998400000,1684.5,1712.6,1671,1705.8,1435.77568146
1663012800000,1707.8,1711.8,1680.5,1695.4,755.25172432
1663027200000,1693.7,1695.6,1651.3,1695,742.81460035
1663041600000,1692.8,1705.6,1677.1,1691.9,999.05676552
1663056000000,1691.6,1715,1682.8,1707.2,917.88846367
1663070400000,1706.8,1725,1573.5,1593.8,4709.07625873
1663084800000,1594.9,1633,1576.2,1608.8,3176.34570612
1663099200000,1609.3,1629.6,1568,1578.9,1944.31485364
1663113600000,1579.4,1611.7,1557.5,1604.6,354.79699843
1663128000000,1603.9,1624.9,1598.7,1613.3,819.76712214
1663142400000,1614.1,1614.1,1586.8,1593.8,1275.9074473
1663156800000,1596.5,1612.3,1585.8,1596.4,1026.82502047
1663171200000,1596.8,1604.4,1561.8,1602.8,1904.78803129
1663185600000,1602.6,1649.9,1596.2,1642.2,1410.88452946
1663200000000,1641.2,1656.7,1587.8,1610,629.93965649
1663214400000,1609,1659.9,1582,1641.4,3806.84157764
1663228800000,1639.3,1640.1,1578.1,1593.4,1894.69039559
1663243200000,1593.1,1602.4,1460,1495,4691.59665952
1663257600000,1494.3,1519.5,1485.2,1500.7,2202.20977597
1663272000000,1500.2,1511.1,1459.9,1474.8,1227.49123445
1663286400000,1473.9,1482.8,1450.7,1473.4,407.20650392
1663300800000,1474.1,1481,1468.5,1478.1,966.15224701
1663315200000,1478.8,1486.7,1450,1483.7,1132.38566852
1663344000000,1451,1451,1405,1426.9,1857.5921947
1663358400000,1427.4,1446.5,1422,1432.7,739.03309764
1663372800000,1432.5,1455.1,1428.1,1438.4,221.84638184
1663387200000,1439.3,1444.9,1421.5,1430.9,469.9472492
1663401600000,1430.9,1434,1416.9,1417.2,712.14451838
1663416000000,1417.2,1450,1408.1,1443.9,1400.20784126
1663430400000,1443.7,1475.1,1441,1464.7,1593.55420353
1663444800000,1464.9,1471.7,1445.5,1467.6,555.96745864
1663459200000,1468.3,1468.3,1445.4,1449.8,285.61828759
1663473600000,1450,1459,1447.7,1452.5,217.36652302
1663488000000,1452.5,1458.5,1416.3,1431.5,1123.42281488
1663502400000,1433.4,1437.8,1409.1,1415.8,754.2905249
1663516800000,1415,1422.1,1365.5,1378.8,3681.13086885
1663531200000,1378.8,1379.9,1324.7,1331.9,2582.6065615
1663545600000,1331,1352.8,1291.2,1294.5,1521.27085046
1663560000000,1295,1315.3,1284,1305.5,2063.79537848
1663574400000,1304.6,1322.5,1292,1311,1805.04435549
1663588800000,1310.3,1373,1308.5,1340.6,2605.06130563
1663603200000,1341.6,1363.4,1321.8,1359.5,1521.52200718
1663617600000,1359.6,1391.8,1353.4,1372.6,981.3490489
1663632000000,1371.4,1378.7,1338.3,1349.3,482.64466521
1663646400000,1351,1372.5,1347.9,1354.3,788.73357061
1663660800000,1354.4,1366.1,1344.9,1358.4,705.94872089
1663675200000,1358.4,1381.5,1334,1378.9,1279.9564835
1663689600000,1376.4,1385,1337.4,1355.6,1049.50136271
1663704000000,1356.3,1360.1,1318.6,1327.7,845.64819996
1663718400000,1324.9,1349.2,1323,1342.5,161.79472872
1663732800000,1342.2,1349.2,1329.1,1344.6,1014.66385351
1663747200000,1344.8,1367.2,1335.9,1365.2,678.94260643
1663761600000,1365.8,1374.3,1351.5,1359.2,1097.68440073
1663776000000,1358.8,1424,1326.5,1344,7070.87220481
1663790400000,1342.5,1348.5,1240.9,1267.2,3975.09397945
1663804800000,1266.3,1293.8,1259.8,1286.7,1489.59816019
1663819200000,1287.8,1301.6,1276.6,1299.1,1361.75503677
1663833600000,1298.2,1331.2,1293.5,1327.2,2004.46051939
1663848000000,1327,1329.4,1280.8,1292.2,2415.44986379
1663862400000,1291.5,1357.6,1271.9,1344.2,2710.18418141
1663876800000,1345.8,1368.4,1328.2,1348.4,1606.9441004
1663891200000,1348.4,1368.6,1336.7,1363.5,402.78440204
1663905600000,1365.3,1381.2,1357.7,1361.5,2128.17823442
1663920000000,1361.5,1365.5,1314.7,1319.4,1667.07364668
1663934400000,1319.1,1349.9,1296.9,1331.2,2637.14770543
1663948800000,1330.9,1347.4,1317.7,1333.4,1559.87555665
1663963200000,1334.1,1380,1332.1,1369,2026.32121214
1663977600000,1369,1371.8,1351.8,1362.2,308.53517917
1663992000000,1362.8,1379.1,1357.5,1364.2,469.33111936
1664006400000,1364.2,1374.1,1357.7,1368.9,366.04973075
1664020800000,1368.8,1390.7,1367,1382.6,780.86818774
1664035200000,1382.9,1390,1375.4,1383.9,2152.91608486
1664049600000,1383.8,1385.9,1348.1,1357.8,882.72954255
1664064000000,1360.5,1370.9,1356.4,1370.1,167.52797193
1664078400000,1371.2,1378,1361.1,1373.9,254.97260173
1664092800000,1373.7,1376.1,1359.2,1371,471.62824303
1664107200000,1371.6,1373.5,1338.2,1352.2,902.03525279
1664121600000,1351,1362.3,1322.5,1342.3,1441.81683282
1664136000000,1342.3,1343.4,1313.9,1336.5,1102.95205945
1664150400000,1337.9,1361,1332.6,1353,1760.31326644
1664164800000,1352,1355.3,1326,1338.1,788.85090769
1664179200000,1337.8,1368,1337.1,1345.8,1585.71524949
1664193600000,1345.6,1384.8,1341.1,1376.6,2203.64036636
1664208000000,1377.5,1392.3,1363.7,1383.3,1035.40431332
1664222400000,1384.9,1390,1368.2,1388.5,392.82567519
1664236800000,1389.2,1441.9,1384.6,1436.2,1096.9001838
1664251200000,1438,1442.6,1425.6,1432,1236.7383432
1664265600000,1432,1449.7,1428,1439.6,970.3852235
1664280000000,1440.9,1452.6,1417.3,1418.2,1725.32714544
1664294400000,1418.2,1421.5,1360,1381.6,3432.8873267
1664308800000,1380.2,1390.5,1372.1,1384.1,720.70519602
1664323200000,1385.8,1396,1328,1346.7,731.66902598
1664337600000,1345.7,1352.5,1326.5,1341.8,877.7267473
1664352000000,1341.4,1369,1318,1353.7,1757.00962897
1664366400000,1354,1383.1,1351.5,1375.5,1252.62492794
1664380800000,1376.6,1381.2,1346.7,1369.5,1617.38472236
1664395200000,1372,1391.1,1369.9,1376.6,1063.80279314
1664409600000,1377.4,1393.2,1368.4,1385.5,268.45766955
1664424000000,1383.3,1389.1,1361,1368.8,782.77760844
1664438400000,1368.5,1382.1,1362.5,1374.9,751.37773569
1664452800000,1374.1,1375.1,1325,1358.3,2657.86503487
1664467200000,1358,1377.7,1342.5,1361,1193.06872858
1664481600000,1362.7,1366.7,1348.2,1359.8,737.11284142
1664496000000,1359.6,1375.7,1347,1354.4,254.5798707
1664510400000,1353.9,1371.3,1353.1,1361.9,702.02690657
1664524800000,1362,1375.9,1358.2,1364.1,850.4145473
1664539200000,1364,1400,1350.4,1380.2,2585.74406816
1664553600000,1380.3,1392.3,1362.1,1366.6,1114.49518374
1664568000000,1364.8,1371.6,1343.4,1356,840.44029265
1664582400000,1355.9,1360.7,1352,1356.1,104.31886278
1664596800000,1355.8,1358.3,1351.4,1356.5,208.26755825
1664611200000,1356.5,1360.8,1344.6,1353.5,409.71401462
1664625600000,1351.9,1358.2,1346.7,1348.6,290.73352643
1664640000000,1349.5,1351.6,1333.7,1338.8,541.11723424
1664654400000,1339.7,1343.5,1330.2,1337.4,337.718797
1664668800000,1337.4,1342.9,1333,1336.9,120.90228098
1664683200000,1335.8,1345.1,1335.1,1338.7,299.28425986
1664697600000,1337.9,1340.6,1313.3,1326,794.32898953
1664712000000,1324.6,1329.1,1315,1319.6,407.37183555
1664726400000,1320.6,1339.9,1319.7,1332,1085.76340255
1664740800000,1333,1335,1299.2,1303.3,911.66664131
1664755200000,1304.3,1322.3,1292.4,1317.7,306.30241676
1664769600000,1317.7,1325,1310.5,1317,435.22254468
1664784000000,1315.5,1329.4,1311.7,1327.5,422.89748586
1664798400000,1330,1350,1325.6,1345,992.4457269
1664812800000,1345,1357.1,1333.7,1340.9,1089.51043811
1664827200000,1341.7,1351.3,1337.4,1347.1,339.02686623
1664841600000,1346.5,1353.2,1342.7,1349.6,142.84609781
1664856000000,1352,1368.5,1344.7,1368,522.19367947
1664870400000,1367.4,1377.2,1359.4,1364.5,775.78093229
1664884800000,1365.9,1370.8,1350.3,1358.5,665.3310896
1664899200000,1358.8,1360.3,1343.7,1356.3,488.48233404
1664913600000,1357.4,1371.2,1353.3,1364.3,416.27301273
1664928000000,1364.1,1365.7,1356.5,1358.9,137.26120208
1664942400000,1357.8,1363.7,1354,1361.1,244.14292825
1664956800000,1361,1362.1,1345,1348,410.13776178
1664971200000,1348.2,1349.7,1332.8,1349,764.830794
1664985600000,1348.8,1378.9,1345.4,1365.2,1159.66412365
1665000000000,1365.8,1372.8,1360.3,1366.8,317.04302739
1665014400000,1364.9,1395,1364.6,1384.4,567.07015675
1665028800000,1383.3,1393,1373.6,1380,510.23068066
1665043200000,1380,1387.9,1370.1,1386.9,446.20015324
1665057600000,1386.7,1400,1373.2,1388.2,1475.33588863
1665072000000,1387.3,1398.2,1382.5,1387,469.57389884
1665086400000,1387.1,1393,1375.1,1381.8,694.00882912
1665100800000,1381.9,1389.6,1378.4,1383.5,97.50266039
1665115200000,1382.9,1386.8,1376.8,1383.7,293.0860544
1665129600000,1383.4,1388,1381,1384.9,321.99639292
1665144000000,1383.3,1387.7,1358.3,1363,1498.21666592
1665158400000,1363.6,1366.9,1351,1364.3,656.60968907
1665172800000,1363.7,1372.3,1360.7,1367.2,520.83693368
1665187200000,1367.3,1373,1366.6,1366.6,63.92104917
1665201600000,1368.1,1369.3,1361.4,1366.6,123.7705644
1665216000000,1365.8,1366.8,1360.5,1366.5,176.70715771
1665230400000,1365.2,1366.7,1354.9,1360.2,259.68947963
1665244800000,1358.5,1365.8,1357.7,1358.9,208.57613432
1665259200000,1359,1362.7,1339.7,1351.5,525.46475496
1665273600000,1350,1352.3,1342.7,1346.1,64.89696951
1665288000000,1346.5,1354.3,1345.6,1350.2,211.27869206
1665302400000,1350,1363.1,1348.8,1359.5,301.86990415
1665316800000,1358.7,1364.5,1356.8,1362.9,159.33705514
1665331200000,1361.9,1362.8,1347.3,1355.7,855.49749627
1665345600000,1355.6,1360.7,1350.8,1359.1,238.53585839
1665360000000,1359.7,1373.7,1356.8,1359.7,48.30083049
1665374400000,1359.4,1361.4,1348.3,1357.2,183.95298523
1665388800000,1355.6,1358.5,1340,1357.1,434.27234046
1665403200000,1357.2,1359.3,1343.4,1348.2,467.01339392
1665417600000,1348.9,1354.5,1340,1348.5,519.15408682
1665432000000,1347,1350.5,1329,1329.6,623.30469456
1665446400000,1327.6,1327.6,1306.5,1320.8,544.93902228
1665460800000,1320.6,1324.6,1313.2,1324.6,465.6393502
1665475200000,1324.3,1327.3,1316.9,1323.5,344.43440941
1665489600000,1324.7,1332.8,1307.8,1326.9,717.53606148
1665504000000,1326.7,1329.6,1312.3,1320.9,326.32849675
1665518400000,1320.9,1325.9,1312.3,1319.7,176.53105652
1665532800000,1319.4,1327.2,1315.6,1323.8,48.65758266
1665547200000,1323.4,1336.8,1323.4,1332.3,423.69976938
1665561600000,1334.1,1345.4,1332,1336.8,350.91072712
1665576000000,1337,1344.4,1327,1341.6,471.76834562
1665590400000,1341.5,1341.7,1329.1,1337.8,263.33770291
1665604800000,1337.8,1342.1,1332.4,1334,115.34309704
1665619200000,1333.9,1336.9,1322,1326.7,137.11768737
1665633600000,1325.2,1328.6,1311.5,1315.7,464.88271293
1665648000000,1316.4,1320.2,1260,1277,1875.7524736
1665662400000,1275.7,1309,1242.3,1290.4,3185.24908967
1665676800000,1291.5,1322.9,1281.2,1315.6,1013.68376365
1665691200000,1316.4,1330.4,1315.1,1318.3,538.06475471
1665705600000,1317.6,1369,1313.3,1357.5,447.91126559
1665720000000,1357.8,1361.6,1348.3,1351.9,632.37230942
1665734400000,1352.3,1370,1350.8,1364,643.13352447
1665748800000,1364,1375.4,1341,1343.8,1366.92270314
1665763200000,1344.7,1346.4,1330.6,1333.6,642.75772606
1665777600000,1334.7,1341.2,1326.4,1333.1,312.64963393
1665792000000,1333.8,1338.4,1330.8,1337.9,49.15385255
1665806400000,1337.7,1337.9,1328.2,1331.7,287.16899411
1665820800000,1331.9,1333,1314.4,1323.3,542.3188597
1665835200000,1325.2,1328.4,1316.3,1323.1,245.97639542
1665849600000,1323,1327.2,1317.8,1320.3,323.88594137
1665864000000,1320.3,1321.5,1302,1312.4,239.06946422
1665878400000,1311.6,1322.7,1311.6,1320.2,126.81907606
1665892800000,1322.4,1326.1,1318.2,1320.9,157.4876568
1665907200000,1320.2,1327.8,1318,1320.8,277.59579295
1665921600000,1321.9,1324.9,1317,1322.3,192.06736158
1665936000000,1322.9,1344.6,1319,1343.7,461.29612758
1665950400000,1346,1352.5,1328,1340.2,688.70691082
1665964800000,1340.8,1340.8,1329.4,1335.6,32.00484448
1665979200000,1335.4,1347.4,1334.4,1345.1,320.72077654
1665993600000,1345.5,1359,1341.4,1352.7,613.15741288
1666008000000,1352.6,1366,1346.7,1351.1,685.91858553
1666022400000,1351,1353.5,1335.9,1346,494.21587579
1666036800000,1346.8,1359,1344.8,1352.8,466.34718858
1666051200000,1353.4,1361,1350.3,1354.2,103.97384933
1666065600000,1353.9,1358.8,1348.7,1356.3,244.48988753
1666080000000,1356.2,1356.9,1340.4,1348.2,422.57792412
1666094400000,1347.9,1353.2,1322,1328.6,594.89376283
1666108800000,1328.3,1332.2,1308,1318,702.61390828
1666123200000,1320,1338.3,1318.1,1329.4,470.50321755
1666137600000,1329.4,1330.5,1318,1326.3,80.99897764
1666152000000,1326.1,1328,1315,1321.1,179.68719651
1666166400000,1320.7,1332.1,1317.5,1328.3,288.16605794
1666180800000,1328.9,1336.2,1321.2,1334,365.89261025
1666195200000,1333.4,1334.4,1323.1,1325.2,194.67212085
1666209600000,1326.6,1328,1310.8,1315.9,199.69017538
1666224000000,1315,1318.2,1302.3,1311.9,273.45182873
1666238400000,1311.4,1322.9,1310.8,1319.8,170.89712926
1666252800000,1319.8,1327.2,1317.5,1324.1,345.07636198
1666267200000,1323.8,1334.1,1316.9,1323.4,428.31739335
1666281600000,1323.4,1323.4,1307,1313.7,403.52600309
1666296000000,1313.3,1316.5,1300,1312.1,417.10333801
1666310400000,1310.9,1321,1308.9,1316.9,44.00257208
1666324800000,1317.6,1320,1311.4,1311.8,236.08596448
1666339200000,1311.3,1315.6,1303.2,1308,458.5610788
1666353600000,1307.5,1316.6,1289.8,1316.5,1010.80830539
1666368000000,1317,1325.3,1315,1319.8,293.51869816
1666382400000,1322.8,1325.2,1315.9,1318.4,189.47158959
1666396800000,1319.7,1321.9,1314,1315.7,60.49854022
1666411200000,1317.7,1319.2,1313.5,1318.8,70.37184509
1666425600000,1319.3,1326.4,1318.2,1324.1,237.58279096
1666440000000,1324.3,1338,1322,1335.1,413.43113228
1666454400000,1336.6,1337.5,1325.7,1333.8,169.73726664
1666468800000,1333.9,1337.6,1331.2,1332.3,100.09177499
1666483200000,1333.5,1333.9,1326.3,1331.6,30.79974501
1666497600000,1331.8,1333.4,1325.3,1329,53.78865855
1666512000000,1329,1331.6,1320.6,1322.6,148.8910542
1666526400000,1324,1335,1320,1333,158.44895345
1666540800000,1332.4,1353.7,1330,1349,918.6408214
1666555200000,1349.5,1389.8,1345.7,1383.7,1124.7644824
1666569600000,1383.8,1390,1367.9,1370,181.62344656
1666584000000,1368.9,1370.4,1353.6,1358.2,405.11689478
1666598400000,1358.2,1376.8,1356.5,1376.2,530.20589587
1666612800000,1375.5,1375.5,1342.5,1359.3,542.70541412
1666627200000,1358.5,1369.5,1347.4,1360.6,259.8429521
1666641600000,1362.5,1375.8,1357.6,1360.6,337.36253487
1666656000000,1359.6,1363,1351.2,1361.2,153.75713619
1666670400000,1363.7,1367.9,1360.2,1366.5,219.00658481
1666684800000,1366,1367,1357.5,1366,242.41837922
1666699200000,1365.8,1421.9,1364.8,1413.1,1422.12838949
1666713600000,1413.8,1528.1,1411.1,1498.2,4446.19927103
1666728000000,1497.3,1500.4,1455,1465.8,1806.09579678
1666742400000,1467.7,1504.5,1465.2,1495,441.78221327
1666756800000,1493.2,1517,1483.2,1510.4,1236.46315333
1666771200000,1510.5,1549,1505.3,1526.9,2970.07298712
1666785600000,1524.9,1590,1509.9,1555.9,3005.18070007
1666800000000,1556.2,1561.4,1530,1551,1681.17698972
1666814400000,1552.3,1570,1530.1,1553,901.93219657
1666828800000,1551.4,1562.2,1524.1,1544,244.31479972
1666843200000,1544.1,1558.5,1539.2,1546.1,459.52633231
1666857600000,1545.2,1550,1531.5,1542.2,870.98191938
1666872000000,1542.3,1578.3,1534.3,1545.9,1961.10890423
1666886400000,1547.3,1570,1543.4,1567.3,712.10068014
1666900800000,1565.9,1567,1512,1518.4,1836.70934732
1666915200000,1518.4,1527.3,1500,1509.3,654.60364379
1666929600000,1509,1523.6,1496,1500.1,719.69426026
1666944000000,1499.6,1516.5,1496,1505,1089.44327455
1666958400000,1503,1552.6,1495,1548.6,1504.00179113
1666972800000,1548.4,1583,1544,1563.8,1299.84356423
1666987200000,1562.9,1578,1557.1,1559.4,500.73662573
1667001600000,1560.1,1598,1554.5,1594.3,350.86164649
1667016000000,1594.6,1602,1581.2,1599,730.58386365
1667030400000,1598.9,1658,1595.8,1621,2344.33941253
1667044800000,1619.6,1649.3,1613.9,1637.9,1077.23235507
1667059200000,1637.1,1666.3,1622.2,1627,1148.62705605
1667073600000,1629,1637.4,1608.7,1624.5,399.70667188
1667088000000,1625.4,1629.2,1610.6,1625.7,224.31415613
1667102400000,1628.2,1645,1623.5,1633.9,259.52286055
1667116800000,1635.2,1636.3,1596.3,1611.4,1005.50098141
1667131200000,1610.3,1612.3,1586.3,1591.7,610.76728291
1667145600000,1593.2,1602,1580.8,1592,609.90123072
1667160000000,1592.2,1604.9,1584.4,1598.3,398.37779766
1667174400000,1598.3,1601.6,1573,1589.6,325.47128681
1667188800000,1589.2,1603,1586.8,1602.7,333.30661912
1667203200000,1601.2,1644.7,1589.8,1631.1,1232.42319981
1667217600000,1630.8,1639.4,1561.1,1587.2,1801.2874373
1667232000000,1588.3,1601,1574.5,1581.5,562.73823072
1667246400000,1582,1595,1570,1590.5,569.26296857
1667260800000,1591.8,1617.6,1586.8,1603.6,319.66424822
1667275200000,1602.7,1613.8,1596,1601,392.62236302
1667289600000,1602,1622.5,1594.4,1601,788.45347295
1667304000000,1601.3,1607.9,1578.7,1594.8,781.84677636
1667318400000,1593.6,1605.6,1589.6,1596.6,463.97917033
1667332800000,1596.5,1603,1590,1598.6,346.4283885
1667347200000,1598.7,1611.9,1591.8,1608.4,276.51550608
1667361600000,1608,1618.7,1576.1,1582.8,332.46875635
1667376000000,1582.4,1593.2,1552.1,1571.4,739.10070381
1667390400000,1570.9,1585,1563.8,1579.1,557.19414013
1667404800000,1578.8,1631,1551,1564.4,3822.60841092
1667419200000,1563.8,1564.5,1530,1547.6,1283.3312622
1667433600000,1546.5,1582.3,1545.1,1574,169.23094484
1667448000000,1576.7,1587.6,1574.2,1579.1,505.10819123
1667462400000,1579.2,1595,1562.9,1572.5,588.88091858
1667476800000,1573.2,1590,1560.1,1580.9,612.1729369
1667491200000,1580.4,1587.9,1577,1583.3,422.15799576
1667505600000,1584,1584.1,1564.6,1571.3,251.78388443
1667520000000,1569.8,1585,1566,1585,85.14501914
1667534400000,1585,1625,1580.2,1624.3,1054.42168737
1667548800000,1624,1631.2,1608,1608.3,848.04803924
1667563200000,1610.3,1689,1599,1644.3,3458.63198865
1667577600000,1645,1658.3,1626,1653.9,973.59893121
1667592000000,1654.2,1660.1,1646.3,1651.6,529.43459877
1667606400000,1651.5,1672,1642.2,1653.6,275.1906207
1667620800000,1654.1,1664.8,1650,1658.9,229.15048034
1667635200000,1657.6,1659.3,1643.1,1657.4,599.54046233
1667649600000,1657.1,1657.1,1630.9,1642.8,579.27667064
1667664000000,1642.3,1649.4,1632.5,1638.9,369.44012684
1667678400000,1638.9,1641.8,1629.6,1632.8,349.87304314
1667692800000,1631.8,1639.8,1620.1,1627.2,155.9755655
1667707200000,1626.8,1630.9,1620.5,1630.6,125.28974406
1667721600000,1630.9,1645.7,1616.6,1628.4,455.71818149
1667736000000,1628.6,1641.1,1623.1,1631.8,291.73539534
1667750400000,1630,1633.2,1615,1622.2,637.37257237
1667764800000,1620.9,1627,1577.9,1579.7,1056.96130681
1667779200000,1580,1606,1575.7,1596.8,433.42963802
1667793600000,1597.6,1603.4,1558,1562.4,900.96965262
1667808000000,1561.1,1587.3,1558.2,1583.8,1382.56525027
1667822400000,1583.9,1594.4,1571,1591.9,2590.26586486
1667836800000,1594.1,1605.6,1577.8,1597.8,795.83828747
1667851200000,1597.7,1603.4,1545.6,1566,948.10936914
1667865600000,1563.5,1574.2,1505,1505.1,613.23188857
1667880000000,1505.9,1513.6,1434.2,1495.3,2820.9705644
1667894400000,1495.3,1498.7,1472.5,1479.2,932.15083399
1667908800000,1478,1489.1,1417.2,1454.5,2447.2810134
1667923200000,1454.1,1566.6,1240,1312.2,13531.65175467
1667937600000,1312.2,1350,1277,1326.7,4305.60029269
1667952000000,1325.2,1329.2,1275,1304.9,844.98753574
1667966400000,1305,1309.7,1260.1,1268.7,1589.67293132
1667980800000,1268,1270.1,1132,1214.8,9466.2391352
1667995200000,1215.2,1245.2,1148.2,1161.9,7460.10105118
1668009600000,1161.9,1216.3,1144,1196,6171.95603576
1668024000000,1196,1199,1072.1,1100.4,7302.70414722
1668038400000,1100.4,1180.4,1084.4,1169.6,3261.92453219
1668052800000,1169.2,1201.5,1156.2,1187.8,3567.91698674
1668067200000,1186.6,1218,1172.1,1181.8,2697.40054305
1668081600000,1180.2,1323.9,1180.1,1298,7977.49644095
1668096000000,1298.5,1328.9,1230.2,1269.1,4524.16779196
1668110400000,1269.1,1314.9,1259.1,1272.1,2246.0756761
1668124800000,1272.6,1281.6,1196.7,1212.5,1131.70048587
1668139200000,1213.6,1257.7,1201.4,1244.3,1301.4961655
1668153600000,1244.7,1255.8,1230,1239.6,1644.20526927
1668168000000,1239.7,1266.8,1164.1,1218.7,4434.37052404
1668182400000,1216.7,1241.9,1192.5,1226.7,1820.15646443
1668196800000,1226.7,1247.8,1196.2,1242.2,1065.21674896
1668211200000,1243.6,1243.6,1210.1,1212.9,252.80862164
1668225600000,1217.6,1231.9,1195,1220.1,449.45243206
1668240000000,1221,1228.8,1206.4,1215.2,791.1006694
1668254400000,1218.2,1238.3,1208.1,1228.8,649.5721701
1668268800000,1229,1231.5,1216.8,1222,424.13382155
1668283200000,1222,1222,1201.3,1210,394.10273779
1668297600000,1210.1,1227.3,1208,1224.6,92.72972324
1668312000000,1226.8,1227.7,1185.7,1205.4,289.71322177
1668326400000,1205.7,1207.5,1168.6,1194.7,1274.24429403
1668340800000,1193,1199.5,1175.8,1183.9,832.30250411
1668355200000,1183.1,1188.6,1170.4,1181.8,583.25363893
1668369600000,1181.1,1189.9,1158.7,1180.8,800.80934243
1668384000000,1181.8,1188.8,1133.1,1153.2,1064.30178478
1668398400000,1152.8,1220.7,1137.5,1218.8,1902.39091154
1668412800000,1217.9,1233.1,1209.9,1215,1869.13027419
1668427200000,1215,1248.3,1195,1202,2051.41309107
1668441600000,1203.7,1206.9,1166.8,1172.5,1388.01711078
1668456000000,1171.5,1207.8,1167.7,1201.9,1023.61763251
1668470400000,1200.5,1223.5,1197.2,1217.4,408.08999063
1668484800000,1216.5,1228.7,1206.4,1215.9,661.5444003
1668499200000,1215.5,1228.7,1202.7,1208.4,869.85348413
1668513600000,1207.2,1236.6,1206,1217.9,1040.31870315
1668528000000,1220,1229.1,1197,1212.6,1319.69146559
1668542400000,1214.1,1218.4,1198.9,1208.5,783.8622226
1668556800000,1207.9,1221.6,1205.5,1221.5,131.58384649
1668571200000,1221.4,1221.4,1196.1,1197.1,347.06813352
1668585600000,1197.2,1204.5,1170,1172.6,1819.64940544
1668600000000,1172.6,1183.8,1141.5,1144,1842.81138371
1668614400000,1145,1174.6,1140.2,1163.1,1252.63639553
1668628800000,1162,1176.2,1156,1169.5,776.67173162
1668643200000,1169.8,1181.7,1161.7,1161.9,133.15992266
1668657600000,1160.8,1171.7,1150.2,1158.4,446.03221343
1668672000000,1158.8,1163.5,1138.3,1163.5,628.31542177
1668686400000,1163.3,1177.3,1146.3,1155.6,622.02323284
1668700800000,1155.1,1175.2,1151.7,1159.5,575.23614099
1668715200000,1161,1167.8,1155.2,1157.8,407.08710358
1668729600000,1158.8,1187,1158.6,1174.7,258.72881463
1668744000000,1174.9,1179.8,1168.3,1170,433.08133188
1668758400000,1170.2,1181.5,1162.4,1172.7,538.30178736
1668772800000,1172.3,1180.8,1166.5,1166.5,368.79879395
1668787200000,1167.8,1171.3,1158.6,1170.5,402.91670332
1668801600000,1170.7,1175,1167.1,1172.3,264.91577937
1668816000000,1172.8,1173.7,1163.6,1169.5,122.01612784
1668830400000,1170.1,1170.6,1159.8,1167.6,158.0190184
1668844800000,1167.9,1172.3,1163.1,1170.5,285.55732635
1668859200000,1170.5,1171.7,1166.1,1170.9,152.77619296
1668873600000,1170.9,1172,1167.5,1168.9,143.49265992
1668888000000,1169.4,1192.8,1168.3,1177.4,476.21986777
1668902400000,1178,1187.1,1177.1,1179.2,95.7181583
1668916800000,1180.4,1184.1,1177.8,1181.7,114.76692697
1668931200000,1181.8,1181.9,1125.3,1129.7,1112.17050274
1668945600000,1129.4,1141.4,1117,1139.2,973.23997931
1668960000000,1137.7,1147.7,1130.7,1146.5,399.29426754
1668974400000,1147.2,1147.5,1095.9,1105.7,1531.01732908
1668988800000,1104.2,1106.7,1078.3,1091.8,573.89361379
1669003200000,1091,1105.5,1085,1092.8,983.65676774
1669017600000,1092.8,1101.2,1078,1096,2132.27773565
1669032000000,1096.1,1116.9,1086.6,1102.7,1075.39036937
1669046400000,1102.5,1104.7,1052.7,1064.1,1823.47315399
1669060800000,1064.1,1095.7,1055.6,1079.8,1378.42086426
1669075200000,1077.8,1087.7,1066.8,1073.6,239.48170422
1669089600000,1073.2,1076.4,1051.4,1063.3,743.3245553
1669104000000,1063.2,1065.1,1046,1055.4,875.17495551
1669118400000,1056.1,1110.4,1049.3,1101.9,1875.36384334
1669132800000,1101.2,1110.1,1081,1094.6,801.6040338
1669147200000,1094.7,1105,1088.7,1102.9,497.44926163
1669161600000,1105.4,1131.2,1094.7,1131.2,523.66231458
1669176000000,1133.4,1133.4,1117.9,1126.6,548.45085891
1669190400000,1126.5,1141.7,1122.5,1135.6,1313.59056168
1669204800000,1135.8,1138.5,1114.5,1117.4,683.43357214
1669219200000,1117.4,1143.9,1108.1,1123.3,809.18601813
1669233600000,1123.1,1140,1117.9,1136.7,557.70420579
1669248000000,1136.8,1157.7,1132.7,1149.1,435.49362666
1669262400000,1150,1165.6,1147.3,1156.2,380.33401637
1669276800000,1156.6,1158.2,1142.8,1146.4,521.63700596
1669291200000,1147.9,1154.9,1137.1,1145.8,338.97991674
1669305600000,1147.5,1160,1145,1153.4,271.683191
1669320000000,1153.3,1158,1145.7,1157.1,264.00541352
1669334400000,1155.9,1156.5,1132.2,1138.2,127.86423602
1669348800000,1136.5,1139.4,1124,1137.7,285.10391133
1669363200000,1136.7,1149.1,1129.7,1145.6,532.20396072
1669377600000,1146.7,1151.8,1138.7,1142.9,267.03610156
1669392000000,1141.9,1151.7,1137,1147.9,234.67148725
1669406400000,1149.4,1157,1147.5,1149.6,224.40706773
1669420800000,1151.7,1176,1149.3,1166.4,365.62863491
1669435200000,1167.2,1176,1165,1171.2,134.87533183
1669449600000,1170.8,1178.2,1167.7,1173.6,355.54146108
1669464000000,1173.3,1181,1158.9,1164.1,376.29258461
1669478400000,1163.9,1167.7,1153.8,1159.7,282.66833258
1669492800000,1161,1165,1150,1157.8,381.00243482
1669507200000,1159,1170.7,1158.4,1169.8,55.72099831
1669521600000,1168.8,1174.1,1168.3,1170.2,97.24435185
1669536000000,1170.2,1173.3,1161.6,1167.8,293.04430154
1669550400000,1167.7,1172,1161,1169.4,221.37952255
1669564800000,1169.6,1171.6,1164,1166.2,277.09773363
1669579200000,1166.4,1173.3,1147.6,1150.8,722.89080523
1669593600000,1150.5,1155.1,1120,1132.3,376.15051405
1669608000000,1131.9,1137.8,1126.8,1131.7,346.41201935
1669622400000,1131.6,1131.6,1111,1115.7,624.66959932
1669636800000,1115,1132.4,1108.5,1118,734.92673027
1669651200000,1118.2,1139.2,1107.3,1133.6,715.63928937
1669665600000,1132.2,1137.6,1126.8,1129.5,272.18628924
1669680000000,1127.5,1145,1119,1140.1,99.54009805
1669694400000,1140.9,1168,1140.9,1160.5,357.70213596
1669708800000,1160.4,1176,1160.4,1169.8,556.18780966
1669723200000,1171.8,1174.5,1161.1,1165.3,431.02593074
1669737600000,1165.6,1177,1163.7,1176,462.95176586
1669752000000,1176.3,1185.9,1176.1,1176.8,493.36114247
1669766400000,1176.5,1238.9,1174,1220.3,1168.91312765
1669780800000,1219.9,1230.1,1219,1228.6,515.69173427
1669795200000,1229.5,1233,1215.3,1221.2,630.32330472
1669809600000,1221.7,1229,1210.4,1227.8,619.42823605
1669824000000,1229.4,1251,1218.1,1236.3,1167.57668727
1669838400000,1236.3,1256.3,1233,1241.6,707.46128499
1669852800000,1241.1,1242.1,1228.1,1235.1,648.61955974
1669867200000,1233.5,1236.3,1222,1228.4,384.19784577
1669881600000,1229.6,1233,1224,1229.3,296.20485343
1669896000000,1229,1238.1,1203.1,1211.8,927.4596992
1669910400000,1211.9,1216.5,1207,1214.5,400.55070865
1669924800000,1214.3,1219.6,1203.7,1211.3,274.71554801
1669939200000,1212.8,1222.1,1205.9,1208.6,96.73268042
1669953600000,1207,1213.9,1205.3,1213.9,117.5693385
1669968000000,1212.2,1229.6,1211,1223.9,344.9771576
1669982400000,1224.1,1230.3,1213.1,1223.2,574.29443515
1669996800000,1222.2,1224,1212.7,1222.2,303.01711522
1670011200000,1223.7,1230,1221.8,1230,217.1982796
1670025600000,1230,1237.5,1218,1219.4,187.44394553
1670040000000,1220.5,1225.6,1210,1212.9,185.06298465
1670054400000,1211.9,1213.9,1198.9,1205.8,313.62406789
1670068800000,1204.7,1211.2,1203.6,1208.1,146.8193779
1670083200000,1206.8,1208.7,1200.3,1203.4,193.10788356
1670097600000,1203.3,1203.5,1175,1179.1,603.73601405
1670112000000,1179.9,1200,1179.9,1193.6,133.39749973
1670126400000,1197.6,1203.4,1191.7,1195.3,121.15370589
1670140800000,1195.1,1200.2,1188.7,1192.3,334.37404684
1670155200000,1191,1199.5,1187.6,1195.9,213.86836657
1670169600000,1197.2,1216.9,1193.5,1213.3,594.3651676
1670184000000,1213.3,1220,1207.8,1214.3,318.0602975
1670198400000,1214.7,1228.2,1209.7,1219.6,218.42131762
1670212800000,1220.6,1234.1,1218.6,1232.5,496.05446885
1670227200000,1231.9,1238.4,1223.6,1225.3,560.81790838
1670241600000,1225.2,1226,1196.2,1204.1,807.94238031
1670256000000,1204.1,1209.6,1189,1195.6,546.1574698
1670270400000,1195.6,1201.7,1193,1200.7,269.30681796
1670284800000,1200.6,1208,1199.2,1201.3,79.71309855
1670299200000,1201.9,1205.4,1196,1201.2,147.95531445
1670313600000,1202,1204.8,1183.4,1194.7,465.41894022
1670328000000,1195.3,1200.2,1186.8,1194.5,336.32845633
1670342400000,1195,1198,1186.8,1194.7,285.45050707
1670356800000,1194.8,1216.5,1191.4,1213.3,178.89905148
1670371200000,1214.3,1219.4,1203.1,1205.2,85.10347543
1670385600000,1204.7,1208.2,1167.5,1170,436.53540317
1670400000000,1169.8,1176.7,1165.5,1168.7,504.81934097
1670414400000,1168.2,1178.5,1161.6,1174.8,442.09097622
1670428800000,1175.3,1176.6,1168.3,1171.6,249.63359515
1670443200000,1172.7,1175.7,1164.1,1171.6,284.35529702
1670457600000,1170.5,1179.4,1164,1172.7,59.43476725
1670472000000,1173.6,1174.1,1165.4,1171,114.96837189
1670486400000,1171.8,1182.9,1169.3,1180.6,157.73845448
1670500800000,1180.8,1188.6,1174.6,1185.8,334.58255707
1670515200000,1184.8,1222,1183.5,1214.8,875.99591055
1670529600000,1215.2,1217.3,1207.1,1212.1,390.92525887
1670544000000,1212,1216.7,1206.5,1211,181.96849208
1670558400000,1211.6,1214.6,1207,1212.5,275.98676083
1670572800000,1212.5,1222.7,1208.9,1221,385.90767314
1670587200000,1221.3,1226,1200.1,1211.5,814.57470693
1670601600000,1211.5,1211.6,1198,1203.3,213.57226846
1670616000000,1203.2,1204,1193,1198.1,173.59809865
1670630400000,1198.3,1203.5,1196,1199.4,98.80795344
1670644800000,1200.6,1202.6,1198.5,1199.6,58.31783889
1670659200000,1200.3,1204.1,1196.8,1202.3,112.87086969
1670673600000,1203.3,1215,1199.8,1212.6,373.71304024
1670688000000,1213.3,1217.6,1202.3,1207.9,157.10533629
1670702400000,1206.8,1209.4,1197.1,1202.3,194.98682096
1670716800000,1201.8,1208.7,1200.2,1208.6,25.6391179
1670731200000,1208.1,1213.1,1207.5,1212.3,57.94998752
1670745600000,1211,1212.6,1206,1208.3,195.69021744
1670760000000,1208.3,1211.1,1204.2,1209.9,228.54875573
1670774400000,1209.4,1218,1206.1,1208.1,415.09644174
1670788800000,1208.3,1208.8,1193.7,1200.1,457.55228012
1670803200000,1200.1,1200.4,1181.1,1181.7,365.84388176
1670817600000,1182.5,1186.9,1180.2,1184.3,372.55867833
1670832000000,1184.1,1190.2,1179.9,1186.7,251.51398927
1670846400000,1186.8,1187.9,1176.9,1186.7,362.82756892
1670860800000,1186.5,1194.2,1185.6,1191.1,585.15731204
1670875200000,1192.1,1211.8,1189.5,1207.8,521.08612745
1670889600000,1209.7,1211.5,1198.9,1202.1,125.43816432
1670904000000,1203.7,1208.6,1188.5,1200.4,341.22722218
1670918400000,1200.3,1222,1197.9,1220.6,1041.30880774
1670932800000,1220.2,1265.5,1220,1242.4,2682.13901025
1670947200000,1242.4,1246.2,1227.2,1237.8,690.16257346
1670961600000,1237.3,1244.5,1233.5,1242.9,467.82249573
1670976000000,1241,1247,1238.2,1243.6,205.85700472
1670990400000,1243.1,1247.1,1239.5,1244.7,258.11670835
1671004800000,1244.5,1246.7,1236.2,1244.9,305.90567408
1671019200000,1244.7,1262,1243.2,1256.7,952.01092725
1671033600000,1256.4,1265.1,1223.2,1226.5,1789.3550603
1671048000000,1225.1,1233.7,1219.7,1224.6,614.00999711
1671062400000,1224.5,1228.7,1204,1212.9,497.40981642
1671076800000,1211.4,1214.1,1208.8,1210.4,220.45187334
1671091200000,1208.7,1215.9,1207.4,1215.7,309.38601372
1671105600000,1214.6,1215,1182,1192.9,799.53617858
1671120000000,1193.2,1200.4,1189.5,1198.2,704.98837549
1671134400000,1196.8,1198.2,1184,1188.3,534.59367059
1671148800000,1189,1196.7,1187.9,1192.4,113.45361912
1671163200000,1193.8,1202.4,1187.9,1200.7,388.9020417
1671177600000,1201.7,1202.1,1133.2,1141.1,2193.37495723
1671192000000,1140.4,1145.6,1127,1131.8,1483.91560346
1671206400000,1131.5,1135.2,1116,1134.2,1070.20806933
1671220800000,1134.1,1141.5,1091.4,1100.6,1642.63864363
1671235200000,1101.7,1112.1,1097,1109.2,366.47098737
1671249600000,1109.8,1119.1,1107.5,1119,353.42539296
1671264000000,1119,1120.7,1108.2,1114.2,722.52784328
1671278400000,1115.5,1116.7,1108.7,1113.2,682.52488832
1671292800000,1113,1114.1,1106,1111.1,363.12036259
1671307200000,1110.6,1124.3,1109.2,1122,381.04794085
1671321600000,1122,1122.9,1115.2,1119.8,42.25741283
1671336000000,1122.5,1129.8,1117.2,1121.6,121.70269104
1671350400000,1121.8,1123,1106.7,1117.2,620.02665153
1671364800000,1116.5,1117.6,1107,1108.1,247.81407627
1671379200000,1108.6,1123.2,1107.9,1116.3,286.78115541
1671393600000,1117.5,1127,1114.6,1116.9,234.6433747
1671408000000,1116.8,1127,1109,1111.6,139.41624329
1671422400000,1111.4,1115.7,1107.3,1110.5,174.47116606
1671436800000,1109.3,1118.7,1108.2,1113.6,367.89932351
1671451200000,1115,1121.4,1109.6,1114.9,449.49687136
1671465600000,1112.4,1114.2,1096.1,1101.9,904.61630373
1671480000000,1102,1111.2,1083.3,1098.1,639.2319589
1671494400000,1098.5,1125.5,1095.3,1124.2,450.46843171
1671508800000,1123.8,1144.9,1121.3,1138,465.69251294
1671523200000,1138,1145.7,1134.4,1137.7,471.12531827
1671537600000,1138.1,1154.3,1132.1,1144.9,559.13789675
1671552000000,1145.1,1149,1134.4,1145.4,444.41491958
1671566400000,1145.3,1149.3,1139,1144.2,286.96925871
1671580800000,1145.5,1146.4,1134.9,1140.4,62.36714915
1671595200000,1140.2,1142.6,1134.9,1138.5,141.98038266
1671609600000,1138.6,1148.1,1135,1147.7,221.54584294
1671624000000,1147.7,1150.3,1136.5,1145.4,314.43221822
1671638400000,1145.6,1146.1,1135.5,1136.7,213.46062421
1671652800000,1136.7,1144.9,1135.9,1144.6,179.10485328
1671667200000,1144.8,1147,1139.4,1141.2,51.72665636
1671681600000,1140.1,1141.4,1135.1,1141.2,128.69654197
1671696000000,1141.1,1147,1139.1,1146.4,261.97719316
1671710400000,1146.4,1147.2,1117,1119.5,729.64651387
1671724800000,1119.4,1129.7,1117,1128.7,582.00268675
1671739200000,1128.9,1161,1127.5,1148,696.95352978
1671753600000,1148.2,1155.9,1142.7,1152.6,284.99736266
1671768000000,1153.4,1153.4,1147.3,1147.6,181.13764951
1671782400000,1149,1154.5,1143.8,1150.9,309.02110126
1671796800000,1152.3,1156,1142,1147.8,257.64017663
1671811200000,1147.9,1148.8,1144.3,1147,406.37898805
1671825600000,1146.9,1149.9,1144.2,1146.7,549.04852576
1671840000000,1146.7,1148.4,1142.8,1145.5,63.55003397
1671854400000,1147,1148.3,1142,1148.3,115.28802316
1671868800000,1147.3,1148.3,1143.8,1146.3,297.83103712
1671883200000,1145.7,1147.7,1144.5,1147.6,283.76668606
1671897600000,1147.6,1153.5,1144.6,1149.5,226.03216569
1671912000000,1151.3,1151.3,1144.5,1148.4,98.6575186
1671926400000,1148.4,1150.9,1146.1,1147.9,51.72516652
1671940800000,1149.9,1149.9,1144.2,1147.6,55.24684568
1671955200000,1147.7,1150,1145,1145.5,111.10111697
1671969600000,1146.5,1148,1129.2,1140.6,302.06205017
1671984000000,1139.3,1142.9,1128.1,1139.4,593.14867918
1671998400000,1139.4,1150.8,1133.7,1147.4,183.24536134
1672012800000,1145.3,1151.3,1143.6,1149.9,48.67115997
1672027200000,1151.3,1151.4,1145.4,1147,81.94452088
1672041600000,1148.6,1150,1145,1148.1,170.23326197
1672056000000,1146.7,1148.7,1140.8,1143.4,227.95630177
1672070400000,1142,1146.5,1139.5,1144.7,148.41249948
1672084800000,1145.4,1155.6,1141.7,1153.4,158.9147518
1672099200000,1156,1158.5,1146.5,1149.4,75.01127382
1672113600000,1148,1149.5,1143.4,1146.7,69.24795188
1672128000000,1146.9,1147.7,1140.1,1143.3,295.40260274
1672142400000,1143,1147.7,1135.1,1135.2,297.79760069
1672156800000,1137.1,1138.2,1129,1136.8,292.5066852
1672171200000,1136.8,1140.5,1132.2,1137,324.21380515
1672185600000,1138.8,1140.6,1120,1126.2,212.40757762
1672200000000,1125.2,1127,1117.1,1122.2,457.85678611
1672214400000,1122.2,1126,1120.9,1123.1,262.76168497
1672228800000,1123.2,1133.4,1116.1,1117.7,445.46270127
1672243200000,1119.1,1128.4,1116.7,1121.8,246.08802251
1672257600000,1123.5,1125.4,1113.2,1119.5,206.76462159
1672272000000,1120.1,1124.3,1115,1124.3,60.65581991
1672286400000,1124.9,1125.7,1121.2,1125.1,73.84416199
1672300800000,1125,1130.3,1117.7,1126.6,299.18334065
1672315200000,1125.4,1132,1123.6,1125.8,229.59676101
1672329600000,1124.5,1126.6,1118.4,1122.2,219.180262
1672344000000,1122.3,1129.5,1116.7,1124.7,166.35731725
1672358400000,1124.7,1127.3,1120,1123.8,84.70537683
1672372800000,1123.3,1124,1112.2,1115.7,175.85992338
1672387200000,1115.2,1120.4,1112.2,1113.6,305.06199255
1672401600000,1114.3,1121.8,1108,1120.3,245.61005551
1672416000000,1118.5,1120.4,1113.4,1117,170.5062947
1672430400000,1117.1,1121.9,1115.1,1119.2,180.36591339
1672444800000,1119.2,1120.6,1114.2,1114.2,44.74467827
1672459200000,1115.3,1118.1,1113.3,1118.1,53.91030083
1672473600000,1117,1120,1112.2,1118.6,515.29958053
1672488000000,1117,1128.7,1116,1122.6,399.45535964
1672502400000,1124.1,1124.7,1117.8,1122.7,234.43681462
1672516800000,1123,1123,1112.5,1115.8,90.72743188
1672531200000,1116.3,1116.9,1112.1,1114,73.07412428
1672545600000,1112.2,1115.9,1111.9,1115.9,16.90052145
1672560000000,1115.7,1118.9,1113.9,1117.6,121.26565489
1672574400000,1117,1119.8,1116.5,1116.5,229.7092947
1672588800000,1118.1,1124.2,1116.5,1120.9,185.13665283
1672603200000,1122.4,1124.5,1120.1,1122,199.57298671
1672617600000,1122,1124.1,1116,1122.5,100.63195389
1672632000000,1124.2,1137.5,1120.7,1135.5,216.27696838
1672646400000,1134.8,1143.3,1134.5,1137.3,453.67646354
1672660800000,1137.3,1143.6,1135,1142.7,253.45815618
1672675200000,1143,1143.4,1138.1,1140.6,200.86011336
1672689600000,1141.3,1143,1134.8,1134.8,256.34756044
1672704000000,1136.5,1139.5,1133.4,1137.7,93.4158727
1672718400000,1136.7,1143,1133.7,1142.9,152.22795738
1672732800000,1142.9,1154.8,1142.5,1152.1,508.15469532
1672747200000,1152,1154.1,1140,1148.1,338.25524842
1672761600000,1148.1,1149.7,1141.1,1143.2,377.28709878
1672776000000,1144.8,1151.4,1143.1,1150,204.78539558
1672790400000,1150,1184.9,1147.2,1183.4,271.19365117
1672804800000,1184.6,1185,1177.5,1181,322.9942296
1672819200000,1180,1184,1173.7,1178.4,569.55950601
1672833600000,1180.2,1184.9,1172.6,1184,719.32497266
1672848000000,1183,1196,1179,1181.1,726.82122354
1672862400000,1182.8,1186.4,1175.9,1183.9,325.96598254
1672876800000,1185.9,1186.7,1178.3,1179.6,95.93775273
1672891200000,1181.4,1183.8,1175.1,1180.1,146.62276036
1672905600000,1178.2,1182.9,1171.1,1181.8,424.032336
1672920000000,1183,1188.8,1176,1187.6,540.36427628
1672934400000,1187.6,1191.7,1183.1,1190.9,305.71028639
1672948800000,1190.9,1192.7,1185.4,1189.4,270.63589574
1672963200000,1188.2,1193.1,1184.6,1189.1,96.5761024
1672977600000,1187.4,1189.2,1182.9,1185,140.617962
1672992000000,1186.4,1187.5,1180,1183.6,425.14115107
1673006400000,1183.6,1192.4,1176,1190.5,747.04391473
1673020800000,1190.5,1198.4,1186.1,1194.3,406.53753161
1673035200000,1197,1198,1187.5,1192.7,250.52231378
1673049600000,1192.6,1194,1187.9,1190,62.87121929
1673064000000,1189.8,1190,1184.3,1190,61.15592861
1673078400000,1188.6,1191,1185.1,1186.2,206.24048097
1673092800000,1186.7,1189.3,1184.2,1187.2,181.3709453
1673107200000,1188.8,1190,1184.7,1188.1,143.10267455
1673121600000,1187.6,1189.9,1184.8,1188,139.87326628
1673136000000,1186.3,1188.6,1182,1186.7,58.42021662
1673150400000,1186.9,1188.2,1184.4,1187.6,27.0294659
1673164800000,1186,1189.6,1183.7,1185.8,151.30656772
1673179200000,1185.5,1196.8,1183.2,1195.4,226.29634577
1673193600000,1194.8,1199.4,1184.1,1187.4,204.30834782
1673208000000,1187.4,1212.2,1186.5,1210.2,414.08868845
1673222400000,1210.1,1228.6,1205.5,1226.7,323.90025188
1673236800000,1226.6,1229.6,1221.6,1227.3,287.41282566
1673251200000,1226.3,1243,1220.9,1234.7,533.03546342
1673265600000,1232.5,1247.7,1227.4,1244.3,479.70935803
1673280000000,1242.8,1252.1,1235.9,1235.9,626.03448638
1673294400000,1236,1238.2,1223.8,1230.7,562.77762023
1673308800000,1230.7,1238.3,1229,1232.1,55.41690947
1673323200000,1233.1,1237.9,1231.4,1233.7,166.22454446
1673337600000,1233.3,1243.8,1230.3,1238.5,540.01088384
1673352000000,1239.4,1248,1234.1,1242.3,357.12377918
1673366400000,1242.8,1250,1236.9,1246.6,412.90549809
1673380800000,1248,1253.1,1241.7,1244.2,367.65571892
1673395200000,1244.5,1250,1237.4,1238.5,61.50612642
1673409600000,1240.9,1243,1235,1241.2,212.37082943
1673424000000,1243.2,1245,1238.5,1243.8,333.04952909
1673438400000,1242.1,1243.5,1226,1230.3,381.24254924
1673452800000,1228.7,1250,1227.1,1247.7,596.03794901
1673467200000,1249.9,1293.9,1244.3,1288.9,615.7779378
1673481600000,1288.7,1315,1286,1299.4,415.43276788
1673496000000,1301,1304.7,1293.3,1298,499.02048273
1673510400000,1299.8,1303.6,1294.7,1296.8,875.99326861
1673524800000,1296.8,1301.9,1265,1283.1,1066.89869616
1673539200000,1281.1,1323.8,1278,1314.8,1071.346652
1673553600000,1316,1324.5,1302.3,1305.2,754.08179678
1673568000000,1302.5,1306.3,1291.7,1303.8,129.26397555
1673582400000,1305.5,1305.8,1295.9,1299.3,210.67533406
1673596800000,1297.1,1310,1295.4,1303.4,488.76360434
1673611200000,1303.3,1316.5,1296,1314.7,505.68352633
1673625600000,1314.8,1317,1301.3,1312.9,431.46305892
1673640000000,1313.2,1352.5,1309.1,1339.7,1203.85191628
1673654400000,1340.2,1464,1337,1435.1,1245.01548101
1673668800000,1436,1438.6,1421.9,1432.7,558.7947152
1673683200000,1432.5,1444.8,1379,1411.6,2310.27722823
1673697600000,1413.2,1426,1391.5,1407.4,964.72047574
1673712000000,1408,1417.9,1404.8,1411.2,619.06331529
1673726400000,1409.5,1437.5,1407,1430.8,491.5580782
1673740800000,1428.9,1431.8,1394.9,1406.5,391.10647345
1673755200000,1405.1,1410,1402.1,1408.3,102.5862373
1673769600000,1408.8,1414.3,1398.4,1414.2,317.08741453
1673784000000,1411.6,1436.7,1408.2,1434,526.3508908
1673798400000,1433.8,1442,1414,1426.8,689.4180433
1673812800000,1429.3,1439.9,1423.2,1433.4,396.41922832
1673827200000,1432.8,1457.8,1422.9,1444.1,372.80974541
1673841600000,1446.4,1454.6,1441.8,1446.4,444.80447815
1673856000000,1446.9,1447.4,1405.7,1423.3,923.04282177
1673870400000,1423.3,1435,1406.2,1431.8,710.59436737
1673884800000,1430.3,1480,1427.4,1471,944.04679233
1673899200000,1469.3,1476.5,1452.1,1456.2,622.57403721
1673913600000,1455.9,1460.7,1425.8,1444.2,225.25790093
1673928000000,1443.7,1454.1,1440.1,1445.1,258.03634015
1673942400000,1444.9,1452.7,1441.3,1447.5,526.94484785
1673956800000,1449.3,1479.7,1442.7,1453.6,1214.81198684
1673971200000,1454.3,1481.2,1449.4,1470,693.57147591
1673985600000,1471.3,1475.3,1450.5,1450.5,603.49513388
1674000000000,1450.5,1476.6,1450.5,1469.1,156.41888978
1674014400000,1467.3,1475.1,1457.8,1463.5,222.87749688
1674028800000,1461.1,1463.6,1449.5,1456,483.09966419
1674043200000,1457.3,1478,1409.1,1430.9,1505.33500562
1674057600000,1431.6,1452.4,1386.5,1426.4,2521.54789362
1674072000000,1428.1,1431.4,1395.4,1400.1,624.40314044
1674086400000,1399.4,1414.8,1398.6,1410.1,63.21464958
1674100800000,1410,1418.8,1409.6,1411.3,206.84059032
1674115200000,1412.6,1415,1398.4,1401.8,507.51178677
1674129600000,1401.5,1429.4,1398.1,1421.8,557.16131053
1674144000000,1419.3,1434.9,1406.9,1431.7,473.65468728
1674158400000,1434.3,1442.1,1425,1432.2,391.00033034
1674172800000,1432.2,1440,1425.2,1434.1,105.69471713
1674187200000,1435,1437.1,1422.6,1430.3,187.4687761
1674201600000,1428.3,1435.2,1423.8,1429.3,455.55759791
1674216000000,1430.9,1447.9,1429.1,1444.1,622.12952125
1674230400000,1442.6,1475,1440,1474.9,767.80974186
1674244800000,1475.6,1535,1474.3,1526.5,2087.39332474
1674259200000,1526.8,1541.2,1512.1,1517.1,292.95242125
1674273600000,1516.5,1523.9,1512.7,1519.8,184.85764928
1674288000000,1521.2,1547,1490,1516.6,1239.61146538
1674302400000,1516.9,1536.7,1515.2,1518.3,816.53108069
1674316800000,1518.8,1537,1516.9,1533.1,590.72953298
1674331200000,1533.2,1537.3,1493.1,1498.6,598.35730983
1674345600000,1496.8,1508.4,1482,1494.5,248.8574595
1674360000000,1496.1,1504.8,1493.4,1499.4,156.83623776
1674374400000,1499.2,1505.2,1492.2,1495.4,422.19883927
1674388800000,1497.4,1521.2,1492,1505.6,520.4471462
1674403200000,1506.2,1531.3,1500.3,1506.4,676.94966652
1674417600000,1506.6,1506.7,1478.7,1497.9,758.79977797
1674432000000,1496.9,1508.8,1495.5,1495.5,64.69795437
1674446400000,1497.2,1503.5,1494.6,1495.7,125.37912201
1674460800000,1497.4,1504.9,1494.3,1504.3,267.30552254
1674475200000,1503.9,1515.5,1463.9,1491.8,835.7065694
1674489600000,1493.2,1509.9,1483.2,1492.5,664.0731739
1674504000000,1493.5,1505,1490.1,1497.5,426.34605818
1674518400000,1496.4,1508,1494.6,1507.3,96.58447878
1674532800000,1508,1509.6,1498.1,1501.7,225.98627145
1674547200000,1500.3,1506.7,1486,1494.2,638.00308265
1674561600000,1494.5,1502.4,1478.8,1490,584.09807955
1674576000000,1490.1,1493,1476.7,1489.6,447.34664407
1674590400000,1490.9,1493.2,1411.3,1428.2,1112.76122355
1674604800000,1426.8,1431,1400,1421,272.90666349
1674619200000,1420.1,1430,1418.1,1429.3,401.36002732
1674633600000,1429.5,1430.2,1416.9,1421.3,413.73024179
1674648000000,1422.5,1441.5,1400,1414.9,716.90177824
1674662400000,1417.3,1432.3,1415,1432.3,431.12821562
1674676800000,1432.6,1503,1431.1,1474,1397.24037711
1674691200000,1477.1,1494.1,1473.5,1478.2,152.36422726
1674705600000,1478.8,1486,1465.5,1470.4,299.58156235
1674720000000,1469.8,1477.7,1462.1,1470.2,359.89882701
1674734400000,1470.2,1487,1461.9,1464.8,546.73759936
1674748800000,1464,1477.5,1452.9,1472.1,495.65149291
1674763200000,1473.7,1478.9,1463.2,1468.5,287.82223894
1674777600000,1468.4,1473,1428,1442.2,115.75139863
1674792000000,1438.9,1459.6,1436.9,1457.3,223.06719763
1674806400000,1459.7,1459.7,1444.8,1451.6,235.22206885
1674820800000,1452,1468.8,1441,1453.7,323.52392135
1674835200000,1454,1483.3,1452.2,1481.8,449.84652491
1674849600000,1481.9,1491.5,1460.8,1471.3,490.60912232
1674864000000,1469.3,1479.4,1465.4,1473.3,81.85879695
1674878400000,1473.4,1475.9,1462,1465.7,194.37594484
1674892800000,1466.4,1467.9,1454.5,1459.6,205.8131737
1674907200000,1460.6,1460.9,1441,1452.2,310.78932508
1674921600000,1452.2,1455.5,1446,1451.1,222.07465621
1674936000000,1453.2,1453.2,1436.1,1448.8,214.29786404
1674950400000,1446.8,1490,1443,1467,250.44251375
1674964800000,1468.2,1471.8,1461.9,1466.7,53.42271816
1674979200000,1466.4,1488,1462.6,1481,449.97565774
1674993600000,1481,1495,1473.1,1482.3,581.46180338
1675008000000,1482.4,1525.6,1476.4,1520.2,1032.1572578
1675022400000,1519.9,1522.3,1485,1512.5,956.55065091
1675036800000,1511.5,1514.5,1500,1507.3,135.57762716
1675051200000,1507.8,1509.2,1493.3,1499.2,190.80622029
1675065600000,1498,1498.5,1447,1453,927.01005384
1675080000000,1450,1467.4,1441,1457.6,716.29566321
1675094400000,1457.8,1464,1423,1432.2,639.63231461
1675108800000,1432.7,1446,1419.5,1444.6,513.37147166
1675123200000,1444.9,1451.5,1439.6,1446.7,52.69823083
1675137600000,1447.3,1458,1439.4,1457.4,146.40554142
1675152000000,1458.2,1460,1445,1449.6,210.87323184
1675166400000,1450.7,1469,1448.3,1463.8,448.92097662
1675180800000,1464,1475,1459.9,1471,314.64635949
1675195200000,1470.2,1472.1,1439,1460,399.36609075
1675209600000,1458.8,1464.8,1451.9,1459,68.25541073
1675224000000,1458.9,1459.6,1445,1448.8,160.90978322
1675238400000,1448,1454.4,1440,1451.2,180.55047122
1675252800000,1449.8,1457.6,1441,1441.3,159.63974388
1675267200000,1441.3,1482.1,1428.1,1472,1432.39087923
1675281600000,1474.1,1500,1469.1,1488.8,837.93020651
1675296000000,1490.7,1535.6,1488.1,1515,587.83914301
1675310400000,1515.7,1520,1505.9,1513.6,329.61645104
1675324800000,1513.8,1522.5,1510.1,1519.8,484.65525769
1675339200000,1519.6,1540,1514,1533.6,754.50307586
1675353600000,1533.6,1567.7,1526,1535.8,1199.44165526
1675368000000,1534.9,1545,1490,1508.1,617.2892649
1675382400000,1508.1,1516.4,1497.7,1508.2,210.03768107
1675396800000,1505.4,1512.1,1501,1504,212.96210423
1675411200000,1504,1511.6,1497,1509.2,284.84870552
1675425600000,1509.1,1542.2,1498.2,1533.6,784.28322346
1675440000000,1533.5,1545.6,1526.4,1528.3,363.76017593
1675454400000,1528,1546.4,1518.7,1538.8,376.87607072
1675468800000,1540.4,1543.3,1529.9,1530.6,135.55265187
1675483200000,1530,1538.2,1524.1,1536.6,101.75204082
1675497600000,1536.5,1540.7,1530.6,1539.6,182.41522047
1675512000000,1538.1,1568,1537.3,1556,690.21474168
1675526400000,1555.5,1560.2,1547.9,1553.6,288.80791489
1675540800000,1553.3,1562,1538.2,1544.9,328.85821533
1675555200000,1545.2,1548.4,1535.1,1538.6,105.12473822
1675569600000,1537,1547.9,1537,1545.6,72.66486096
1675584000000,1547.3,1551.2,1540,1540.4,192.70733442
1675598400000,1540.4,1543.4,1516.3,1523.5,571.03450779
1675612800000,1524.7,1526.7,1496,1503.3,1017.44762838
1675627200000,1501.5,1520.8,1495,1510.8,602.50601909
1675641600000,1510.8,1524.4,1501,1508.5,57.40526642
1675656000000,1508.4,1519.2,1491.4,1517.7,292.78589051
1675670400000,1519.1,1521.4,1506.4,1517.4,205.70905343
1675684800000,1517.9,1537.1,1508.5,1532.9,330.0569306
1675699200000,1534.7,1543.2,1527.9,1537.1,403.35614115
1675713600000,1535.7,1536.6,1499,1504.1,391.09781647
1675728000000,1504.5,1523,1502.7,1519.2,152.10038727
1675742400000,1519.3,1525.2,1518.1,1521.2,130.03384019
1675756800000,1520.1,1536.6,1518.8,1530.8,294.23054492
1675771200000,1530.9,1535.5,1522.8,1525,218.34954865
1675785600000,1523.3,1557.6,1518,1542.2,713.09678998
1675800000000,1545,1561.9,1539.5,1555.7,554.90410358
1675814400000,1556.6,1578.7,1552.3,1564.3,282.28932979
1675828800000,1564.2,1567.3,1554.6,1558.3,135.85929653
1675843200000,1560,1560.7,1550.4,1558,287.21847586
1675857600000,1558.2,1565.2,1538.1,1539.8,448.73443868
1675872000000,1539.1,1546.9,1521,1536.8,911.01418665
1675886400000,1536.1,1545.9,1527.4,1537.9,254.47642639
1675900800000,1540.5,1544.7,1502.3,1508.4,338.41975873
1675915200000,1508.5,1524.9,1502,1519.6,440.66212619
1675929600000,1520.3,1522.8,1512.8,1515.9,276.24081637
1675944000000,1515.9,1528,1510.5,1516,204.34628643
1675958400000,1514.7,1519.2,1451.8,1472.8,1110.90553655
1675972800000,1471.3,1475.1,1423,1440.2,1216.05267778
1675987200000,1437.9,1449.7,1435.8,1442.2,118.23804924
1676001600000,1438.2,1446.7,1428,1445.8,294.9556328
1676016000000,1445.8,1449.1,1433.9,1435.5,294.71285003
1676030400000,1437,1447.6,1410.4,1427,428.48056682
1676044800000,1426.6,1442.5,1420.1,1439,382.15306341
1676059200000,1437.8,1439.6,1403,1418.4,399.67341683
1676073600000,1417.8,1426.2,1412.5,1425.1,50.26700054
1676088000000,1424.5,1427.3,1420,1425.9,81.13851673
1676102400000,1426.2,1430.6,1419.7,1425.4,257.70272743
1676116800000,1425.4,1431.3,1420.6,1428.1,205.53396644
1676131200000,1428.1,1428.1,1413,1424.1,185.59574213
1676145600000,1424.8,1447.1,1421,1443.1,234.00995829
1676160000000,1443.2,1443.4,1434.9,1435.2,31.79213719
1676174400000,1435.4,1439,1432.9,1435.7,48.79444777
1676188800000,1435.9,1443.9,1434.6,1439.8,195.71047552
1676203200000,1439.1,1445,1427.9,1442,185.7163686
1676217600000,1440.3,1452.1,1439.3,1443.1,287.81538116
1676232000000,1444.8,1446.7,1401.1,1419.4,426.77555785
1676246400000,1417.9,1429.3,1406,1423.6,67.52378303
1676260800000,1423.1,1429,1421,1425.5,134.7050605
1676275200000,1425.5,1426.2,1380,1393.4,758.83955863
1676289600000,1393.4,1397.5,1376.5,1378.5,422.2798237
1676304000000,1378.1,1393.1,1364.9,1391.9,548.47558353
1676318400000,1392.7,1408.2,1381.7,1404.7,228.65448233
1676332800000,1404.6,1405.7,1394.1,1396.5,103.10060369
1676347200000,1397.9,1405.5,1395.8,1403.2,133.23258889
1676361600000,1405,1411.2,1393.7,1401.1,225.57897464
1676376000000,1402.8,1457.9,1390,1442.3,1348.21150024
1676390400000,1442.9,1456.9,1431.7,1453.4,432.01823224
1676404800000,1452.3,1456.2,1442.5,1449.7,277.01850279
1676419200000,1448.2,1451.1,1438.7,1443.9,48.86486147
1676433600000,1443.6,1449.7,1441.1,1444.6,152.46985382
1676448000000,1443.8,1473.4,1440.3,1465.8,476.3162049
1676462400000,1467,1486,1466.9,1479.4,870.31496754
1676476800000,1477.5,1522.9,1473.6,1520.9,867.20978089
1676491200000,1522.1,1566.5,1518.2,1566.1,2586.9620115
1676505600000,1564.1,1597.4,1561.5,1576.6,726.2733952
1676520000000,1577.5,1583.6,1561.4,1570.1,690.44419087
1676534400000,1567.8,1580,1564.4,1569.9,550.89028578
1676548800000,1570,1618,1560.2,1613.7,1003.92932047
1676563200000,1615.2,1633.3,1579.7,1599.2,1174.49803896
1676577600000,1601.1,1601.2,1530.2,1536,1233.8645172
1676592000000,1535.5,1565.7,1530,1561.6,182.01196785
1676606400000,1561.6,1565.1,1552.7,1552.7,321.52717305
1676620800000,1554.3,1571.6,1547.9,1567.9,345.41797117
1676635200000,1567.9,1581.8,1550,1570.8,462.89386064
1676649600000,1571.1,1598.7,1559,1595.9,434.94809059
1676664000000,1595.7,1609.3,1560.5,1583.8,862.64542871
1676678400000,1583.7,1592.9,1581.1,1589.9,118.32201231
1676692800000,1590,1592.5,1576.8,1581,85.13649837
1676707200000,1579.2,1585.6,1575.2,1580.4,224.25444263
1676721600000,1580.2,1588.9,1576.4,1586.2,220.02892777
1676736000000,1583.7,1599.8,1573.6,1579.1,199.24555492
1676750400000,1579.1,1582.9,1570.4,1580.6,181.40063346
1676764800000,1580.1,1588.8,1578.6,1582.3,30.46786421
1676779200000,1585.2,1595,1581,1582.6,59.15160092
1676793600000,1583.5,1590.1,1580.4,1585.7,184.79199214
1676808000000,1585.7,1609.8,1583.6,1598.8,427.35136915
1676822400000,1600,1611.7,1567.7,1576.2,715.53955108
1676836800000,1573.9,1580.9,1558.9,1574.1,365.91772173
1676851200000,1570.3,1578.2,1547.8,1575.1,256.11069714
1676865600000,1577.1,1587,1574.7,1585.3,153.05887478
1676880000000,1584,1607.3,1577.6,1601.7,650.81337332
1676894400000,1603,1605.9,1588.7,1597.2,351.15865965
1676908800000,1597.5,1599,1575,1598.6,347.86425367
1676923200000,1599,1600,1581.5,1594.3,240.12291017
1676937600000,1592.4,1606.6,1589.8,1595.7,124.97304947
1676952000000,1594.4,1600.2,1587.4,1597.3,131.25128959
1676966400000,1595.1,1603.9,1564.2,1566.6,755.59918223
1676980800000,1565.4,1579.9,1556.5,1564.3,345.77616993
1676995200000,1565.7,1583,1553.1,1570.3,345.66780946
1677009600000,1571.1,1572.7,1540,1559.1,522.71179852
1677024000000,1559.6,1564.6,1522.3,1548.3,229.85536131
1677038400000,1548.9,1549,1530.3,1543.4,274.77111997
1677052800000,1543.1,1548.5,1526,1548.5,337.57624006
1677067200000,1548.3,1552.5,1510,1520.4,491.26499993
1677081600000,1519.4,1534.5,1504,1526.5,518.72814818
1677096000000,1526.3,1551,1518.9,1550,302.02926201
1677110400000,1550.6,1579,1542.9,1569.5,208.42451467
1677124800000,1572.2,1574.2,1560.8,1569.7,253.41137739
1677139200000,1569.9,1576.7,1538.4,1545.6,524.63231215
1677153600000,1543.8,1573.7,1535.9,1563.8,517.98653678
1677168000000,1562.9,1570,1546.7,1561.2,304.71428443
1677182400000,1559.6,1565.3,1546.3,1559,159.03074153
1677196800000,1557.4,1568.1,1553.3,1556.2,57.08225617
1677211200000,1558.1,1565,1548.4,1561.6,82.12940318
1677225600000,1561.3,1566.2,1552.3,1558.4,172.17788912
1677240000000,1558.5,1566.3,1518.3,1522.2,565.61548082
1677254400000,1520,1528.5,1499.2,1526.6,902.40837746
1677268800000,1528.2,1539.3,1512,1524.8,239.35389868
1677283200000,1526,1527,1513.3,1517,60.47347822
1677297600000,1516.4,1522.2,1512.7,1522.2,68.77880723
1677312000000,1522.1,1526.5,1514.6,1519.5,168.30601495
1677326400000,1519.6,1521.8,1512.3,1516.8,140.1478508
1677340800000,1517.1,1520.6,1495.9,1504.1,305.0299573
1677355200000,1506.2,1517.9,1481.2,1516.8,317.38366858
1677369600000,1516.5,1524.5,1510.7,1524.5,103.04198088
1677384000000,1522.8,1523.8,1516.7,1520.5,35.03076637
1677398400000,1521,1528.6,1518.2,1522.8,134.33989773
1677412800000,1524.8,1532.4,1515.7,1526.3,178.92117198
1677427200000,1526.9,1552,1517.9,1550.9,379.35591562
1677441600000,1550,1564.5,1537.7,1554.5,441.60331494
1677456000000,1554.4,1562,1546.8,1556.2,51.92080174
1677470400000,1554.9,1555,1549,1550,112.78929806
1677484800000,1550,1556.4,1545.3,1554.8,313.52873765
1677499200000,1555.6,1574.5,1542.7,1551.7,489.14377408
1677513600000,1551.9,1553.2,1524.7,1529.7,475.31613829
1677528000000,1529.1,1543.7,1519,1539.8,237.13514344
1677542400000,1540.7,1542.9,1534.6,1542.6,34.23417921
1677556800000,1541.3,1542.1,1528.8,1528.8,70.8963976
1677571200000,1527.7,1537.6,1523.6,1537.3,184.70779617
1677585600000,1537.3,1549.9,1534.4,1548.9,256.86219619
1677600000000,1547.4,1553.4,1532.9,1539.5,249.5884972
1677614400000,1537,1543,1512,1518.3,286.01648098
1677628800000,1517.6,1546.8,1511,1546.8,42.02560918
1677643200000,1543.8,1567.1,1543.5,1551.4,419.45809829
1677657600000,1550,1565,1548.6,1552.2,381.34182274
1677672000000,1550.7,1562.9,1543,1551.3,224.69709604
1677686400000,1551,1555,1532,1534.5,255.99001737
1677700800000,1532.7,1561,1532.2,1560.9,186.79342548
1677715200000,1559.8,1570,1543.7,1547.5,139.59338034
1677729600000,1546.3,1550.7,1541,1545.9,77.5550622
1677744000000,1544.4,1549.7,1541,1546.3,160.19040029
1677758400000,1548.1,1548.4,1527.9,1535.7,311.32438032
1677772800000,1535,1559,1530.1,1557,304.22275104
1677787200000,1554.4,1563,1547,1551.6,169.44101663
1677801600000,1553,1554.3,1459,1477.3,671.5011648
1677816000000,1473.6,1487.9,1473,1479.8,648.99709079
1677830400000,1479.4,1483.4,1473.9,1475.8,557.29800908
1677844800000,1475.8,1489.6,1470,1478.5,304.95641858
1677859200000,1478.1,1484,1462.4,1473.1,246.32022344
1677873600000,1473.4,1477.5,1456,1476.6,198.51020456
1677888000000,1477.3,1482.7,1475,1478.4,35.38688068
1677902400000,1478.3,1480,1473,1475.9,78.11385647
1677916800000,1475.9,1478.8,1473.6,1477.5,190.58396207
1677931200000,1476.9,1479.6,1468.2,1468.2,108.916956
1677945600000,1469.6,1473.2,1464,1468.2,156.977406
1677960000000,1468.2,1474.8,1456.6,1474.2,294.67203147
1677974400000,1472.2,1493.1,1461.9,1474.5,133.11380128
1677988800000,1475,1479,1474.4,1475.2,29.76847525
1678003200000,1477.3,1480.3,1471.5,1476.3,114.715365
1678017600000,1476.6,1481,1474.2,1477.7,115.42045412
1678032000000,1477.4,1479.4,1470.6,1474.3,158.14696039
1678046400000,1473.3,1485,1465.2,1473.5,152.88767033
1678060800000,1473.5,1478,1462.9,1467.1,30.22299088
1678075200000,1467.5,1470,1461,1464.9,65.09654332
1678089600000,1465.7,1475.9,1461.3,1469.5,202.69559337
1678104000000,1469.8,1481.7,1467.5,1479.4,279.47642027
1678118400000,1479.3,1481.3,1465,1466.7,168.23228199
1678132800000,1467.4,1471.2,1461.1,1465.7,119.14314439
1678147200000,1466.3,1480,1461.8,1474.4,143.45359877
1678161600000,1474,1475.8,1469.4,1469.4,98.19054598
1678176000000,1469.6,1473.1,1465.3,1466.9,142.77042829
1678190400000,1465.6,1480.4,1450,1473.4,343.26887247
1678204800000,1474.6,1480,1464.3,1470.4,169.0350169
1678219200000,1470.7,1481.8,1460.8,1480.6,169.5532138
1678233600000,1479.2,1487,1477.2,1482.1,37.76345162
1678248000000,1483.1,1484.3,1468.5,1471,88.68849493
1678262400000,1470.4,1480,1467.8,1477.6,154.51520297
1678276800000,1477.6,1482.8,1463.2,1479.2,248.33241357
1678291200000,1476.6,1482.8,1468,1470.6,135.5024953
1678305600000,1470.6,1479.8,1450,1451.3,282.02720415
1678320000000,1453.3,1464.7,1451,1461.3,70.52069126
1678334400000,1460.1,1460.2,1453.2,1454.9,264.34460313
1678348800000,1455.1,1457.4,1444,1451.8,211.25079718
1678363200000,1451.8,1461.3,1445.4,1448.7,223.4104803
1678377600000,1449.3,1453.8,1401.9,1407.3,837.87642632
1678392000000,1407.7,1409.2,1332.2,1360.6,1519.50620611
1678406400000,1358,1359.2,1331.7,1346.5,459.35691353
1678420800000,1347.5,1347.6,1314.7,1333.8,622.40793066
1678435200000,1333.3,1335,1295,1308.1,924.07287978
1678449600000,1308.1,1350.3,1298.9,1327.9,804.94864625
1678464000000,1328.1,1350.8,1315.1,1338.5,444.90026432
1678478400000,1339.2,1350.5,1323.2,1343.2,388.59519875
1678492800000,1344.2,1398.6,1340.3,1380.9,542.91056258
1678507200000,1381.7,1383.7,1336.8,1336.8,398.10016636
1678521600000,1340.2,1380.3,1329.5,1349.6,411.00062413
1678536000000,1348.7,1385,1342.9,1344,662.70393039
1678550400000,1343.8,1483.6,1339.8,1364.4,3564.79823077
1678564800000,1365.3,1387,1363.9,1382.6,911.29992563
1678579200000,1383.1,1384.3,1367.3,1378.9,121.42983882
1678593600000,1377.7,1386.8,1369.4,1374.9,115.38310174
1678608000000,1374,1380,1372,1375.9,329.42521693
1678622400000,1376.8,1379.3,1362.5,1374.1,256.42233565
1678636800000,1373.5,1461.4,1373.5,1425.9,1656.84820752
1678651200000,1427.1,1496.2,1426.3,1483.2,1268.54901048
1678665600000,1485.5,1519.2,1478.2,1487.6,1086.5340527
1678680000000,1487.1,1504.9,1485.6,1495.3,853.73572162
1678694400000,1495.2,1496.4,1457.6,1472.9,1422.17674583
1678708800000,1476.3,1570,1462.7,1550.7,2181.64430706
1678723200000,1554.4,1565,1530,1553.9,1677.85476688
1678737600000,1556,1560.8,1539.5,1550.6,924.00702194
1678752000000,1549.6,1561,1521.5,1559.9,585.36755807
1678766400000,1559.9,1570,1540,1546.4,424.81522319
1678780800000,1545.7,1574.6,1535.4,1570.1,682.82786555
1678795200000,1570.6,1655,1561,1650.3,3398.29553476
1678809600000,1650.3,1654.6,1564.3,1600.3,2039.16529324
1678824000000,1598.4,1607,1546.7,1582.2,1080.36717699
1678838400000,1581.8,1594.4,1562.7,1580.7,338.16919108
1678852800000,1582.1,1589.8,1576.5,1588.3,232.53948672
1678867200000,1588.1,1590.9,1558.2,1587.4,999.52939836
1678881600000,1585.8,1606.8,1548,1551.9,1504.19756029
1678896000000,1550.8,1566.3,1526.9,1554.5,955.64657472
1678910400000,1560,1578.8,1549.3,1561.5,328.3494019
1678924800000,1564.2,1570.6,1544.5,1552.1,74.71301291
1678939200000,1551.5,1567.4,1546.3,1560.1,146.5816334
1678953600000,1561.8,1575,1548.4,1567.5,452.10151933
1678968000000,1569,1574.2,1549.6,1570.1,393.48283033
1678982400000,1570,1595,1560,1587.1,332.79449939
1678996800000,1587.4,1587.4,1558,1577.9,541.23777373
1679011200000,1577.1,1621.2,1568.8,1607.7,312.81952048
1679025600000,1606.2,1627.3,1595.3,1614.1,598.19692157
1679040000000,1613.7,1661.8,1607,1659.3,1231.19576999
1679054400000,1659.8,1660.7,1602.3,1613.2,1032.28848764
1679068800000,1615.3,1635.8,1605.2,1635.1,573.0493319
1679083200000,1635.8,1685.1,1627.3,1678.3,1584.49477194
1679097600000,1676.2,1715,1656.8,1699.3,905.11102485
1679112000000,1700.3,1708.5,1690.5,1701.1,494.30721221
1679126400000,1703.7,1706.2,1681.3,1699.1,691.27574847
1679140800000,1699.3,1720.7,1662.4,1675.4,858.85890477
1679155200000,1674,1688.3,1638.9,1679.3,805.05463682
1679169600000,1681.6,1690,1641.4,1648,474.06348021
1679184000000,1646.8,1675.1,1646.8,1673.3,161.56093722
1679198400000,1674.6,1674.8,1649.6,1662.8,403.2430244
1679212800000,1664.5,1676.8,1656.3,1674,644.01677332
1679227200000,1675.9,1705,1664.5,1688,744.79801357
1679241600000,1682.9,1725,1681.4,1710.8,1371.78132595
1679256000000,1710.4,1717.3,1667,1670.3,809.74028136
1679270400000,1672.5,1675.3,1638.9,1646,283.75056876
1679284800000,1643.1,1688.3,1633.5,1687,526.53560482
1679299200000,1687.9,1695.6,1658.7,1667.9,714.48766287
1679313600000,1668,1671.6,1640.4,1650.5,553.98003739
1679328000000,1650.3,1653.7,1629,1640.1,838.16209536
1679342400000,1639.8,1648,1612,1623.7,396.8792702
1679356800000,1621.6,1644.4,1617.3,1633,136.70361775
1679371200000,1635.3,1642.3,1610,1618.1,321.86440982
1679385600000,1617.9,1650.2,1611.7,1639,375.79510187
1679400000000,1639.2,1705,1634.8,1685,1073.52935735
1679414400000,1685.2,1699,1654.1,1666.9,652.11159709
1679428800000,1669,1680.2,1656.9,1679,288.85088869
1679443200000,1675.1,1682.6,1655.5,1674.8,83.46592304
1679457600000,1674.8,1682.1,1664.8,1669.1,146.79914729
1679472000000,1669.6,1669.6,1654.3,1656.8,374.08283423
1679486400000,1658.6,1689.9,1655.3,1677,567.67731534
1679500800000,1676.7,1679.3,1578.9,1581.7,2497.95448127
1679515200000,1585,1609.1,1579.9,1599.6,968.75533334
1679529600000,1599.6,1611.1,1594.1,1597.7,146.23779725
1679544000000,1599.5,1613.1,1593,1612.2,203.56762039
1679558400000,1612.9,1621.2,1610,1618.2,368.33231164
1679572800000,1618.3,1705,1605.1,1689.7,1539.43163494
1679587200000,1688.9,1693.4,1655,1683.1,1245.22611186
1679601600000,1683.2,1683.7,1667.6,1677.8,322.19180946
1679616000000,1676.2,1681.7,1670,1676.9,55.33216516
1679630400000,1676.6,1679.9,1665.4,1677.4,113.71595263
1679644800000,1677.4,1680.6,1610,1633.1,576.84582046
1679659200000,1632.2,1662.5,1627.7,1642.1,862.36425612
1679673600000,1645.1,1646,1607.2,1640.2,615.05024463
1679688000000,1642.1,1642.8,1609.7,1630.1,386.72448781
1679702400000,1630,1640,1627.7,1636,100.66756325
1679716800000,1632.9,1637.4,1622.1,1628.2,92.58603383
1679731200000,1629,1631.2,1618.6,1626.9,299.56925676
1679745600000,1624.7,1640.6,1620.1,1632.3,364.97301621
1679760000000,1634,1635.8,1600,1600.7,394.59848396
1679774400000,1600,1623.8,1597.1,1621.4,280.79746385
1679788800000,1621.6,1634.8,1620.3,1629.6,35.79271644
1679803200000,1628.1,1634.4,1625.3,1630.1,74.51653567
1679817600000,1630.1,1661.7,1628.1,1655.1,503.4306768
1679832000000,1657.3,1672,1632,1640.7,526.3229407
1679846400000,1640,1649,1633.2,1641.9,129.88495014
1679860800000,1643.1,1655.4,1632,1648,126.12236161
1679875200000,1646.6,1655,1637,1640.8,24.45667689
1679889600000,1639.9,1643.5,1623.6,1630.8,170.20085106
1679904000000,1630.2,1644.4,1626.7,1639.6,169.91862675
1679918400000,1641.3,1643.3,1567.7,1589.1,1110.997544
1679932800000,1589.3,1607.8,1576.9,1579.4,656.39991418
1679947200000,1579.8,1592.2,1573,1586.7,233.83046939
1679961600000,1589.3,1597,1574,1585,90.39477409
1679976000000,1583,1605.1,1582.9,1592.8,235.37916419
1679990400000,1593.9,1617.7,1580.8,1613.9,303.81754619
1680004800000,1612.4,1617,1595.7,1607.7,309.16522899
1680019200000,1607,1652.6,1594.7,1645.4,632.81153601
1680033600000,1646,1649,1625.3,1634.5,290.45405687
1680048000000,1635,1649,1634.2,1639.8,122.96800852
1680062400000,1640.4,1676.5,1640,1664,635.7047638
1680076800000,1664.1,1683.7,1659,1666.9,769.60264822
1680091200000,1667.2,1673,1653,1668.1,420.01284681
1680105600000,1668.1,1670.3,1652.5,1666.6,398.4042247
1680120000000,1668.9,1669.1,1642.6,1651.5,342.51110127
1680134400000,1653.1,1685.4,1633.1,1652.1,380.0487666
1680148800000,1650.3,1672.4,1648.8,1666,225.77033835
1680163200000,1665.9,1666.1,1650,1659.1,366.83096133
1680177600000,1660.7,1660.7,1639,1641.6,264.62871922
1680192000000,1641.3,1643.1,1620.1,1633.2,487.89109448
1680206400000,1636.4,1651.4,1632,1646,173.61334762
1680220800000,1645.7,1664.9,1641.6,1655,108.6763299
1680235200000,1652.1,1657.8,1635.7,1650,175.02441111
1680249600000,1648.7,1654.9,1642.3,1651,187.96930642
1680264000000,1649.2,1696.9,1647.6,1684.3,986.86716097
1680278400000,1682.6,1689.5,1676.2,1686,366.23033116
1680292800000,1686.9,1687.8,1674.4,1681.2,199.14079947
1680307200000,1681.3,1697.4,1677.4,1684,21.70443999
1680321600000,1682.2,1687.1,1673.8,1683.9,181.45770771
1680336000000,1683.7,1687.9,1680.5,1685,139.27940388
1680350400000,1685,1686.3,1672.9,1679.2,231.27328578
1680364800000,1680,1683,1667.9,1673.8,126.56588028
1680379200000,1674.4,1685.5,1673.4,1679.2,149.58087217
1680393600000,1679.5,1683.1,1671,1675.2,39.14282623
1680408000000,1677.5,1686.6,1672.7,1681.2,293.41401194
1680422400000,1681.3,1683.9,1675.7,1678.3,127.63022587
1680436800000,1677,1679,1651.8,1659.6,497.10845794
1680451200000,1658,1666.8,1641.1,1646.5,357.95589715
1680465600000,1645.1,1663.2,1643.1,1662.1,172.24087614
1680480000000,1661.2,1662.6,1635,1648.9,92.28513985
1680494400000,1648.7,1659.1,1642.8,1656.5,125.27697648
1680508800000,1657.9,1677.7,1656.7,1665,324.40527389
1680523200000,1662.7,1674.9,1645,1651.8,413.97452068
1680537600000,1651.8,1687.5,1647.1,1669.5,512.04129606
1680552000000,1668.1,1670.1,1625.8,1659.7,663.15745801
1680566400000,1660.1,1667.4,1652.5,1663.2,83.350956
1680580800000,1662.3,1673.2,1655.4,1659.5,141.65183639
1680595200000,1660.7,1715,1658.4,1709.4,1328.82851936
1680609600000,1709.4,1734.1,1689.6,1702,1261.32909763
1680624000000,1702.5,1712.4,1696.6,1704.8,319.75397537
1680638400000,1706.2,1720.5,1699,1710,230.34752091
1680652800000,1706.8,1754,1702.5,1745.8,596.69992813
1680667200000,1744,1750.8,1740,1745,500.49919347
1680681600000,1744,1754.8,1740,1748.3,502.04315928
1680696000000,1748.5,1766.4,1724.6,1738.5,918.01079772
1680710400000,1736.8,1759.9,1730.5,1751.9,456.24143685
1680724800000,1752.6,1757.7,1746,1751.8,197.33662766
1680739200000,1750.4,1751.4,1735,1745.4,47.99296496
1680753600000,1743.3,1744.4,1719,1721.6,200.41857466
1680768000000,1723.8,1730.3,1701.3,1712.6,518.69359838
1680782400000,1713.3,1722,1705.9,1718.8,407.6452191
1680796800000,1718.6,1724.6,1708.3,1714.2,224.45614075
1680811200000,1715.6,1723.3,1706.8,1716.2,144.66114574
1680825600000,1715.6,1726.6,1713.3,1721.8,31.9761526
1680840000000,1720.5,1724,1690.6,1696.9,225.31055748
1680854400000,1697.5,1706.3,1692.4,1696.8,249.84014287
1680868800000,1696.9,1710,1693,1705.9,275.99064602
1680883200000,1705.8,1708.9,1700,1703.1,108.92119368
1680897600000,1704.2,1719.1,1700.2,1710.3,121.31232261
1680912000000,1710,1717,1701.4,1716.4,17.27180384
1680926400000,1715.7,1726.4,1711,1718.8,157.77839338
1680940800000,1718.6,1722.6,1713,1716.2,346.01015653
1680955200000,1714.4,1719.5,1711.5,1715.1,102.78803167
1680969600000,1713.5,1717.3,1696.7,1704.4,156.72576765
1680984000000,1704.4,1707.8,1700,1700,109.95087554
1680998400000,1700,1709.8,1697.9,1701.9,61.61229838
1681012800000,1699.9,1705.9,1680,1688.6,249.2439035
1681027200000,1688.7,1693.5,1682.8,1691.1,226.40496781
1681041600000,1691,1695.5,1680.3,1688.4,165.0558457
1681056000000,1687.9,1714.9,1686.7,1707,260.92341365
1681070400000,1707.6,1720,1702,1703.4,191.89073264
1681084800000,1703.7,1711.1,1696.6,1705.6,54.43760907
1681099200000,1705.2,1713.4,1701.2,1705.2,77.65100356
1681113600000,1706.7,1709.8,1700.6,1706.5,126.50385346
1681128000000,1708.7,1723,1705.2,1718.1,334.79131645
1681142400000,1717.8,1754.5,1712.6,1737.7,801.84742221
1681156800000,1740.4,1763.6,1730.1,1756,382.99983763
1681171200000,1756.1,1777.8,1754.1,1766.5,292.01953136
1681185600000,1766.6,1767,1753,1761.3,390.0872985
1681200000000,1763.4,1764.6,1750.8,1755.4,646.14438676
1681214400000,1756.9,1760,1743,1755.8,336.58600077
1681228800000,1754.5,1757.5,1733.5,1736.9,747.48615013
1681243200000,1734.6,1738.7,1724.9,1732,387.6469765
1681257600000,1731,1739.3,1700,1706.8,327.64084001
1681272000000,1706.6,1719.2,1705,1713.1,419.69996973
1681286400000,1714.3,1716.8,1708,1716.7,335.43663866
1681300800000,1716.4,1759.8,1711,1742.3,1320.75679008
1681315200000,1741.7,1746.5,1723.4,1728.6,658.75233004
1681329600000,1729.6,1755,1728.9,1743.6,353.12571232
1681344000000,1744.6,1747.3,1727.7,1741.7,87.19205254
1681358400000,1740.9,1751,1738,1748,275.30294778
1681372800000,1748.7,1810.6,1743.5,1804.1,2187.21635286
1681387200000,1804.4,1820.3,1801.8,1808.2,962.24797959
1681401600000,1808.4,1830,1804,1822,755.9341817
1681416000000,1822,1828,1812.5,1822.2,334.19329733
1681430400000,1821.9,1924.8,1820.1,1906.5,1877.39091472
1681444800000,1906.5,1921.8,1897.3,1902.9,1265.6699083
1681459200000,1902.9,1918.6,1900,1916.3,869.20569277
1681473600000,1914.9,1922.9,1865.5,1875.9,1401.72239455
1681488000000,1876.2,1905.7,1863.7,1902.3,710.74498889
1681502400000,1902.5,1929,1898.7,1910.4,612.75369907
1681516800000,1909.7,1916.3,1886.4,1901,260.2782623
1681531200000,1900.4,1914.9,1894.1,1909.8,217.15091356
1681545600000,1910.7,1922,1904.9,1911.9,392.5271083
1681560000000,1913.6,1920,1906.4,1910.2,234.39762764
1681574400000,1910.4,1920,1897.1,1910,353.5053232
1681588800000,1913,1914,1895.7,1904,186.85961669
1681603200000,1902.5,1907.9,1889,1898.5,81.21502109
1681617600000,1900.6,1913.8,1899.1,1911.3,130.02155798
1681632000000,1911.4,1912.8,1896.8,1900.3,290.11538848
1681646400000,1900.6,1911,1891.7,1907,298.62898009
1681660800000,1906.9,1945,1901.8,1925,1007.36530178
1681675200000,1925.6,1941.6,1911.3,1931.8,363.55249726
1681689600000,1929.2,1930.9,1895,1912.2,157.62712607
1681704000000,1910.9,1914.5,1901,1901.1,326.41417064
1681718400000,1901.5,1914.1,1885,1893,589.46644742
1681732800000,1893,1905.8,1880.2,1898.9,702.68853427
1681747200000,1898.9,1912.9,1897.6,1901.8,323.90453002
1681761600000,1903.3,1908.1,1894.1,1901.7,219.22614072
1681776000000,1899.2,1908,1881,1901.8,50.75917118
1681790400000,1904.1,1930,1900,1914.9,491.71059626
1681804800000,1916.4,1934.7,1907.5,1931.5,384.75088317
1681819200000,1931,1933.7,1905,1912.9,343.2984468
1681833600000,1913,1917,1888.6,1897.9,571.60145169
1681848000000,1897.6,1919.9,1890.8,1918,336.12763621
1681862400000,1916.6,1917.3,1902.9,1906,28.17735601
1681876800000,1906.6,1909,1884.7,1892.9,301.31357299
1681891200000,1891.7,1892.3,1799,1814,2416.94814013
1681905600000,1815,1831.1,1804,1812.9,784.52092424
1681920000000,1812.2,1819.5,1796,1809.9,445.66805824
1681934400000,1808.8,1814.7,1759.1,1768,683.82316038
1681948800000,1768,1784.8,1759.1,1778.1,228.25511646
1681963200000,1780.4,1792.4,1778.1,1778.1,451.4873767
1681977600000,1779.8,1790.2,1767.3,1770.9,398.47796251
1681992000000,1769.5,1803.1,1767.9,1775.1,552.28724124
1682006400000,1774.2,1782.1,1750,1758.6,927.86151728
1682020800000,1758,1782,1753,1771.9,318.53628999
1682035200000,1771.3,1784.4,1765.1,1775.3,120.71508991
1682049600000,1775.5,1776.9,1737.4,1759.3,589.7232937
1682064000000,1758.5,1762.6,1733.8,1738.5,337.41728643
1682078400000,1737.7,1750.5,1722.1,1733.2,377.2913902
1682092800000,1733.5,1738.2,1675,1677.1,1467.54493969
1682107200000,1675.4,1685.3,1664.4,1682.1,585.76548805
1682121600000,1682.2,1693.7,1680.3,1692.1,140.38172081
1682136000000,1691.1,1698.1,1682.8,1686.2,422.5528166
1682150400000,1686.3,1690.6,1680,1688.1,350.70301529
1682164800000,1688.4,1709,1684.1,1705.3,415.79343826
1682179200000,1703.5,1725.7,1703.2,1724.7,538.21712717
1682193600000,1720.3,1750,1704.4,1714,244.01455852
1682208000000,1712.8,1713.4,1690.1,1697.4,85.54151012
1682222400000,1700.4,1715.4,1697.9,1714.1,147.83410735
1682236800000,1714.1,1748.9,1702.5,1713,233.59408561
1682251200000,1713.8,1719.9,1691.2,1698.8,197.44472321
1682265600000,1696.4,1708.1,1681.1,1686.9,476.72468762
1682280000000,1686.2,1701.6,1676.1,1696.8,188.82255254
1682294400000,1697.6,1720,1687,1701.8,95.98951302
1682308800000,1701.5,1703.2,1668,1678.9,190.09554097
1682323200000,1679.1,1687,1665.5,1686,373.57151245
1682337600000,1687.1,1699.9,1662.1,1663.6,313.7918653
1682352000000,1663.9,1672.8,1639.5,1659.2,576.90829278
1682366400000,1658.5,1669.5,1654.1,1665.3,109.57149686
1682380800000,1665.5,1674,1652.9,1655.2,49.06295406
1682395200000,1655.4,1660.8,1642.2,1645.5,203.04795031
1682409600000,1645.3,1661.1,1637.5,1657.1,288.64127064
1682424000000,1658,1663.6,1642.8,1653.9,240.05208747
1682438400000,1655.1,1684,1651.7,1675.7,365.67224423
1682452800000,1674.5,1712.2,1674.5,1700.7,452.62078484
1682467200000,1698.5,1714,1697.6,1698.4,83.48015516
1682481600000,1698.1,1707.6,1687,1690.5,325.6384892
1682496000000,1690.1,1738.3,1689.3,1732,687.79228819
1682510400000,1732.6,1776.9,1732.6,1769.2,999.40629984
1682524800000,1770,1773.9,1648,1659.1,1293.5141218
1682539200000,1655,1703.6,1620,1690.2,1106.73089306
1682553600000,1689.7,1755,1687.2,1718.8,372.81273407
1682568000000,1718.2,1736.6,1695,1706.6,316.21842338
1682582400000,1707.4,1713.8,1698.5,1705.7,115.44873635
1682596800000,1705.6,1738.9,1689.5,1726,359.23574851
1682611200000,1726.2,1759,1717.9,1743.3,408.89123223
1682625600000,1743.2,1750.1,1720.4,1731.6,216.14348676
1682640000000,1731.7,1736.2,1725.8,1730.5,14.79029053
1682654400000,1730.3,1748.6,1729.7,1744.3,149.98237717
1682668800000,1743,1745.8,1729.1,1735.5,269.93828042
1682683200000,1732.5,1744.5,1701,1709.9,376.16533499
1682697600000,1710.5,1729,1707,1718.9,235.41811075
1682712000000,1719.3,1724.8,1713.2,1716.8,108.6040182
1682726400000,1715.8,1723.2,1711.7,1721.2,21.32275452
1682740800000,1722.7,1729.7,1722,1728.4,117.00577074
1682755200000,1728.3,1729,1717.9,1722,113.85647103
1682769600000,1722.4,1740.6,1721.6,1729.5,174.05557275
1682784000000,1730.9,1732.5,1715,1729.5,138.81521859
1682798400000,1726.8,1731.7,1724.5,1731.7,118.0182813
1682812800000,1732.5,1732.5,1718.9,1722.9,25.05541582
1682827200000,1722.2,1730,1720.7,1727,54.75754671
1682841600000,1726.9,1736.7,1723.2,1724,85.20405649
1682856000000,1725.9,1759.4,1722.4,1740.9,319.38990373
1682870400000,1743.3,1755.4,1720,1728,353.29749542
1682884800000,1728.5,1729.1,1698,1698,268.31328296
1682899200000,1701.9,1714.8,1662.3,1678.5,253.66420663
1682913600000,1677.3,1686.3,1668.1,1682.3,300.45704839
1682928000000,1681.5,1685.7,1672.8,1678.2,208.66297332
1682942400000,1677.8,1682,1665.3,1671.8,253.40845088
1682956800000,1674,1681.4,1650.1,1653.5,449.3664827
1682971200000,1652,1673.2,1646.7,1670.6,316.92397461
1682985600000,1670.3,1675.8,1662,1668,43.92106411
1683000000000,1666.8,1673.3,1661.6,1670.8,152.30008236
1683014400000,1670.8,1677.4,1666.3,1671.6,160.16178392
1683028800000,1672.2,1701.5,1664,1691.2,354.17022415
1683043200000,1689.6,1710,1684.6,1697.8,304.23875764
1683057600000,1700,1706.9,1696.6,1698.7,182.23398716
1683072000000,1698.7,1699.3,1684.1,1689.9,47.24179371
1683086400000,1688.7,1695.8,1684.2,1691,161.38329575
1683100800000,1691.4,1696.5,1683.5,1685,141.55487519
1683115200000,1684.7,1687.5,1669,1677.4,279.16540778
1683129600000,1678.6,1711.6,1675.2,1690.3,452.56159264
1683144000000,1690.8,1730.6,1680.9,1720.7,346.90948619
1683158400000,1720.9,1722.4,1712.1,1717.7,57.97168281
1683172800000,1718.7,1720,1710.9,1717.3,205.18332698
1683187200000,1715.8,1734.2,1715.3,1720,208.6996935
1683201600000,1721.2,1729.5,1701.8,1713.5,261.07704945
1683216000000,1713.5,1716.9,1695.1,1704.4,170.80930407
1683230400000,1704.2,1707.3,1697.7,1703.9,102.75481904
1683244800000,1704.3,1729.8,1702.2,1717.7,63.59279377
1683259200000,1718.4,1727.5,1714.3,1719.3,133.01952034
1683273600000,1719.5,1738.5,1718,1735,237.86490879
1683288000000,1735,1776.3,1720.7,1774.2,1031.65894764
1683302400000,1773.8,1813.8,1773.5,1806.7,1558.71525189
1683316800000,1808.2,1811.9,1801.2,1808.4,506.63185561
1683331200000,1808.6,1830,1782.6,1789.4,308.5623615
1683345600000,1787.8,1791.7,1775.5,1778,211.4081881
1683360000000,1778,1778.6,1747.2,1758.8,368.82576892
1683374400000,1758.1,1758.3,1700,1707.7,745.06177006
1683388800000,1708.2,1734.3,1706.6,1728.5,525.29066062
1683403200000,1728.5,1729.5,1716.1,1724.1,175.02051894
1683417600000,1726.8,1745,1717.4,1722.2,62.98707159
1683432000000,1722.1,1736.3,1719,1734,116.76407593
1683446400000,1734.1,1739.2,1725,1729.9,207.1420463
1683460800000,1728.3,1756,1728.3,1741.5,292.29596914
1683475200000,1744.1,1747.6,1731.7,1741.7,249.4058921
1683489600000,1741.4,1745.7,1700,1700.8,283.37974079
1683504000000,1701.3,1712,1673.2,1692.1,391.18870251
1683518400000,1694.1,1697.3,1670,1681,556.24471957
1683532800000,1677.9,1690.3,1665,1689.2,424.29946176
1683547200000,1688.8,1705.1,1677.5,1693.7,308.10942716
1683561600000,1694.4,1696.1,1650,1663.1,541.34870247
1683576000000,1663.2,1682.6,1662.3,1681.9,275.20225909
1683590400000,1681.7,1689.8,1672.9,1678.9,33.93204781
1683604800000,1678.6,1686.5,1665,1685,172.10588008
1683619200000,1685,1688.2,1670.8,1685,249.1958711
1683633600000,1685.9,1693.2,1675.8,1681.1,166.23633644
1683648000000,1679.5,1697.2,1676.7,1690.7,178.50169758
1683662400000,1691,1697.4,1678.5,1684.6,175.88697697
1683676800000,1684.2,1695,1679.5,1682,16.2124187
1683691200000,1679.7,1685.8,1674.7,1676.4,128.21608178
1683705600000,1677.8,1691.6,1674.9,1690.5,157.36909006
1683720000000,1691.5,1717.3,1686.6,1708.4,595.03186863
1683734400000,1708.9,1716.2,1627.6,1686.6,852.57640294
1683748800000,1685.8,1697.3,1666,1678.2,290.55952708
1683763200000,1678,1678,1662.4,1667.1,32.86043971
1683777600000,1667.5,1681.3,1663.9,1673.1,138.64416016
1683792000000,1672.2,1673,1658.5,1666.9,187.43414932
1683806400000,1666.9,1680.8,1639.4,1658,335.30350888
1683820800000,1656.5,1658.6,1626,1636.3,379.51557641
1683835200000,1636.1,1651,1633.5,1645,150.56636346
1683849600000,1645.6,1649.8,1612,1615.3,112.26581903
1683864000000,1615.1,1621.6,1594,1613.4,501.53000674
1683878400000,1612.4,1625.5,1609.4,1620.8,281.98384829
1683892800000,1620.6,1639,1620,1626.2,189.37218283
1683907200000,1626.9,1652.9,1607.4,1650.3,358.24810369
1683921600000,1652.7,1673.1,1642.3,1665.5,381.24293031
1683936000000,1666.4,1672.6,1659.5,1666.2,54.26212571
1683950400000,1665.4,1666,1655.7,1660.3,127.82134515
1683964800000,1660.4,1670,1658.4,1662.5,137.55127565
1683979200000,1664.7,1669.9,1650.9,1657.4,124.96931563
1683993600000,1657.6,1665.2,1648.4,1655,95.08937855
1684008000000,1654.4,1666,1654.4,1657.1,105.72275311
1684022400000,1656.6,1664.4,1651.2,1664.4,43.89901661
1684036800000,1661,1669.2,1660.8,1665.6,40.22760354
1684051200000,1663.8,1666.5,1660,1662.9,80.41041274
1684065600000,1663.5,1681.9,1657.4,1676.3,164.8473582
1684094400000,1655.2,1662.2,1650.6,1659.9,97.87787324
1684108800000,1659.4,1689.9,1647.3,1681.5,74.08722669
1684123200000,1687,1689.2,1676.6,1681.4,178.35655858
1684137600000,1683.3,1688,1676.5,1677.2,174.09192008
1684152000000,1677.4,1689.2,1670,1682,140.27813645
1684166400000,1682.6,1698.5,1677.4,1680.3,220.23456956
1684180800000,1682.6,1683.7,1669.8,1671,75.49484394
1684195200000,1670.4,1677,1654,1667.3,60.02584526
1684209600000,1667.3,1675.2,1663.4,1675.2,87.30369675
1684224000000,1674.5,1677.5,1663.1,1669.5,139.54438393
1684238400000,1669.6,1678.3,1666.6,1675.9,136.9731099
1684252800000,1674.8,1685,1670.7,1673.1,110.6832019
1684267200000,1672.6,1684.2,1670.1,1679.5,101.43152003
1684281600000,1678.9,1689,1673.6,1677.6,46.91279834
1684296000000,1679.1,1681.5,1663.5,1669.8,86.10564393
1684310400000,1667,1670.1,1650,1654.3,142.6931258
1684324800000,1651.4,1663.4,1649,1658.9,290.86774388
1684339200000,1659.8,1690,1656.5,1686,235.51283566
1684353600000,1687.3,1692.4,1677.4,1680.1,194.21667442
1684368000000,1681.6,1686.2,1676.7,1685.1,25.14469083
1684382400000,1683.5,1691.9,1675.4,1688.7,76.98514961
1684396800000,1689.5,1691.3,1684.7,1688.1,129.67972358
1684411200000,1687.3,1691.1,1675,1678,136.8817173
1684425600000,1675.9,1683.9,1644.8,1666.7,350.47974417
1684440000000,1665.1,1688.8,1665.1,1670.9,122.70712737
1684454400000,1670.1,1674.7,1668.1,1670.8,36.20583811
1684468800000,1671.4,1679.8,1669.9,1674.3,82.58027184
1684483200000,1675.5,1679,1671.2,1673.1,114.87932017
1684497600000,1672.3,1689.9,1665.5,1677.6,271.22107934
1684512000000,1678.8,1685.4,1672.8,1677.6,92.22497911
1684526400000,1677.4,1680.6,1674.4,1677.7,57.07069493
1684540800000,1677.2,1678.8,1671.7,1678.3,13.63818611
1684555200000,1677.3,1678.9,1673.1,1677.2,31.72754584
1684569600000,1677.1,1681.6,1675.7,1677.7,115.59293936
1684584000000,1677.8,1685.5,1677.4,1681.9,87.36051394
1684598400000,1681.8,1692.2,1678.5,1685.9,112.14918283
1684612800000,1686.3,1687,1676.3,1683.3,114.25668675
1684627200000,1684.8,1690.9,1680.9,1683.8,63.46082527
1684641600000,1681.8,1682.5,1677.3,1680.2,40.45045498
1684656000000,1681.3,1681.3,1671.2,1674.8,221.80114963
1684670400000,1674.1,1681.7,1666.4,1672.7,168.20925353
1684684800000,1671.5,1675.8,1667.4,1674.9,103.90925327
1684699200000,1674.2,1676.7,1664.3,1666.9,88.45548339
1684713600000,1668.4,1670.3,1658,1664.1,40.55151095
1684728000000,1664.4,1677.8,1664.2,1675,102.84980322
1684742400000,1676.4,1682.6,1674.9,1677.4,186.91344301
1684756800000,1676.1,1690,1671.8,1680.2,201.7608113
1684771200000,1681.6,1685.8,1676.3,1678.9,100.43142467
1684785600000,1680.8,1687.9,1676.2,1681.9,57.09981354
1684800000000,1680.6,1728.8,1679.3,1724.4,255.24287783
1684814400000,1725.1,1727.7,1710.6,1715.2,272.77071992
1684828800000,1716.9,1724.3,1712.5,1720.5,198.49448918
1684843200000,1721.9,1725.4,1709.4,1722.7,225.25393959
1684857600000,1723.6,1725,1708.3,1719.9,258.52190073
1684872000000,1718.3,1724.8,1714.9,1722.2,122.15503734
1684886400000,1722.3,1722.3,1683.1,1691,98.54537207
1684900800000,1690.3,1696.4,1681.9,1682.1,396.56223257
1684915200000,1682.5,1690.5,1681.1,1685,221.21519332
1684929600000,1683,1686,1650,1667.3,395.59630822
1684944000000,1666,1672.2,1658.5,1667.5,233.50273547
1684958400000,1667.5,1684.9,1667.4,1673,117.73682169
1684972800000,1674.8,1681.1,1645,1660.8,77.68855472
1684987200000,1658.8,1666.9,1653.3,1659.7,178.31591091
1685001600000,1659.7,1669.6,1658.5,1668.5,162.19969651
1685016000000,1669.7,1685,1665.7,1670.9,256.4113584
1685030400000,1671.1,1695,1669.7,1686.8,177.84186466
1685044800000,1688.8,1691.1,1682.9,1683.2,144.43735338
1685059200000,1684.8,1686.2,1675,1682.5,30.51752032
1685073600000,1684.2,1691.9,1678.3,1691.8,81.49375309
1685088000000,1691.9,1694.8,1683.1,1684.7,180.99766496
1685102400000,1685.8,1715,1684.1,1709.3,443.94774234
1685116800000,1709.1,1711.9,1697.9,1709.9,204.02660561
1685131200000,1711,1712,1703.4,1704.9,107.0789156
1685145600000,1704,1710.8,1701.1,1709.2,34.68667091
1685160000000,1710.8,1711.3,1704,1705.8,96.70727523
1685174400000,1706.2,1706.7,1701,1704.9,107.14398153
1685188800000,1703.9,1708.6,1692,1700,74.94259421
1685203200000,1701.3,1706.1,1694.6,1702.1,114.65109966
1685217600000,1702,1708.2,1701.1,1705.7,80.13508364
1685232000000,1705.4,1731.9,1702.1,1724.7,234.18155744
1685246400000,1725.1,1730.8,1718.4,1722,152.78655013
1685260800000,1721.7,1724.8,1716.4,1718.1,141.93740759
1685275200000,1718.6,1719.2,1712,1717.5,113.98542134
1685289600000,1717.7,1730,1713.7,1721.2,250.11895871
1685304000000,1722.8,1785.9,1722.8,1779.3,833.37938047
1685318400000,1779.7,1796.7,1770.9,1773,182.58713807
1685332800000,1775.3,1775.6,1763.4,1770.1,339.70218094
1685347200000,1770.1,1777.2,1766.3,1775.6,289.55991905
1685361600000,1776.6,1778,1759.7,1761.9,206.0292687
1685376000000,1762.1,1769.3,1750,1764.8,353.29769962
1685390400000,1765.7,1774,1760.8,1767.8,146.52177216
1685404800000,1767.7,1781.4,1759.3,1775.4,59.13700091
1685419200000,1774.2,1782.3,1767.5,1776,176.06976811
1685433600000,1777.2,1785.2,1775,1783.4,184.39030327
1685448000000,1784.2,1784.3,1766.4,1771.8,314.26353934
1685462400000,1771.5,1783.6,1765,1776.8,152.29862104
1685476800000,1777.4,1783.1,1768,1772.1,170.42074722
1685491200000,1770.4,1779.6,1762,1773.2,57.48578349
1685505600000,1775,1775.1,1736.8,1751.4,521.34900089
1685520000000,1751.8,1756.4,1744.4,1747.5,160.80950087
1685534400000,1747.8,1752.6,1734,1745.1,577.75518784
1685548800000,1743.7,1754.6,1742.1,1744.4,215.80456591
1685563200000,1743.1,1756.6,1742.3,1752.9,134.97939818
1685577600000,1754.4,1766.9,1726,1737.5,135.60481131
1685592000000,1735.5,1743.1,1732.9,1738.3,214.13692749
1685606400000,1738.4,1744.5,1734.8,1739.4,180.56605391
1685620800000,1739.3,1743.6,1730.7,1734,150.10286153
1685635200000,1733.7,1748.7,1726.5,1738.3,230.53103255
1685649600000,1738.2,1742.5,1724.5,1728.6,133.43647316
1685664000000,1729.7,1746.6,1720,1746.3,36.03882505
1685678400000,1746.2,1762.9,1741.9,1751.2,217.81702083
1685692800000,1752.6,1764.4,1752,1760.9,114.96329028
1685707200000,1761.2,1766.2,1747,1766.2,235.506754
1685721600000,1766.6,1784.5,1762.7,1782.2,229.8934177
1685736000000,1781.4,1784.7,1776.2,1781,177.09735689
1685750400000,1780.9,1782.6,1773.3,1774.4,25.47592616
1685764800000,1773.4,1781.4,1772.7,1778.7,78.55635739
1685779200000,1778.8,1782.6,1775.1,1778.6,118.42896976
1685793600000,1778.6,1782.4,1769.2,1779,142.86042281
1685808000000,1779.2,1779.7,1759.9,1763.5,140.92440884
1685822400000,1761.6,1768.9,1760,1768.5,75.91861993
1685836800000,1766.8,1770.6,1760.1,1768.6,18.09271451
1685851200000,1770.1,1776.9,1766.2,1775.9,55.25968356
1685865600000,1776.5,1783.1,1773,1777.2,144.96408453
1685880000000,1777.6,1786.3,1775.4,1777.4,112.98490494
1685894400000,1775.8,1779.9,1771.1,1779.7,147.64495359
1685908800000,1778.2,1786.3,1765,1768.7,131.99083167
1685923200000,1765.5,1769.2,1745.7,1748.1,109.97346183
1685937600000,1746,1752.8,1743,1752.6,228.75977743
1685952000000,1752.6,1753.7,1742.4,1750,231.56756067
1685966400000,1749.6,1750.6,1700.4,1700.4,317.94327496
1685980800000,1700,1703,1663,1688.8,1303.38582775
1685995200000,1688.5,1698.5,1679,1693.8,285.80164142
1686009600000,1692.5,1694.8,1686,1694.1,51.32458682
1686024000000,1694.7,1699.7,1690.5,1694.7,227.50112346
1686038400000,1694.7,1705.5,1694.4,1699.2,252.58118337
1686052800000,1700.1,1727,1684,1722.3,372.25503088
1686067200000,1724.6,1774.2,1722.9,1768.6,864.68446249
1686081600000,1771.2,1773.1,1753.5,1760.5,403.94178144
1686096000000,1759.9,1770.1,1750.1,1756.9,52.07428111
1686110400000,1754.8,1764.7,1754,1754.9,144.88550888
1686124800000,1754.6,1755.9,1721.2,1745.2,365.49536842
1686139200000,1745.4,1745.6,1714.7,1719.6,263.99087623
1686153600000,1719.7,1731.7,1712.8,1731.1,289.8709337
1686168000000,1731,1731,1703.2,1711.7,231.04665737
1686182400000,1711.7,1718.7,1708.7,1713.8,84.83577568
1686196800000,1714.5,1724,1711.1,1719.9,144.06705741
1686211200000,1719.8,1721.2,1712.4,1716.8,192.87043428
1686225600000,1719.2,1727.5,1711.8,1722.4,170.69596816
1686240000000,1722.7,1722.7,1708.4,1715.5,193.1603001
1686254400000,1714.6,1720.1,1711,1712.8,73.03515708
1686268800000,1713,1715.2,1699.9,1706.8,27.16068416
1686283200000,1706.3,1709.7,1700.1,1704.5,118.26312998
1686297600000,1703.2,1715.9,1702.8,1710.6,171.17041576
1686312000000,1711.4,1723.4,1710.7,1714.1,134.06784616
1686326400000,1711.2,1715.4,1702.4,1702.4,160.12619003
1686340800000,1702,1713.3,1700.9,1712.5,111.76435578
1686355200000,1711.5,1715,1696,1701.1,43.3595918
1686369600000,1700.9,1702.8,1617,1621.3,1323.93507754
1686384000000,1621,1644.5,1605,1643,672.50283659
1686398400000,1643.1,1645,1625.1,1636.9,257.45808044
1686412800000,1636.9,1668.1,1614,1628.7,352.25399462
1686427200000,1629.3,1641.9,1622.4,1636.1,174.62354821
1686441600000,1636,1638.1,1629,1635.4,29.14256463
1686456000000,1635.7,1644.5,1629.6,1640.4,105.00992985
1686470400000,1639.8,1641,1630.8,1637.4,152.97130438
1686484800000,1639,1639.1,1624.8,1624.8,129.51535252
1686499200000,1628,1649,1623.4,1645.7,148.17484442
1686513600000,1644.1,1658.1,1627.6,1632.9,156.41027852
1686528000000,1634.1,1634.5,1606,1616.7,52.68443
1686542400000,1616.8,1629,1612.2,1614.1,163.24418706
1686556800000,1614.6,1632.8,1611.8,1621.6,195.44128494
1686571200000,1622,1623,1608.1,1610.7,289.96620852
1686585600000,1610.8,1623.4,1600.7,1609.1,232.94276757
1686600000000,1608.8,1622.3,1607.1,1617.6,163.32522235
1686614400000,1616.6,1626.2,1605.1,1621.1,51.83537996
1686628800000,1620.4,1622.9,1616.2,1619.3,79.44952545
1686643200000,1618,1628.3,1616.1,1624.7,144.85276368
1686657600000,1624.2,1634.1,1600,1603.1,324.26446815
1686672000000,1603.1,1621.2,1602.4,1611.6,124.09925107
1686686400000,1612.5,1616.2,1606.1,1613.2,83.83686157
1686700800000,1611.6,1618.7,1611.6,1617.8,48.30303668
1686715200000,1618.6,1619.7,1610,1613,99.64822883
1686729600000,1613.1,1620.3,1613,1616.7,144.77208344
1686744000000,1615.6,1617.5,1600,1604.1,182.29024887
1686758400000,1603.7,1612,1594,1597.2,294.69289684
1686772800000,1596.2,1597,1510,1525.4,1192.85584716
1686787200000,1524.5,1532.1,1523,1529.2,54.95829382
1686801600000,1530.2,1530.9,1510,1510.2,333.45289011
1686816000000,1510.5,1517,1496.7,1515.9,532.8356447
1686830400000,1516.9,1517.7,1500.1,1501.5,297.43299928
1686844800000,1500,1526.8,1492.5,1523.1,401.97123113
1686859200000,1524.5,1534,1509.8,1521.3,243.24884992
1686873600000,1522.3,1524.4,1516.9,1523.5,50.82922367
1686888000000,1524.6,1529.3,1521.7,1525.5,150.6974709
1686902400000,1524.9,1529.5,1515.2,1515.2,275.15751764
1686916800000,1515.3,1539.5,1510,1537.8,396.14035789
1686931200000,1535.4,1577.9,1532.8,1573.6,551.33021077
1686945600000,1574,1579,1565.4,1567.8,267.21719611
1686960000000,1568.9,1572.5,1565.2,1570,48.32963643
1686974400000,1570.2,1611.5,1568.5,1594,417.13104681
1686988800000,1592.6,1596,1586.2,1589,300.19889204
1687003200000,1587.3,1592.5,1575,1580,117.51657406
1687017600000,1579.4,1583.8,1572.8,1577.6,167.89363586
1687032000000,1578.2,1583.7,1574.3,1578,85.75809783
1687046400000,1578,1580.9,1572.6,1578.9,25.2772211
1687060800000,1578.4,1586.5,1577,1581.7,165.72350664
1687075200000,1581,1586,1576.8,1584.3,129.07078692
1687089600000,1584.7,1591.9,1581.8,1587.5,96.46337357
1687104000000,1587.4,1596.7,1587.2,1590.2,178.73394091
1687118400000,1591.7,1592.6,1568,1573.3,144.25610966
1687132800000,1572.3,1579.3,1568.3,1574.3,25.41665383
1687147200000,1573.4,1578.7,1571.3,1577.1,63.73968946
1687161600000,1576.4,1581.4,1572.9,1579.5,108.58917522
1687176000000,1578.2,1586.2,1570,1574.1,192.84604472
1687190400000,1575.1,1599.9,1555.1,1578.4,379.22301303
1687204800000,1577.5,1591.3,1577.4,1590.4,104.55306818
1687219200000,1589.2,1601.3,1582.7,1582.7,48.53656053
1687233600000,1583.2,1588.2,1579.1,1580.1,118.94846793
1687248000000,1579.7,1586.2,1574.5,1585.6,145.8306005
1687262400000,1586,1591.9,1571.6,1587.9,180.60833257
1687276800000,1589.3,1639,1584,1630.9,736.11235862
1687291200000,1633.4,1642.8,1625.7,1639.1,276.43502849
1687305600000,1638.9,1669,1636.1,1657.2,303.17305138
1687320000000,1658.4,1669,1654.6,1659.9,355.6956086
1687334400000,1659.5,1675,1651.8,1673.9,489.84844259
1687348800000,1674,1694.1,1660.1,1689.1,598.67569473
1687363200000,1689.2,1729.7,1684.6,1709.8,1108.4235857
1687377600000,1711,1726.1,1701.7,1716.7,375.84393652
1687392000000,1716.2,1753,1711.3,1740,315.34663682
1687406400000,1741.6,1744.5,1729.2,1734.7,353.29462528
1687420800000,1734.9,1736.9,1705.9,1714.7,631.02675316
1687435200000,1715.4,1738.3,1702,1713.7,409.48361718
1687449600000,1713.7,1727.1,1710.8,1724,257.47297048
1687464000000,1724,1725.5,1705.8,1709.4,125.68063695
1687478400000,1708.7,1720.8,1704.2,1720,34.62168554
1687492800000,1720,1730.4,1715.5,1729.8,162.90778644
1687507200000,1729.4,1736.8,1723.6,1728.4,241.99843575
1687521600000,1728.2,1763.4,1711,1761.7,509.39505687
1687536000000,1760.2,1775,1735.2,1746.3,604.23025977
1687550400000,1746.3,1752.3,1724.9,1736.6,262.69080154
1687564800000,1736.1,1741.4,1725.8,1737.9,47.94157845
1687579200000,1739.8,1740,1727.6,1729.6,104.93693034
1687593600000,1729.2,1737.9,1727.8,1733.7,145.31395108
1687608000000,1735.2,1747.8,1715.1,1720.3,215.95182607
1687622400000,1718.3,1735.1,1714.3,1731.7,149.50630853
1687636800000,1730.9,1731.8,1712.9,1720.9,152.97223528
1687651200000,1719.9,1739.1,1715.6,1737.9,24.1447328
1687665600000,1739.7,1770,1738.5,1753.7,214.96708034
1687680000000,1752.3,1765,1750,1759.5,199.14223019
1687694400000,1759.5,1760.9,1728,1731.8,173.27640352
1687708800000,1730.1,1739,1726.4,1736.6,180.30112565
1687723200000,1738.7,1748.3,1732.5,1743.2,168.13067886
1687737600000,1740.6,1746.2,1715.1,1723.9,105.36913995
1687752000000,1723.2,1745.7,1717.1,1735.8,300.24447544
1687766400000,1737,1737.7,1717.7,1723.4,241.76144887
1687780800000,1723.2,1747.8,1717,1731.8,248.95671303
1687795200000,1731.7,1733.2,1685,1700.4,619.19491425
1687809600000,1700,1705.5,1693.9,1703.1,162.99636366
1687824000000,1704.5,1719.9,1700.6,1713.8,27.81030144
1687838400000,1712.7,1716.5,1704.2,1712.4,146.79172487
1687852800000,1714.6,1725.4,1710.2,1720,224.97969976
1687867200000,1719.9,1731.1,1702.6,1707.2,271.08490656
1687881600000,1708.7,1744.9,1706.9,1730.3,358.07204641
1687896000000,1726.9,1732.7,1720.9,1724.3,106.24607651
1687910400000,1724.6,1724.7,1697,1705.5,109.6816646
1687924800000,1704.8,1709.2,1688.3,1690.1,276.30473379
1687939200000,1691.5,1704.5,1690.9,1702.1,296.22085532
1687953600000,1700,1711.5,1689.1,1706.1,217.91362257
1687968000000,1705.9,1709.5,1670.2,1680.4,472.6258964
1687982400000,1679.5,1683.1,1673.2,1676.2,208.65695902
1687996800000,1676,1688,1675.5,1687.8,49.02351039
1688011200000,1687.8,1694.7,1684.4,1693.4,151.28167034
1688025600000,1691.2,1713.6,1689.7,1707.7,253.95148458
1688040000000,1708,1727,1695.3,1701,415.08830829
1688054400000,1700.3,1709.9,1692.5,1707.8,248.4988596
1688068800000,1709.7,1710,1696.4,1706.1,173.64525569
1688083200000,1703.4,1726.2,1694.4,1720.8,82.90550433
1688097600000,1722.3,1754.3,1718.3,1737.4,491.2772125
1688112000000,1736.1,1745.1,1733.8,1740.9,297.72967645
1688126400000,1740.2,1754.5,1675,1697.1,1173.28806919
1688140800000,1697.1,1782,1694.2,1764.5,1674.36932497
1688155200000,1765.2,1778,1755.8,1769.1,329.65897907
1688169600000,1770.1,1779.8,1755.4,1758.1,64.13283559
1688184000000,1758.1,1760.9,1749.1,1757.9,153.28132735
1688198400000,1758,1765.8,1752.2,1760.9,250.4222207
1688212800000,1762.6,1768.8,1757.3,1762.7,208.55723514
1688227200000,1762.7,1763,1755.2,1762.5,220.69439221
1688241600000,1761.3,1766,1759.5,1763.5,131.60529834
1688256000000,1762.7,1764.1,1750.8,1752.6,18.23471837
1688270400000,1751.3,1756.3,1751.3,1755.3,54.704252
1688284800000,1755.4,1762.1,1751.2,1757.8,156.17112782
1688299200000,1758.3,1765,1732,1757.3,194.18122654
1688313600000,1756.9,1761,1742.1,1753.5,204.27733129
1688328000000,1751.7,1793,1750,1775.7,490.58283911
1688342400000,1775.7,1789.8,1772.3,1783.9,45.68564291
1688356800000,1783,1810,1778,1806.4,330.17263073
1688371200000,1806.4,1811.3,1791.9,1798.6,403.71673864
1688385600000,1799.2,1809.4,1793.4,1802.3,466.59404767
1688400000000,1800.6,1808.9,1789.8,1803.2,481.59091972
1688414400000,1803.3,1804,1785,1792.2,224.99395367
1688428800000,1791.8,1802,1787.2,1800.4,80.85381318
1688443200000,1800.4,1800.4,1786.5,1788.3,224.1380734
1688457600000,1787.8,1800,1786,1798.1,230.905573
1688472000000,1798.4,1800,1790,1793.6,198.20715607
1688486400000,1791.9,1804.7,1774.3,1777,370.80660868
1688500800000,1778.2,1786.7,1775.2,1779.8,180.37163338
1688515200000,1778.2,1786.5,1778.2,1785.3,26.45565081
1688529600000,1781.9,1784.8,1775.6,1779.3,142.30397557
1688544000000,1778.9,1781.1,1752.6,1756.4,359.48762548
1688558400000,1755,1760.1,1740,1750.7,515.10940786
1688572800000,1751.8,1766.3,1749.8,1757.4,284.01852444
1688587200000,1757.1,1765.1,1755.7,1761,116.49927906
1688601600000,1758.8,1766.5,1751.1,1766.3,43.27479985
1688616000000,1765.5,1776,1761.3,1772.1,159.56242878
1688630400000,1776.6,1800.8,1754,1758.9,408.28304037
1688644800000,1759.1,1761.3,1722,1738.7,711.4759778
1688659200000,1738.4,1741.9,1727.2,1733.2,313.62260607
1688673600000,1733.2,1735.3,1698,1698,401.59782443
1688688000000,1698,1710.4,1681,1707.3,197.92774099
1688702400000,1708.1,1712.7,1701.4,1707.3,381.04013121
1688716800000,1707.7,1715.7,1704.7,1708.7,301.87176736
1688731200000,1708.6,1722.4,1699.1,1711.3,358.9564831
1688745600000,1708.4,1711.5,1695,1700,234.53034129
1688760000000,1701.3,1707.9,1699.4,1707.9,134.28703198
1688774400000,1706.6,1708.8,1700.1,1700.6,45.25444927
1688788800000,1700.9,1701.5,1693.5,1699.5,195.31741054
1688803200000,1700,1705.3,1694.9,1697.4,173.29561995
1688817600000,1696.5,1700.2,1693.6,1696,82.12303381
1688832000000,1697.6,1703,1684.1,1686.3,132.45715692
1688846400000,1685.9,1702.7,1683,1701.5,163.29616048
1688860800000,1702.1,1710.9,1700.3,1703.9,18.16252478
1688875200000,1703.9,1707.6,1701.9,1703.2,51.57958454
1688889600000,1703.6,1707.7,1701.9,1706.9,128.25944227
1688904000000,1707,1715,1695.5,1703.3,176.21179063
1688918400000,1704.1,1706.3,1699.1,1706.1,134.51944244
1688932800000,1704.6,1708.5,1694.1,1699.7,122.23715261
1688947200000,1698.9,1704.7,1686.1,1701.2,26.08912003
1688961600000,1698.7,1701.9,1691.9,1695.9,92.36320782
1688976000000,1695.9,1702.7,1689.5,1700.7,190.83136007
1688990400000,1701.1,1707,1698.8,1703.1,182.72967408
1689004800000,1704.5,1729.5,1698.6,1728.1,246.66348853
1689019200000,1728.2,1733,1696.9,1709.2,212.05287285
1689033600000,1710,1712,1703.5,1705.5,31.01032363
1689048000000,1706.3,1715.2,1703,1709.7,114.07632904
1689062400000,1709.7,1711.7,1694.2,1700.7,207.57039264
1689076800000,1699.2,1713,1696.1,1703,164.31171606
1689091200000,1704.2,1706.6,1698.1,1703.3,175.1579443
1689105600000,1704,1707.7,1700.1,1706.6,95.77597005
1689120000000,1705.8,1712,1704,1706,60.56663155
1689134400000,1706.9,1720,1703.8,1714.1,139.80523021
1689148800000,1715.2,1716.7,1710.8,1715.1,151.3858592
1689163200000,1716.5,1720,1692.8,1695.4,255.66134619
1689177600000,1694.9,1701.1,1678,1680.6,341.62316494
1689192000000,1680.2,1684,1676.4,1681.7,160.03426335
1689206400000,1681.6,1683.9,1675,1676.9,43.85320782
1689220800000,1676.7,1682.5,1674.5,1677.2,123.23342183
1689235200000,1677.8,1689.2,1677,1687.1,214.31485938
1689249600000,1688.1,1733.4,1678.6,1725.1,581.08687751
1689264000000,1725.4,1794,1724.8,1777,2518.71022439
1689278400000,1779,1789,1755.3,1786.6,643.68961064
1689292800000,1785.5,1805,1783.2,1786.9,434.11259455
1689307200000,1787.5,1791.2,1770.1,1773.8,399.00873293
1689321600000,1772.9,1783.2,1767.8,1774.1,357.67992738
1689336000000,1774.1,1786.1,1768.5,1780.4,368.42114466
1689350400000,1780.3,1782.1,1695,1706.4,1193.17046929
1689364800000,1706.4,1730,1695,1728.9,515.4310878
1689379200000,1728.9,1730,1720.2,1722.9,23.0071153
1689393600000,1721.3,1734.4,1718.9,1731.5,131.92295059
1689408000000,1733.4,1735.5,1727.9,1730.1,228.81343439
1689422400000,1731.6,1732.5,1722,1725.7,161.21294088
1689436800000,1727,1730.1,1721.8,1726.3,151.10556117
1689451200000,1724.4,1724.9,1718.9,1723.6,116.79104113
1689465600000,1722.1,1728,1710.4,1717,16.18441269
1689480000000,1715.7,1723.8,1713.1,1718.7,118.62867737
1689494400000,1718.8,1729.5,1717.8,1727.1,153.00207275
1689508800000,1725.3,1736.5,1723.5,1730.8,244.97203408
1689523200000,1729,1732.6,1720,1720.1,201.06945262
1689537600000,1720,1728.5,1710.6,1714.2,111.74878623
1689552000000,1713.3,1723.2,1711.2,1721.2,24.81643875
1689566400000,1722.1,1726.4,1716.1,1716.3,103.89823133
1689580800000,1716.3,1719.8,1690,1702.1,445.08197664
1689595200000,1702.5,1711.6,1695.5,1700.5,218.86836202
1689609600000,1700.3,1704.6,1672.3,1681.3,513.41297265
1689624000000,1680.4,1710,1679.2,1702,264.86844519
1689638400000,1703.3,1706.6,1696.2,1698.5,20.55758605
1689652800000,1698.4,1700.5,1685,1689.7,184.85013774
1689667200000,1689.7,1698.4,1682.5,1684.7,132.93422088
1689681600000,1684,1695.9,1680,1691,197.86001944
1689696000000,1690.6,1698.3,1680,1685.5,231.75267546
1689710400000,1686.5,1695.4,1685,1690.6,94.34311393
1689724800000,1690.7,1706.9,1688.4,1704.2,41.87318459
1689739200000,1705.9,1709.9,1699.1,1702.1,122.99565951
1689753600000,1701.1,1704.3,1695.1,1703.9,122.82848847
1689768000000,1702.6,1713.7,1695,1703,185.26890649
1689782400000,1703.4,1713.7,1698.4,1705,245.51612201
1689796800000,1704.8,1706.5,1682.6,1687.2,324.0371069
1689811200000,1688,1693.2,1682,1688,24.6855354
1689825600000,1689.7,1709.8,1687.7,1707,257.59667721
1689840000000,1707.4,1720,1704.8,1714.7,267.12615391
1689854400000,1715.8,1719.2,1691.1,1696.8,305.17022405
1689868800000,1696.4,1701.1,1690,1696.3,241.00112572
1689883200000,1696.3,1705.6,1690.7,1699.3,175.85299075
1689897600000,1699.9,1706.8,1695.8,1704,31.46793933
1689912000000,1704.1,1704.2,1694.6,1698.4,106.06613741
1689926400000,1698.2,1703.2,1694.3,1699.1,340.58889848
1689940800000,1699.1,1706,1696.5,1700.4,142.62040757
1689955200000,1700.2,1712,1694.6,1702.4,228.82526511
1689969600000,1702.5,1704.8,1699.2,1701.6,67.54324036
1689984000000,1700.2,1705.7,1699.7,1703.4,63.82326366
1689998400000,1701,1704.8,1699.2,1701.4,60.0706213
1690012800000,1701.4,1703.7,1694.3,1698.6,82.69553073
1690027200000,1698.4,1700,1694.9,1698.9,164.6156563
1690041600000,1697.5,1700.7,1692,1695.9,106.65239301
1690056000000,1696.9,1698.7,1668.6,1679.5,191.49624044
1690070400000,1679,1680.3,1672.9,1673.4,13.44022204
1690084800000,1677.5,1687.3,1677.5,1687.3,47.10389512
1690099200000,1687.3,1690.2,1684.7,1685.4,139.30966278
1690113600000,1686.8,1688.4,1683.3,1685.7,111.07340259
1690128000000,1685.8,1713.6,1685.7,1697.4,231.49407155
1690142400000,1699.4,1703.3,1686.1,1697.6,96.94394976
1690156800000,1698.9,1699.3,1677.7,1680.1,61.17146803
1690171200000,1678.4,1694.6,1675,1692.9,90.92901263
1690185600000,1691.8,1693.7,1659,1670.2,433.19731991
1690200000000,1669.2,1674.6,1656.7,1663.5,371.21691393
1690214400000,1663.5,1673.8,1660,1671.4,197.67906956
1690228800000,1672.5,1674.4,1667.5,1673.3,95.16774901
1690243200000,1673.3,1678.1,1666.6,1671.1,48.57993721
1690257600000,1670.7,1673.9,1667.1,1672.1,138.2141638
1690272000000,1672.2,1685.7,1672,1677.1,202.88650017
1690286400000,1677.1,1692.4,1675.2,1682.1,189.65176749
1690300800000,1682,1690.1,1678,1680.4,238.89601421
1690315200000,1679.4,1687.3,1679.3,1681.9,78.4342785
1690329600000,1681.1,1688.3,1676.8,1681.5,28.07284032
1690344000000,1681,1682,1673,1674.5,148.81368385
1690358400000,1674.5,1677,1670,1673.3,236.02994928
1690372800000,1673,1681.9,1671.7,1679.1,214.69057714
1690387200000,1679.4,1695.6,1676.1,1688.9,286.64082826
1690401600000,1687.8,1703.6,1683.7,1689.2,288.49596228
1690416000000,1689,1692.1,1684.1,1690.4,20.78274073
1690430400000,1689.6,1696.2,1680.1,1682.6,141.77813759
1690444800000,1681.5,1695.3,1680.1,1684.9,114.96368871
1690459200000,1685.5,1704,1684.6,1697.8,367.4554428
1690473600000,1698.1,1699,1688.5,1696.3,321.90911228
1690488000000,1696.5,1697.4,1689,1693.9,132.12134657
1690502400000,1693,1697,1692.8,1695.3,56.08068676
1690516800000,1696.5,1699.4,1689.4,1696.6,80.76612634
1690531200000,1696.1,1702,1693.3,1694.2,154.75281924
1690545600000,1695.5,1705,1694.1,1697,181.54274477
1690560000000,1698.4,1702.7,1692.7,1698.7,118.50346307
1690574400000,1698.4,1703.6,1697.7,1700,119.64716906
1690588800000,1700.5,1702.7,1699,1699.9,11.08668426
1690603200000,1699,1702.7,1697.3,1699.2,52.76276014
1690617600000,1699.2,1700.1,1695.1,1697.9,123.51155828
1690632000000,1697.6,1702,1696,1700.1,115.77686121
1690646400000,1700.1,1706,1697.4,1705.3,90.42286976
1690660800000,1705.6,1711.4,1704.3,1705.3,112.34246427
1690675200000,1707,1707.5,1702.9,1704.9,17.95851001
1690689600000,1704.8,1706,1699.1,1702.8,34.62160995
1690704000000,1702,1703.7,1698.4,1701.9,95.99227243
1690718400000,1703.1,1709.5,1697.6,1701.3,189.02851402
1690732800000,1701.3,1704.7,1687,1690.2,758.05185071
1690747200000,1688,1693.5,1678.8,1687.2,167.86382192
1690761600000,1688.6,1701.3,1686.5,1696.3,17.19545619
1690776000000,1696,1697.6,1690.4,1690.7,86.70758058
1690790400000,1690.4,1694.6,1689.1,1693.3,166.55436144
1690804800000,1693.4,1698.8,1684.5,1685.6,171.15580998
1690819200000,1685.6,1691.9,1682.8,1688.3,179.99767705
1690833600000,1686.6,1691.5,1683,1687.7,134.73933095
1690848000000,1686.4,1695,1656,1662.2,283.87647753
1690862400000,1661.8,1671.1,1658.5,1670.6,343.42283834
1690876800000,1670.6,1673.9,1665.7,1667.2,162.5730568
1690891200000,1666,1674,1655.3,1670,246.35087689
1690905600000,1670.8,1690.7,1665.7,1685,177.79333458
1690920000000,1685.4,1698.9,1674.1,1698,274.49585866
1690934400000,1697.2,1704.9,1694.4,1695.6,151.55024008
1690948800000,1694.2,1696.1,1687.2,1687.8,119.00866122
1690963200000,1685.9,1694.9,1685.8,1692.2,118.18410725
1690977600000,1692.5,1693.6,1677.4,1682.8,145.57725811
1690992000000,1682,1684.2,1663.5,1682.7,255.34054374
1691006400000,1682.9,1686.2,1677.5,1680.8,99.54330664
1691020800000,1680.3,1684.8,1677.9,1682.3,61.47233463
1691035200000,1682.1,1682.2,1674.4,1677.2,118.38585527
1691049600000,1675.9,1680.4,1671,1678.8,171.83323476
1691064000000,1678.9,1690,1672.1,1678.7,150.83309796
1691078400000,1678.8,1694,1678,1685.3,214.01124852
1691092800000,1683.6,1691.6,1671.4,1674.2,101.40544709
1691107200000,1674.2,1677.4,1669.1,1672.2,65.23937207
1691121600000,1672.3,1677.4,1669.5,1677.4,98.83335516
1691136000000,1676.8,1679.4,1673.5,1675.2,103.45233905
1691150400000,1674.6,1679.5,1666.5,1673.4,129.67788314
1691164800000,1673.8,1674.2,1658.8,1662.4,141.29976411
1691179200000,1661.8,1664.8,1650,1660.8,265.01034506
1691193600000,1660.7,1663.3,1657.4,1659.9,42.79799549
1691208000000,1662.1,1663.6,1659.3,1661.3,155.45733128
1691222400000,1661.3,1665.7,1659.1,1663,154.21358518
1691236800000,1663.9,1668.2,1660.7,1663.7,144.78182424
1691251200000,1664.9,1669.7,1661.3,1665.5,105.89636445
1691265600000,1666.7,1669.9,1663.7,1668.5,69.50283836
1691280000000,1668.3,1669.4,1664.4,1665.3,18.00951836
1691294400000,1665.2,1668.6,1663.6,1665.6,74.59315337
1691308800000,1665.5,1668.7,1660,1663.6,123.77264572
1691323200000,1663.3,1664.2,1658,1660.9,117.50900579
1691337600000,1660.8,1666.8,1659,1663.3,109.22736023
1691352000000,1662.4,1665.4,1658.3,1660.5,286.01951148
1691366400000,1659.9,1675,1655.6,1669.3,53.69923544
1691380800000,1669.3,1673.8,1664.9,1668.4,56.31917428
1691395200000,1667.3,1671.6,1665.2,1667.1,141.62043146
1691409600000,1665.4,1667.8,1646,1651.2,190.76676117
1691424000000,1651,1662,1640.1,1656.6,373.92308036
1691438400000,1657.3,1661.9,1655,1659.3,70.23667337
1691452800000,1661.5,1667,1660.3,1664.2,20.58599592
1691467200000,1663.9,1669.9,1662.7,1665.1,138.84474798
1691481600000,1665.8,1678.1,1663.1,1676.9,222.20730575
1691496000000,1677.8,1687.5,1674.1,1682.5,286.76188125
1691510400000,1682.2,1705,1680.5,1696.1,439.0393945
1691524800000,1696.9,1710.6,1690.8,1692.5,292.21657425
1691539200000,1691.5,1695.6,1687.3,1688.5,35.76938674
1691553600000,1688.6,1695.5,1687,1693.7,115.74593603
1691568000000,1692.4,1698.5,1691,1696.1,161.4320244
1691582400000,1697,1702.2,1684.1,1687.7,198.13082331
1691596800000,1687.3,1688.7,1680,1684.1,237.49377037
1691611200000,1684.2,1692,1683.3,1688.8,168.68192038
1691625600000,1688.2,1692,1685.6,1686.4,14.30513206
1691640000000,1686.3,1686.9,1677.9,1680.2,69.64650788
1691654400000,1679.7,1680.3,1675.7,1678,96.10554409
1691668800000,1678.1,1688.9,1675.2,1680.4,169.42072354
1691683200000,1681,1683.8,1677.2,1681.8,173.42601662
1691697600000,1683.2,1685.9,1681.4,1685.1,90.28984523
1691712000000,1684.1,1686.5,1675.3,1677.1,36.35159713
1691726400000,1678.9,1682.5,1677.8,1678.5,75.54333757
1691740800000,1680.6,1682.1,1677.1,1682,164.16746457
1691755200000,1682.3,1691.1,1680.3,1681.5,136.44676168
1691769600000,1682.9,1684.5,1677.7,1680.7,221.16339233
1691784000000,1682.9,1688.4,1681,1685.7,95.69606363
1691798400000,1686.1,1691.3,1685.2,1685.3,22.07136377
1691812800000,1686.9,1689.4,1684.2,1689,66.6147916
1691827200000,1688.9,1690.6,1686.2,1690.3,124.93779615
1691841600000,1689.1,1693.2,1688.3,1690.7,144.16943981
1691856000000,1691,1692.5,1686.9,1688,139.81884042
1691870400000,1687.3,1690.1,1686.1,1689.8,69.71863189
1691884800000,1689.8,1691.7,1688,1688.6,15.68845162
1691899200000,1690,1690,1687,1690,37.33437373
1691913600000,1689,1691.5,1688.1,1690,107.41817336
1691928000000,1690,1691.9,1686.5,1688.4,110.51839317
1691942400000,1687,1699.7,1685.5,1695.4,116.49133022
1691956800000,1697,1697.9,1677.1,1679.6,160.85325427
1691971200000,1679.3,1688.5,1677.6,1685.3,13.94392356
1691985600000,1686.4,1692,1685.5,1687.1,96.72278096
1692000000000,1687.1,1688.5,1684.7,1685.6,143.89132678
1692014400000,1687.2,1697.7,1685.5,1693.8,134.5067235
1692028800000,1694.3,1696,1683.7,1687.4,125.03073849
1692043200000,1686.4,1690.9,1685.2,1688.7,94.59578535
1692057600000,1688.3,1692.4,1685.4,1687.3,8.46928369
1692072000000,1687.3,1687.9,1681.4,1685.1,96.50891665
1692086400000,1683.9,1685.4,1678.5,1681.1,141.22700792
1692100800000,1679.7,1685.2,1677,1681.4,226.0803354
1692115200000,1680.3,1685.9,1662.1,1675.1,241.74975154
1692129600000,1674.2,1678.3,1670.9,1675.2,113.11360425
1692144000000,1674.5,1676.3,1673.3,1673.3,20.43473467
1692158400000,1674.6,1674.7,1665,1670.3,123.65810497
1692172800000,1670.3,1671.1,1662.3,1668.8,173.27296168
1692187200000,1670,1673.4,1663.5,1667.3,215.50165331
1692201600000,1667.2,1676.3,1664,1670.8,135.83213923
1692216000000,1671,1673.7,1652,1659,320.17437753
1692230400000,1660.5,1663,1639.7,1653.7,187.49651721
1692244800000,1653.1,1656.3,1649.7,1652.2,169.17048433
1692259200000,1651.1,1652.3,1637,1638.3,257.00978649
1692273600000,1637.9,1641.5,1592,1598.7,638.83851807
1692288000000,1598.5,1605.8,1586,1596.9,530.12069441
1692302400000,1596.8,1597.9,1440,1548.1,2420.96252095
1692316800000,1547,1562.7,1537.2,1541.5,109.94604173
1692331200000,1540.5,1560,1528.5,1554.6,836.98313579
1692345600000,1554.4,1560.9,1544.1,1551.6,493.18840143
1692360000000,1550.7,1552.4,1523,1526.7,417.5425652
1692374400000,1527,1541,1510,1523.8,410.94988766
1692388800000,1523.8,1536.3,1522.8,1529.6,198.30464322
1692403200000,1529.6,1538,1525,1526.7,39.52595156
1692417600000,1527.8,1530.7,1522,1529.4,148.23140439
1692432000000,1528.7,1533.4,1527,1529.4,170.26745464
1692446400000,1529.5,1552.9,1526.3,1552.2,314.32463619
1692460800000,1552,1563.2,1544.3,1547.9,265.48244542
1692475200000,1546.1,1548.1,1535.1,1540,82.63006751
1692489600000,1540.1,1544.4,1535.2,1538.4,61.76110826
1692504000000,1538,1540.3,1531.9,1535.9,143.8029462
1692518400000,1536.3,1545.7,1534.1,1545.1,209.28181053
1692532800000,1545.1,1548.3,1534.5,1539.3,170.26873182
1692547200000,1541.1,1547.7,1534.5,1545.9,113.55594374
1692561600000,1546.5,1559.9,1545.8,1551.1,210.70965347
1692576000000,1551.4,1551.4,1540.2,1541.9,65.88391917
1692590400000,1541,1550.2,1533,1534.4,103.69735035
1692604800000,1535.9,1538.9,1525,1533.4,206.80040712
1692619200000,1533.7,1545.6,1515.7,1523.9,225.64605665
1692633600000,1521.5,1538,1519.9,1534.3,207.67455148
1692648000000,1535.7,1539.3,1528.7,1530,101.89729565
1692662400000,1530,1532,1522.4,1523.8,17.19324624
1692676800000,1523.9,1526,1522,1525.7,99.71647269
1692691200000,1525,1529.8,1524.1,1525.9,190.46722347
1692705600000,1525.9,1532.5,1518,1521.3,373.71036427
1692720000000,1521,1521.7,1491,1498,377.42820443
1692734400000,1498.7,1510,1460,1505.8,546.40634833
1692748800000,1507.4,1511.3,1501.4,1502.7,40.61128493
1692763200000,1501.5,1523,1501.5,1520.4,250.94419526
1692777600000,1520.5,1524,1516.9,1518,142.02117923
1692792000000,1519.3,1528.3,1511.3,1526,241.47512151
1692806400000,1526.5,1563.3,1524.3,1552,489.31373658
1692820800000,1552.8,1557.4,1528.1,1546.6,247.7553237
1692835200000,1545.5,1548.9,1540.2,1541.6,27.51412223
1692849600000,1541.6,1547.2,1539.3,1543.6,120.82010641
1692864000000,1543.6,1545,1535.2,1537,239.79726916
1692878400000,1537,1542.9,1514.9,1516.9,350.08726857
1692892800000,1517.1,1530,1514,1524.5,201.29816179
1692907200000,1525.9,1539.6,1520.3,1537.5,137.17702752
1692921600000,1537.5,1540,1529,1534.2,39.26228394
1692936000000,1535.1,1535.4,1527.7,1532,135.42247148
1692950400000,1531.6,1538.2,1528.4,1531.2,158.67918877
1692964800000,1531.8,1546.3,1518,1526.6,237.83280494
1692979200000,1525.9,1531.9,1516,1525,120.96896846
1692993600000,1524.6,1532.8,1523.4,1531.8,94.58875844
1693008000000,1531.9,1533.4,1529,1532.3,15.71677168
1693022400000,1532.9,1532.9,1528.4,1529.9,38.50237571
1693036800000,1530.7,1532.2,1525.6,1529.2,90.01901716
1693051200000,1529.1,1531,1525.3,1530.3,93.52145489
1693065600000,1530.4,1530.9,1522.2,1524.5,67.28479871
1693080000000,1525.7,1529.6,1523.5,1525.3,54.05908723
1693094400000,1526.3,1528.7,1524.9,1525.1,17.88087207
1693108800000,1527.5,1532.8,1525.6,1527.4,78.1950339
1693123200000,1527.5,1531.7,1526.1,1528.3,166.85203161
1693137600000,1528.3,1537.2,1526.7,1533.8,109.11980746
1693152000000,1533,1538.7,1529.4,1534.9,88.41166437
1693166400000,1533.5,1536.8,1529.2,1534.6,82.74820527
1693180800000,1535.3,1535.3,1525.1,1525.4,32.02124898
1693195200000,1525,1528.2,1514.6,1518.9,109.0954256
1693209600000,1518.6,1520.3,1503.7,1515.8,233.74560367
1693224000000,1516.5,1536,1515.5,1522.9,172.90129813
1693238400000,1524.3,1528.9,1514.9,1520.5,187.84467024
1693252800000,1520.7,1528.5,1518.8,1526.4,77.77396616
1693267200000,1526.1,1532.2,1521.3,1523.7,37.11878667
1693281600000,1524,1525.5,1518.4,1520.4,184.1244325
1693296000000,1520.1,1523.3,1516.2,1519.3,159.32293913
1693310400000,1518.5,1601.6,1517.3,1581.1,1031.940865
1693324800000,1581.2,1608,1574.1,1595,794.49240153
1693339200000,1594,1600.4,1583.1,1591.7,212.32644796
1693353600000,1591.3,1592,1576,1580,29.71333631
1693368000000,1581.2,1583.3,1578.1,1580.2,130.36651677
1693382400000,1581.4,1582.9,1571.5,1576.5,296.45187782
1693396800000,1577.5,1579.7,1553,1559.6,564.71515327
1693411200000,1558.9,1561.1,1552.8,1558.3,230.80948708
1693425600000,1557.9,1563.1,1556.6,1560.1,107.46568752
1693440000000,1560.3,1560.3,1553.4,1555.3,24.04264231
1693454400000,1554.4,1567.1,1554.4,1567,79.3705223
1693468800000,1565.9,1588,1565.2,1576.7,205.95976372
1693483200000,1575.6,1576.7,1550,1558.3,355.94339656
1693497600000,1557.4,1558.3,1518,1526.9,472.77729185
1693512000000,1528,1528.1,1506,1518.4,202.4564762
1693526400000,1518.2,1525.8,1517.8,1522.8,35.91525972
1693540800000,1524.1,1524.9,1514.4,1516.3,105.22594807
1693555200000,1515.8,1520.6,1512.7,1519.9,173.63301448
1693569600000,1519.2,1522.5,1501.8,1514.5,392.42908956
1693584000000,1514.3,1516.6,1485.6,1501.3,374.64606761
1693598400000,1502.1,1516.2,1498.6,1511.5,212.88622692
1693612800000,1511.7,1516.1,1509.5,1514.6,22.50733478
1693627200000,1513.5,1517.5,1512.3,1515,49.18582721
1693641600000,1515.4,1519.3,1512.7,1517.7,118.39779161
1693656000000,1518.1,1525.8,1515.5,1520.1,114.8470741
1693670400000,1520.1,1522.4,1511.7,1516.5,138.90728562
1693684800000,1515.3,1521.4,1515.1,1518.3,87.18344355
1693699200000,1520.1,1520.1,1515.2,1518.9,15.94679812
1693713600000,1517.7,1521.9,1516.8,1519.5,35.86417403
1693728000000,1519.3,1519.6,1513.9,1516.9,87.20113524
1693742400000,1516.2,1522.5,1511,1515.9,163.34558966
1693756800000,1516,1524.6,1507.6,1521.4,136.51157655
1693771200000,1519.9,1527,1515.6,1517.7,81.28208736
1693785600000,1518,1522.1,1513.3,1516.9,15.95723414
1693800000000,1518.7,1520,1514.5,1516.7,49.12868472
1693814400000,1517,1519.4,1509,1511.5,181.50299655
1693828800000,1509.8,1514.3,1500.7,1505.8,111.50631062
1693843200000,1505.6,1512.5,1504.5,1509.5,222.84850495
1693857600000,1509.5,1511.2,1498.1,1509.8,146.37445666
1693872000000,1510.2,1510.2,1492,1499.5,50.09817806
1693886400000,1499.5,1509.3,1499.5,1508.2,72.31531911
1693900800000,1509,1523,1505.2,1523,144.86235196
1693915200000,1522,1535.6,1515.6,1523.8,212.29243035
1693929600000,1525.7,1530.9,1521.3,1522.2,132.29002672
1693944000000,1520.8,1523.8,1516.4,1523.8,93.32964828
1693958400000,1523.8,1527.3,1520.2,1520.2,30.26230984
1693972800000,1521.4,1521.4,1515.1,1516.9,57.47574476
1693987200000,1518,1522.3,1515.8,1519,108.59264079
1694001600000,1519.5,1522.7,1511.5,1514.2,202.484335
1694016000000,1515,1553,1500.7,1520.4,485.87431733
1694030400000,1519.6,1523.9,1518,1523.8,91.22219504
1694044800000,1522.8,1527.9,1521.3,1527.8,40.06945907
1694059200000,1529.3,1529.9,1524.4,1524.9,126.92434663
1694073600000,1525.1,1526.1,1517.7,1519.4,123.79262885
1694088000000,1518,1525.8,1516.5,1522.5,166.6413473
1694102400000,1523,1533.3,1521.4,1529.8,132.47499523
1694116800000,1531.3,1550.9,1527.9,1541,284.08596997
1694131200000,1540.6,1545.9,1533.1,1536.4,34.82096338
1694145600000,1536.5,1543.4,1531.7,1536.8,146.54041726
1694160000000,1536,1537.5,1511,1518.4,234.93969013
1694174400000,1518,1525.4,1517.3,1521.1,180.16576465
1694188800000,1520.9,1527.7,1517.6,1526.4,99.98402481
1694203200000,1526.6,1531.1,1525.4,1529.3,100.39368343
1694217600000,1529.4,1529.9,1526.8,1528,29.72038287
1694232000000,1526.6,1528.9,1524.3,1526.4,56.41537041
1694246400000,1527.6,1529.9,1526.1,1528.7,76.56892088
1694260800000,1527,1530.7,1523.6,1529,63.7749964
1694275200000,1528.9,1531,1525.1,1526.9,69.82654089
1694289600000,1527,1530.8,1526.4,1528,54.38615706
1694304000000,1529,1529.2,1521.7,1524.2,17.49279142
1694318400000,1525.2,1525.2,1514,1520.1,94.83934973
1694332800000,1519.9,1521.5,1514.7,1519.5,111.298228
1694347200000,1519.1,1522.6,1509,1514.1,123.34468665
1694361600000,1514.3,1515.3,1498.8,1513.1,244.11655571
1694376000000,1512.3,1518.7,1507.9,1508.1,208.92658941
1694390400000,1509.3,1510.7,1498,1504.4,19.20945702
1694404800000,1503.8,1507.9,1499.1,1503.4,73.67680772
1694419200000,1502.2,1504,1472,1479.3,404.62536777
1694433600000,1479.6,1488.5,1441,1455,785.60222755
1694448000000,1454.1,1457.6,1430.7,1432.3,482.56231831
1694462400000,1432.3,1443.7,1424.6,1443.1,244.89294492
1694476800000,1444.3,1482.1,1442.4,1473.4,244.60502099
1694491200000,1475,1480.6,1467.3,1474.9,295.35915686
1694505600000,1474.9,1512,1470.1,1501.5,357.72197566
1694520000000,1502.2,1505,1488.2,1494.7,203.14313313
1694534400000,1494.8,1509.4,1477,1491.6,270.09501242
1694548800000,1490.1,1491.8,1479,1480.5,72.55054595
1694563200000,1481.5,1487.6,1475.9,1478.2,25.61701898
1694577600000,1477.6,1491.8,1471.2,1474.5,203.30150841
1694592000000,1473.2,1495,1473.2,1494.2,160.13974289
1694606400000,1494.3,1505,1483,1497.8,248.69229353
1694620800000,1499.6,1503.9,1486.2,1491.8,248.56304094
1694635200000,1490.8,1500.4,1490.4,1497.6,171.01984897
1694649600000,1497.5,1524,1497.1,1508.1,175.59474712
1694664000000,1508.6,1513.1,1499.7,1511.7,111.12148379
1694678400000,1510.9,1516.1,1506.9,1515,256.8976473
1694692800000,1513.8,1540.2,1513.4,1534.3,475.23790248
1694707200000,1534.1,1544.6,1527,1537.4,259.36685785
1694721600000,1537.3,1538.7,1526.3,1529.9,101.94799261
1694736000000,1529.9,1536.9,1525,1533.6,83.40657313
1694750400000,1535.5,1536.9,1525.1,1525.7,86.71261253
1694764800000,1526.5,1530.3,1518.9,1520.2,199.97443172
1694779200000,1519.6,1524.8,1510.7,1516.6,162.96754629
1694793600000,1517.9,1523.3,1515.5,1521.7,90.22220179
1694808000000,1521.8,1549.4,1518.9,1538.2,141.14831229
1694822400000,1540.3,1548.1,1537.2,1539.6,83.01302706
1694836800000,1538,1540.1,1531.8,1533.6,75.82167532
1694851200000,1533.7,1535.7,1529.3,1532.9,84.53358789
1694865600000,1533.9,1536.3,1531.1,1531.6,81.32485173
1694880000000,1532.1,1537.3,1530.1,1532.4,111.94860682
1694894400000,1531.6,1535.6,1530.6,1532,71.58476581
1694908800000,1532.9,1532.9,1520,1527.5,68.64711647
1694923200000,1525.6,1529.5,1525.2,1526.7,31.17588503
1694937600000,1526.7,1533,1525.2,1527.3,144.80079355
1694952000000,1528.2,1530.2,1525.3,1526.5,68.42691609
1694966400000,1527.5,1527.9,1517.3,1523.4,108.0042637
1694980800000,1523.6,1526,1511.8,1520.1,65.48265773
1694995200000,1521.8,1532.4,1506.7,1526.1,32.69987993
1695009600000,1529.4,1535.9,1524.5,1532.9,100.06397668
1695024000000,1532.6,1553,1528.3,1551.9,468.48963765
1695038400000,1551.9,1565,1545.7,1547.8,452.06873665
1695052800000,1547.6,1551,1528.7,1534.8,227.28539873
1695067200000,1536.1,1536.8,1529.2,1530.1,56.83636467
1695081600000,1531.1,1534.3,1523.2,1529.3,43.5982145
1695096000000,1529.3,1534.1,1528.2,1530,99.05353748
1695110400000,1530.8,1553.3,1529.8,1538.8,352.48262067
1695124800000,1538.4,1553.3,1529.2,1548.3,255.03952955
1695139200000,1550.8,1553.5,1536,1539.5,220.03005268
1695153600000,1539,1540.5,1533.8,1538.5,88.33574576
1695168000000,1537.9,1543.7,1532,1533.8,37.36273403
1695182400000,1533.2,1535,1526.3,1529.7,110.16248973
1695196800000,1528.9,1531.7,1516,1522.3,473.78576525
1695211200000,1522.5,1525.3,1513.6,1519.7,289.27792374
1695225600000,1521.2,1532.5,1504.2,1514.7,313.33592873
1695240000000,1515.2,1528.9,1514.6,1522.6,124.81489175
1695254400000,1522.2,1528,1517.4,1525.9,36.68317967
1695268800000,1525.7,1527.6,1517.1,1519.1,63.22580011
1695283200000,1517.5,1522,1493,1499.9,323.29583459
1695297600000,1498.3,1502.2,1474.2,1485.4,368.63055586
1695312000000,1485.6,1494.1,1482.9,1491.8,190.63015124
1695326400000,1491.9,1492.3,1484.8,1484.9,83.25047776
1695340800000,1485.8,1498.1,1480.8,1496.9,19.54944675
1695355200000,1496.4,1500.2,1491.9,1497.4,218.56181812
1695369600000,1498.3,1505.5,1496.8,1501.5,136.31622659
1695384000000,1501.1,1502.2,1493.4,1493.9,204.56775938
1695398400000,1494,1502,1488.2,1496.2,139.65013012
1695412800000,1495,1498.4,1491.9,1497,34.60593162
1695427200000,1496.8,1500.6,1493.5,1495.5,17.10260484
1695441600000,1493.9,1499.2,1493.6,1498.3,51.21498859
1695456000000,1498.3,1498.6,1493.8,1497.4,99.2816456
1695470400000,1497.5,1499.3,1491.5,1495,66.03949143
1695484800000,1493.9,1499.7,1492,1497.9,101.79945711
1695499200000,1497.6,1499.8,1493.9,1497,42.04629745
1695513600000,1498.2,1498.6,1494.4,1496.7,9.99415327
1695528000000,1496.5,1497.2,1494.5,1495,20.92946214
1695542400000,1496,1500,1495.2,1496.9,76.21202917
1695556800000,1498.3,1500.2,1492.8,1494.3,57.66593825
1695571200000,1495.2,1503.3,1484.8,1491.5,158.83170718
1695585600000,1490,1493.7,1477,1485,128.59689309
1695600000000,1484.1,1489,1471,1482.1,123.63962318
1695614400000,1480,1487.2,1475.9,1486.2,148.06842617
1695628800000,1485.1,1487.9,1471.2,1475.7,202.42164938
1695643200000,1475.4,1501.1,1470.9,1495.6,338.08238916
1695657600000,1496.4,1505.7,1496.4,1501,182.03714557
1695672000000,1502.7,1506.4,1494.9,1498.4,57.69001931
1695686400000,1497.9,1505.6,1497.3,1502.4,20.43804957
1695700800000,1502.2,1505,1498,1501.2,64.02196767
1695715200000,1500.7,1506,1495.7,1501,128.19780196
1695729600000,1499.9,1501.7,1492.4,1496.3,139.73574291
1695744000000,1496.3,1505.7,1494.8,1503.5,153.26871039
1695758400000,1502.2,1507.9,1497.6,1507.4,69.26769252
1695772800000,1506.3,1510,1503.7,1509.6,17.00867838
1695787200000,1509,1510,1503,1505.6,74.09634535
1695801600000,1503.9,1548,1503,1543.2,552.35733821
1695816000000,1543.2,1546.2,1513,1522,458.37091489
1695830400000,1521.9,1524.6,1507.3,1518.2,157.52462607
1695844800000,1519.3,1522.5,1514.5,1520.6,98.82570521
1695859200000,1520.6,1533.4,1518.8,1526.9,49.59916665
1695873600000,1527.3,1541,1526.7,1537.6,192.39238608
1695888000000,1539.2,1552,1532.5,1537.4,312.36038713
1695902400000,1537.8,1563.2,1535.9,1562.2,313.75684384
1695916800000,1561.9,1576.9,1557.1,1567.4,719.93023728
1695931200000,1568.2,1572,1554.7,1564.6,185.25737933
1695945600000,1564.5,1568.8,1558.5,1561.7,24.08807955
1695960000000,1561.6,1589.1,1558.9,1588.9,266.29533559
1695974400000,1588.5,1589.4,1573.2,1575.1,385.91245596
1695988800000,1573.8,1590.8,1565.1,1579.7,273.86889642
1696003200000,1579.8,1580.8,1566.6,1574,354.56953241
1696017600000,1574,1578.5,1572.8,1577,103.58179245
1696032000000,1576.3,1581.4,1574.8,1580.2,20.27785395
1696046400000,1579,1584.8,1578.7,1581.8,57.09455212
1696060800000,1582.1,1588.4,1580.4,1584.7,164.28784427
1696075200000,1585.8,1600.7,1581.9,1591.6,360.71387782
1696089600000,1591.4,1594.5,1583.7,1588.5,149.97933587
1696104000000,1587.4,1591.5,1577.4,1579.5,127.10339511
1696118400000,1580.5,1586,1579.5,1583.3,38.46723793
1696132800000,1584.5,1589.8,1582.6,1587.3,77.330431
1696147200000,1587.3,1600.8,1585.7,1596.6,243.1655668
1696161600000,1596.7,1599.2,1587.7,1592.4,172.45690971
1696176000000,1591.6,1592.7,1579.7,1585.6,146.53039951
1696190400000,1585.5,1650,1577.8,1640,538.46478526
1696204800000,1640.7,1640.9,1626,1634.6,181.03729761
1696219200000,1634.6,1639.1,1621.3,1635.2,416.7568733
1696233600000,1636.4,1649,1631.9,1636.8,439.50763076
1696248000000,1637.2,1645.3,1608,1611.5,512.62287423
1696262400000,1611,1613.8,1571.6,1596.6,760.86532978
1696276800000,1597.1,1597.1,1563,1586.9,319.86875406
1696291200000,1587.5,1593.5,1586.2,1590.6,42.11702818
1696305600000,1591.4,1596,1584.4,1585.7,153.84646518
1696320000000,1585.7,1590.3,1574.7,1581.6,255.62783501
1696334400000,1580.3,1587.2,1570.6,1576.5,289.80052677
1696348800000,1576.1,1583.8,1572.3,1575.3,183.89616972
1696363200000,1576.6,1585.3,1572.1,1582.9,132.367032
1696377600000,1583.4,1583.4,1555.3,1570,132.58395579
1696392000000,1568.6,1572.2,1562.1,1568.6,183.7947022
1696406400000,1568.8,1573.1,1564.9,1568.7,196.96526635
1696420800000,1567.8,1569.6,1552.2,1552.9,213.33275098
1696435200000,1552.8,1574.6,1552,1563.4,207.24003832
1696449600000,1563.3,1572.6,1561.3,1567.2,81.68107735
1696464000000,1568.2,1573,1560,1560,46.2619736
1696478400000,1560,1564.4,1553,1556.6,111.68276243
1696492800000,1557.6,1561.5,1555,1555.9,138.75678819
1696507200000,1555.5,1567.3,1531,1538.6,356.67511115
1696521600000,1538.4,1540.3,1529.7,1532,321.84609344
1696536000000,1534.1,1536.6,1527.8,1529.6,112.15727985
1696550400000,1529.2,1542.1,1529,1541.2,60.52473845
1696564800000,1541.6,1548.1,1535.4,1545.7,118.43162194
1696579200000,1545.7,1553.2,1543.3,1546.7,148.14760586
1696593600000,1546,1558.9,1537.4,1551,307.31331805
1696608000000,1551.4,1562.7,1545.5,1554.7,174.95994149
1696622400000,1556.6,1568,1552.7,1554.1,98.99254873
1696636800000,1555,1557.4,1550.9,1552.3,11.75411716
1696651200000,1552,1553.4,1546.1,1547.9,81.85565297
1696665600000,1547.7,1553.7,1546.6,1547.3,125.0316141
1696680000000,1548.9,1553.2,1545.1,1549.3,128.2133349
1696694400000,1549.4,1550.4,1540.5,1541.8,88.24729806
1696708800000,1541,1546.5,1540.6,1545.3,74.66747221
1696723200000,1543.4,1550.9,1543.4,1549.6,18.79032249
1696737600000,1550.3,1550.3,1537.1,1539.4,119.48649988
1696752000000,1540.3,1541.3,1528.7,1530.4,146.05319475
1696766400000,1530.1,1546.8,1529.6,1542.1,167.87098831
1696780800000,1543.2,1549.4,1540.2,1547.2,152.7300073
1696795200000,1547,1553.1,1542.7,1546.6,146.23878452
1696809600000,1546.5,1549.5,1537.5,1547.9,56.56109911
1696824000000,1549.3,1550.2,1535.7,1540.6,87.3826843
1696838400000,1540.5,1541.6,1507,1511.7,578.90571952
1696852800000,1511,1514,1504.7,1506.2,260.05588518
1696867200000,1506.1,1506.3,1473,1496.9,1088.28883412
1696881600000,1497.2,1498.8,1490,1494.3,113.86469236
1696896000000,1492.6,1505.7,1491.3,1499,70.32107529
1696910400000,1499.6,1509.9,1498.2,1504,155.02028239
1696924800000,1505.7,1507.9,1492.7,1493.1,158.57653735
1696939200000,1494.2,1497,1476,1477.8,308.30186994
1696953600000,1477.7,1482.7,1469.9,1477.1,261.97380661
1696968000000,1475.7,1480.9,1463.6,1478.1,139.57985957
1696982400000,1478.3,1485.5,1460,1469,33.10339073
1696996800000,1470.9,1473.5,1462,1468.6,140.78405471
1697011200000,1468.4,1488.8,1468,1483.9,225.95659156
1697025600000,1483.3,1486.9,1465,1470.2,278.174276
1697040000000,1470.2,1476.1,1461.9,1473.5,292.88978308
1697054400000,1472.2,1476.9,1470,1475.1,127.54336578
1697068800000,1473.2,1474.9,1465.5,1469.9,16.35688756
1697083200000,1470,1473.9,1465.5,1468.4,120.45216255
1697097600000,1468.6,1469.7,1448,1461.9,358.13073629
1697112000000,1460.9,1468.6,1455.6,1460.7,301.45503442
1697126400000,1460.8,1463.1,1443.4,1453.5,261.6042632
1697140800000,1454.1,1462.2,1453.1,1460,169.08204366
1697155200000,1460.1,1466.3,1457.5,1459.4,22.37114188
1697169600000,1458.2,1472.7,1458.1,1468.4,161.91861715
1697184000000,1468.5,1471.5,1464.8,1469.4,149.53763876
1697198400000,1468.6,1475,1463.9,1466.9,244.52708936
1697212800000,1466,1473.7,1464.9,1469.1,165.40006209
1697227200000,1470.5,1497.6,1468.1,1476.6,241.16544143
1697241600000,1477.3,1481.4,1473.7,1479.3,13.44779859
1697256000000,1478.4,1479.9,1470,1472.5,103.60333587
1697270400000,1473,1474.9,1470.1,1472.7,105.09967085
1697284800000,1471.6,1481.9,1471,1481.9,116.84486207
1697299200000,1481.4,1484.1,1477.5,1480.3,110.1924468
1697313600000,1480.3,1485.9,1478.2,1479.6,74.84304183
1697328000000,1479.5,1482.5,1474.6,1478.7,31.76113451
1697342400000,1479.8,1480.3,1477.2,1480,42.76826509
1697356800000,1480,1485.2,1478.9,1481.2,144.81531968
1697371200000,1481.1,1485.5,1475.6,1478.5,171.68021386
1697385600000,1479.3,1489.5,1475.2,1485.4,121.05315459
1697400000000,1485.5,1490.6,1476.1,1480.1,205.23573956
1697414400000,1481.1,1488.7,1478.6,1485,27.59107995
1697428800000,1484.1,1508.5,1482.3,1499.3,323.46102072
1697443200000,1499.8,1506.8,1494.2,1502.5,220.15611868
1697457600000,1501.4,1605,1485.1,1496.1,1573.96074589
1697472000000,1496.1,1519,1492.7,1504.9,419.37055807
1697486400000,1505.1,1520,1495,1514.9,187.75851574
1697500800000,1516.1,1517,1505.7,1505.7,57.21485914
1697515200000,1506.6,1509.8,1500.5,1508.1,98.27513379
1697529600000,1508.1,1511.2,1496.5,1497.5,256.9978257
1697544000000,1498.9,1500.6,1484.9,1489.1,305.52739704
1697558400000,1488.4,1494.1,1470,1478.4,274.62303766
1697572800000,1479.7,1481.7,1473.6,1480.1,101.1685783
1697587200000,1482,1486,1479,1482,17.92517281
1697601600000,1483.5,1495.5,1481.1,1485.9,273.67539673
1697616000000,1486.5,1501,1485.4,1494.6,268.55113187
1697630400000,1495,1498,1489.1,1490.8,262.11723029
1697644800000,1491.3,1496.9,1483.5,1484.7,220.23389773
1697659200000,1485,1486.8,1477,1484.5,89.90282423
1697673600000,1483.9,1487.6,1465.8,1471.9,107.36914908
1697688000000,1470.3,1475.5,1467.9,1473.4,130.01792842
1697702400000,1473.5,1474.7,1464,1472.6,168.65257255
1697716800000,1471.7,1480.6,1467.6,1478.8,239.26065058
1697731200000,1478.1,1485.2,1473.2,1482.1,342.31023061
1697745600000,1482.9,1486.6,1477.5,1481.3,132.22206336
1697760000000,1481.6,1507.7,1477.4,1499.3,167.36368376
1697774400000,1501.7,1503.4,1492.7,1498,289.86203733
1697788800000,1498.9,1539.5,1497.8,1523.6,980.68440675
1697803200000,1523.6,1527.1,1510.5,1516.1,565.79323553
1697817600000,1516,1521.1,1509.2,1518,237.49472224
1697832000000,1517.3,1520,1512.7,1514.5,107.85370461
1697846400000,1513.6,1516.6,1503.5,1508,51.59609114
1697860800000,1508.3,1517.2,1507.7,1517,164.42010734
1697875200000,1517,1520.3,1512.7,1517.8,221.05050641
1697889600000,1518.3,1538.6,1513.2,1536.9,328.33780411
1697904000000,1537.3,1550,1528.5,1542.7,623.04376036
1697918400000,1543.4,1544.4,1535,1537.6,162.29573963
1697932800000,1537.8,1546.8,1532.6,1537.7,78.11705588
1697947200000,1538.3,1554.5,1533.5,1538.2,314.43126666
1697961600000,1538.2,1544.5,1533.7,1537.8,252.75055078
1697976000000,1536.2,1545,1530.4,1534.7,157.43447087
1697990400000,1533.6,1547.5,1532.3,1543.4,122.32598572
1698004800000,1543.5,1573.1,1541.5,1569.3,398.20717927
1698019200000,1569.4,1607,1564.9,1600.9,367.69780132
1698033600000,1602.5,1612,1578,1580.7,578.09433663
1698048000000,1580.5,1587,1568.2,1582.6,724.95877239
1698062400000,1581.3,1585.1,1570.7,1575.1,325.50674673
1698076800000,1575.5,1605,1570.2,1604.3,592.03681047
1698091200000,1601.9,1685,1597.4,1654.2,2058.82356257
1698105600000,1654.3,1729,1646.9,1691,991.49096053
1698120000000,1691.1,1719.6,1684.7,1694.2,1196.72465708
1698134400000,1695.2,1734.7,1693.2,1734.1,1123.58862563
1698148800000,1734.3,1745,1662.3,1678.8,1778.42836641
1698163200000,1678.6,1697.2,1657.9,1678.4,863.43347563
1698177600000,1677.5,1695,1665.7,1684.7,429.55883306
1698192000000,1682.6,1704.9,1678,1686.6,194.96269719
1698206400000,1686.6,1692.3,1663.1,1670.1,374.24293546
1698220800000,1672.2,1696.3,1661.9,1689.4,568.65007498
1698235200000,1689.5,1715.1,1683.7,1708,719.89836637
1698249600000,1707.9,1716.4,1685,1695.3,549.66321549
1698264000000,1694.7,1700.6,1682.9,1693,333.43471008
1698278400000,1692.8,1721.5,1686,1721.1,187.41988936
1698292800000,1722.3,1760.8,1699.1,1752.7,1139.30520445
1698307200000,1753.6,1768.8,1712.2,1721.1,1063.43196172
1698321600000,1721.1,1730.5,1678.4,1688.6,814.58289884
1698336000000,1687.6,1700.2,1674,1697.5,610.7368147
1698350400000,1696.6,1713.8,1696.6,1707.7,206.28673955
1698364800000,1706,1708,1680,1695.7,164.47609394
1698379200000,1693.9,1701.9,1683,1684.2,215.83246417
1698393600000,1684.1,1696.4,1683.4,1691.8,289.287115
1698408000000,1689.7,1703.4,1675,1683.9,396.30338617
1698422400000,1683.5,1686,1656.8,1679.3,419.34956894
1698436800000,1679.8,1688.8,1678.6,1684.4,129.95926165
1698451200000,1684,1697,1683.5,1692.4,40.19789262
1698465600000,1694.7,1699.4,1689.5,1691.9,105.9141013
1698480000000,1693.1,1707.7,1690.6,1692.7,642.07689096
1698494400000,1692.9,1697.1,1681,1696.2,314.40521093
1698508800000,1696.3,1696.3,1682,1683.5,251.02265214
1698523200000,1684.1,1689.8,1678,1683.1,161.41560987
1698537600000,1683,1688,1671.6,1681.3,44.11482954
1698552000000,1679,1689.8,1679,1688.1,78.64682065
1698566400000,1689.4,1698.6,1688.1,1694.3,361.78042048
1698580800000,1693.4,1705.8,1692.8,1698.3,336.03933854
1698595200000,1698.4,1712,1692.8,1699.7,404.59561626
1698609600000,1699.7,1716,1698,1699.5,264.11590679
1698624000000,1699.7,1702.8,1685.1,1689.3,75.88554103
1698638400000,1687.9,1696.9,1683.7,1693.7,110.32354748
1698652800000,1694,1727,1692.1,1715.7,471.05168849
1698667200000,1716,1725.8,1703.2,1714.6,379.57015724
1698681600000,1714.8,1714.8,1678.3,1698.6,417.38744451
1698696000000,1697.4,1711.1,1692.6,1706,198.43783721
1698710400000,1704.7,1715,1695.4,1696,99.50375888
1698724800000,1694.7,1704.3,1686,1687.7,201.11586832
1698739200000,1687.5,1703,1680,1698.5,463.1970067
1698753600000,1698.5,1702.4,1685,1695.6,313.70681316
1698768000000,1696.6,1715.1,1692.2,1713.5,305.94855374
1698782400000,1710.9,1718.3,1703.6,1715.8,329.74537909
1698796800000,1715.2,1729.7,1711.1,1713.6,262.96337288
1698811200000,1713.4,1715.1,1701,1709.9,161.32285718
1698825600000,1709.3,1715,1700,1708.6,340.62689522
1698840000000,1707,1734.6,1690,1700.8,880.94760873
1698854400000,1702.4,1751.9,1700.6,1737.6,1023.52779876
1698868800000,1736.7,1758.4,1736.7,1744.3,988.58531083
1698883200000,1746.6,1768,1736.8,1755.2,169.0456235
1698897600000,1753.6,1756,1725.3,1731.2,304.03485696
1698912000000,1731.4,1732.3,1720.3,1728.7,494.89664438
1698926400000,1728.6,1729.7,1698.4,1699.1,761.02155412
1698940800000,1699.7,1708.3,1685,1707.5,807.61240544
1698955200000,1706.7,1709.3,1690,1697.7,265.92093115
1698969600000,1696.4,1699.4,1676.5,1695.3,151.07867209
1698984000000,1694.7,1696,1683.4,1692.2,195.36596372
1698998400000,1693.3,1698.8,1674,1682.5,382.02779314
1699012800000,1682.5,1695.6,1676.2,1690.6,463.40686197
1699027200000,1691.4,1700,1677.8,1695.4,262.17516905
1699041600000,1696.7,1711.7,1695.9,1710.4,237.60923619
1699056000000,1710,1716.4,1703.3,1712.1,182.33195526
1699070400000,1711,1715.6,1702.9,1710.7,120.04043928
1699084800000,1710.7,1725,1708.2,1715.2,410.22241588
1699099200000,1716.5,1719.4,1706.5,1710.3,234.06511623
1699113600000,1710.1,1719.3,1709,1715,161.31925506
1699128000000,1714.6,1744,1712.6,1731.2,360.49016802
1699142400000,1731.6,1765,1722.9,1760.3,288.96580948
1699156800000,1761.2,1766,1749.2,1758.7,541.42352687
1699171200000,1759.5,1768.9,1750.8,1762.6,724.3494379
1699185600000,1762.8,1773,1740,1749.2,777.97769136
1699200000000,1750.1,1783.9,1748,1763.2,759.94711863
1699214400000,1762.6,1782.3,1732.5,1764.6,587.30166545
1699228800000,1764.8,1772.7,1754.5,1758.9,93.25006657
1699243200000,1762.1,1762.1,1745,1751.4,401.4780789
1699257600000,1752.7,1768.1,1744.5,1767,560.41550394
1699272000000,1766.3,1784.1,1760,1771.2,768.53707752
1699286400000,1771.6,1776.1,1758.3,1775.2,547.68940741
1699300800000,1775.5,1780,1757.2,1773.9,555.05358025
1699315200000,1775.3,1777.3,1756.6,1765.7,131.46572723
1699329600000,1767.3,1773.1,1762.2,1771.3,214.45313534
1699344000000,1770.2,1772.6,1748.4,1755.2,737.1866191
1699358400000,1755.6,1762.3,1740,1744,435.80389434
1699372800000,1745.2,1776.8,1733.8,1771.4,910.30063279
1699387200000,1771.7,1784.2,1752,1764.4,524.64668513
1699401600000,1763.1,1771.5,1759,1759.9,58.21881017
1699416000000,1760.6,1765.4,1754.4,1755.6,111.78236464
1699430400000,1757,1772.6,1754.2,1762.9,344.76750643
1699444800000,1762.9,1773.1,1759.7,1765.7,367.90644546
1699459200000,1765,1779.3,1761.5,1776,533.86783866
1699473600000,1776.6,1780,1759.6,1764.1,575.51290773
1699488000000,1764,1797,1760,1792.1,680.68858987
1699502400000,1793.5,1802,1783.8,1785.8,774.561046
1699516800000,1787,1796.7,1783.8,1790.6,779.90315762
1699531200000,1790.7,1912.8,1785.5,1898.6,4250.79225619
1699545600000,1899.7,1912.3,1835,1894.3,2820.8932428
1699560000000,1892.6,1999,1885,1988.3,2713.83946672
1699574400000,1990.5,1997.1,1963.9,1987.6,447.35078563
1699588800000,1988,2002.3,1969.8,1971.6,1206.46900763
1699603200000,1971.7,1976.4,1951.2,1965.2,1535.43548875
1699617600000,1964.3,1969,1934,1959.2,1271.12382749
1699632000000,1960.6,1972.4,1955,1957.9,1006.28846013
1699646400000,1956.4,1967.3,1941.1,1945.1,849.62524585
1699660800000,1945.1,1953.6,1903.1,1918.3,682.34181893
1699675200000,1917.9,1931.8,1905.6,1925.6,492.01758967
1699689600000,1927.4,1937.5,1918.1,1929.8,803.30663813
1699704000000,1929.8,1958.5,1926.2,1940.8,898.0782586
1699718400000,1940.6,1959.4,1936.7,1947.2,569.20911186
1699732800000,1947.4,1947.4,1907,1926.3,707.66226911
1699747200000,1926.3,1927.3,1890,1923.8,449.20399256
1699761600000,1923.8,1932.6,1915.2,1930.4,257.93206471
1699776000000,1930.6,1931.3,1919.3,1919.3,440.05646958
1699790400000,1920.7,1936.3,1908.8,1928.6,397.64945053
1699804800000,1929.2,1931.3,1916.6,1920.9,340.6111291
1699819200000,1921.8,1936.4,1902.5,1914.6,615.58600875
1699833600000,1915.9,1942.5,1905.9,1911.2,276.79132239
1699848000000,1911.8,1924.3,1900,1916.3,306.23819106
1699862400000,1916.1,1929.8,1910.8,1917.2,450.14358593
1699876800000,1915.5,1972.7,1909.9,1972.7,1605.28364547
1699891200000,1970.7,1981.4,1933.2,1962.9,1123.1833615
1699905600000,1964.6,1967.1,1912.7,1921.8,989.79970049
1699920000000,1921.5,1926.2,1900,1923.3,252.0597083
1699934400000,1921.7,1931.9,1916,1927.2,244.7846511
1699948800000,1926.4,1931.2,1892,1897.7,698.62665726
1699963200000,1897.9,1899.6,1892,1898.3,107.57747618
1699977600000,1899.1,1899.1,1785.1,1819.6,2283.53573139
1699992000000,1818.8,1834.1,1810.7,1821.2,824.17326061
1700006400000,1820.3,1833.2,1810,1810,135.04616678
1700020800000,1811.5,1829.8,1809.2,1826.8,405.24716997
1700035200000,1825.1,1856.3,1823.4,1854.6,930.43175781
1700049600000,1853.3,1865.4,1848.6,1861.5,752.73634219
1700064000000,1862.3,1894.9,1847,1889.3,1438.73220197
1700078400000,1892.7,1903.3,1878.7,1897.6,1031.79598725
1700092800000,1899.9,1917.4,1891.1,1895.7,222.69784478
1700107200000,1897.5,1906.8,1891.3,1895.8,389.59547645
1700121600000,1893.8,1928.3,1875.9,1906.7,981.58019516
1700136000000,1908.3,1908.8,1824,1836.1,1275.56255222
1700150400000,1836.4,1856.8,1788,1812.2,1506.44409884
1700164800000,1811.5,1817.2,1794.1,1807.1,734.48981134
1700179200000,1809,1834.1,1806.8,1828.1,177.1423232
1700193600000,1828.6,1832.3,1815.9,1818.2,256.85880886
1700208000000,1818.9,1827.8,1798.5,1811.2,506.65940568
1700222400000,1810.2,1813.3,1758,1763.3,971.17144854
1700236800000,1763.6,1789.7,1754,1780.1,1038.61162321
1700251200000,1779.2,1805,1778.9,1800.3,661.28220905
1700265600000,1799.6,1800.9,1782,1782.2,70.82545237
1700280000000,1782.7,1786.1,1760.7,1777.3,261.51976706
1700294400000,1775.9,1786.4,1772.1,1776.6,252.00381139
1700308800000,1777.4,1795.4,1772.3,1791.8,261.08360617
1700323200000,1793.8,1810,1793.1,1802.4,348.09173683
1700337600000,1803,1806.4,1791.7,1802.6,182.09176519
1700352000000,1803,1803,1784.2,1795.8,61.635393
1700366400000,1796,1805,1792.2,1801,144.60332978
1700380800000,1800,1805.8,1785.9,1791.9,454.52746048
1700395200000,1792.3,1807.5,1786,1804.5,287.32481973
1700409600000,1805.6,1822.8,1804,1821,635.05800181
1700424000000,1822.7,1848,1813.1,1844.8,645.61609219
1700438400000,1844.8,1847.8,1828.4,1830.6,260.84131907
1700452800000,1832.9,1855.3,1828.3,1851.7,483.27992594
1700467200000,1851.5,1870,1839.5,1854.1,683.84527737
1700481600000,1855.8,1875.4,1822.2,1867.7,635.43888471
1700496000000,1869.2,1890.2,1839.3,1862.1,977.99436956
1700510400000,1861,1866,1843.5,1849.2,440.55714356
1700524800000,1849.6,1859.6,1834.1,1843.6,47.09211145
1700539200000,1843.8,1844.7,1829.7,1831.1,195.59275461
1700553600000,1829.7,1843.6,1828.4,1834.1,360.21374678
1700568000000,1832.1,1840.7,1786,1818.4,962.11081921
1700582400000,1820.6,1850.2,1795.2,1820,1087.67469289
1700596800000,1820.2,1838.7,1771.6,1771.6,561.58320304
1700611200000,1771.6,1812.8,1768.6,1812.8,218.50070602
1700625600000,1813.4,1833.9,1811.4,1825.8,236.30862379
1700640000000,1827.8,1862.7,1825.5,1848.6,527.06599192
1700654400000,1848.8,1875,1844.4,1871.8,681.088875
1700668800000,1872.1,1913,1865.7,1909.3,1573.99472172
1700683200000,1909.6,1920,1890.7,1896.3,988.92542932
1700697600000,1896.5,1902.4,1885.3,1890.5,194.51350678
1700712000000,1889.8,1898.6,1885.4,1894.2,175.48691554
1700726400000,1893.6,1913.3,1872,1891,473.47258541
1700740800000,1891,1899.7,1872,1873.4,354.0922198
1700755200000,1873.9,1896.7,1871.8,1891.8,320.05503228
1700769600000,1893.2,1906,1890.1,1893.5,219.40720701
1700784000000,1891.8,1905,1890.7,1895,45.48879286
1700798400000,1896.7,1910,1893.3,1907.5,148.9072806
1700812800000,1909,1950,1902.8,1923.5,910.49540038
1700827200000,1923.5,1950,1922.1,1937.4,885.55887308
1700841600000,1937,1944.9,1901.3,1907.3,787.19444332
1700856000000,1908.9,1917.6,1891.3,1902.3,391.47768382
1700870400000,1903.4,1912.5,1896.6,1909.6,159.26827263
1700884800000,1909.6,1912.7,1902.8,1911.4,146.79434289
1700899200000,1911.4,1913.2,1891,1895.2,402.18976514
1700913600000,1895.8,1903.9,1892,1902.2,245.94681005
1700928000000,1903,1909.2,1897.9,1907.2,197.73079233
1700942400000,1905.4,1910.5,1903.6,1907.4,146.49391122
1700956800000,1905.2,1907.9,1894,1899.9,46.72104293
1700971200000,1899.4,1914.8,1895.7,1912.3,144.3998769
1700985600000,1912.9,1916.6,1905.7,1908.3,262.16772376
1701000000000,1906.2,1911.8,1887,1890.3,645.93316325
1701014400000,1889.7,1894.2,1865,1885.1,621.28870089
1701028800000,1883.9,1907.8,1883.4,1886.8,453.66284863
1701043200000,1887.6,1896.5,1865.5,1873.6,154.77370411
1701057600000,1871.7,1878.3,1855.1,1868.8,279.88505063
1701072000000,1870.6,1876.7,1842.2,1849.4,612.85223445
1701086400000,1849.9,1855.9,1832,1832,816.31692613
1701100800000,1832.6,1852.7,1814,1822.1,831.26183902
1701115200000,1822.1,1853.3,1814.8,1851.5,348.69977944
1701129600000,1850.8,1861.8,1845,1851.6,73.92220039
1701144000000,1850.8,1853.3,1823.2,1842.5,172.95162489
1701158400000,1843.6,1854,1832.1,1853.3,305.45371725
1701172800000,1854,1860.4,1845,1856.3,394.04185379
1701187200000,1856.6,1888.7,1854.1,1876.1,609.40053459
1701201600000,1875.8,1881.8,1859.3,1863.6,304.70014372
1701216000000,1862.1,1869,1855,1866.1,74.69766757
1701230400000,1867.9,1877.9,1862.5,1873.6,247.24409534
1701244800000,1876.2,1891.6,1865,1870,481.77496037
1701259200000,1870.5,1878.9,1844.3,1852.1,371.64640209
1701273600000,1852.2,1859,1841.7,1856.8,300.21597292
1701288000000,1857.7,1859,1842.3,1850.8,299.695083
1701302400000,1849.4,1859.7,1842.5,1859.1,102.27513864
1701316800000,1858.7,1862.4,1851.7,1860,94.04382914
1701331200000,1860,1875.3,1850.8,1873.6,246.74745914
1701345600000,1875,1880,1857.7,1864.6,633.71553378
1701360000000,1864.9,1878.6,1863.8,1876.2,332.32558207
1701374400000,1876.2,1886.9,1873.7,1883.3,263.76678723
1701388800000,1884.9,1920,1877.6,1919.9,238.21815808
1701403200000,1919.8,1931.8,1913.4,1922.7,548.51845755
1701417600000,1920.9,1937.8,1917.6,1922.7,895.75120277
1701432000000,1922.2,1924.3,1909.9,1919.2,377.33058711
1701446400000,1920.4,1940,1912,1922.3,566.25786051
1701460800000,1923.7,1927.7,1913.8,1918.6,214.59352939
1701475200000,1919.9,1927.4,1917.9,1924.6,44.07975679
1701489600000,1923,1936.5,1921.1,1927.8,169.99093069
1701504000000,1929.2,1937.5,1928.4,1931.5,429.88656319
1701518400000,1929.9,1939.2,1925,1936,282.40986175
1701532800000,1935.3,2007,1928.3,1982.9,2026.07281304
1701547200000,1984.9,1999.4,1977.8,1988,751.25582173
1701561600000,1988.3,2000,1980.1,1985.5,183.69920212
1701576000000,1985.7,1990.2,1978.2,1988.1,167.44796886
1701590400000,1989,1994,1982.1,1986,507.11271293
1701604800000,1984.2,1991,1975.1,1986.5,495.05968898
1701619200000,1986.2,1994.5,1977.3,1993.9,378.70588077
1701633600000,1993.9,2036.8,1990.3,2015.6,1389.57602323
1701648000000,2016.1,2050,2013.9,2032.7,381.92581635
1701662400000,2031.6,2082.5,2031.4,2069.4,889.76902791
1701676800000,2070.2,2092.8,2034.3,2060.6,1658.9872505
1701691200000,2059.5,2076.3,2037,2046.5,984.93584091
1701705600000,2046,2065.2,2041.5,2062.2,700.47783867
1701720000000,2062.5,2080,2048.1,2068.9,582.94578535
1701734400000,2067.2,2077.8,2051.6,2056.8,109.3303079
1701748800000,2058.3,2064.4,2023.3,2036.8,569.09713978
1701763200000,2036.5,2042.1,2023.6,2038.5,779.97403501
1701777600000,2038.7,2066.9,2030.1,2063.1,865.24756925
1701792000000,2062.8,2139,2055.9,2106,2519.08521884
1701806400000,2106,2130.6,2085.5,2124.6,1298.30263729
1701820800000,2124.7,2140.9,2107.9,2113.9,425.60218084
1701835200000,2115.1,2116.8,2091.3,2100.3,532.24875025
1701849600000,2100.4,2121.1,2070.5,2090.2,1045.1753299
1701864000000,2091.3,2106.5,2082.1,2089.4,715.24183903
1701878400000,2089,2118.6,2085,2102.3,772.88443892
1701892800000,2102,2105.5,2063,2071.9,855.00517747
1701907200000,2073.8,2091,2071.7,2090.3,134.13535589
1701921600000,2090.4,2110.1,2090.4,2097.3,288.74203185
1701936000000,2098.7,2105,2060,2076.4,1013.43351393
1701950400000,2076.4,2160.5,2072,2153.3,968.08885164
1701964800000,2152.9,2181.5,2147.3,2164,1466.78292013
1701979200000,2164,2208.4,2162.4,2186.8,1107.6667993
1701993600000,2185.8,2213,2181.1,2201,213.81503699
1702008000000,2200.9,2217.6,2182.3,2184,536.78365169
1702022400000,2182.6,2202.8,2177.5,2195.9,822.35846412
1702036800000,2193.3,2211,2177.9,2180.3,987.4284793
1702051200000,2180.4,2197.6,2177.6,2188.5,725.51027393
1702065600000,2189.1,2209.8,2186.9,2192.1,750.85283445
1702080000000,2194.2,2204.4,2185,2193.9,351.40600234
1702094400000,2194.2,2218.2,2193.4,2216.9,715.08217481
1702108800000,2216.9,2234.3,2185.5,2191.5,895.41922939
1702123200000,2192.8,2205.5,2174.4,2196.9,724.9251442
1702137600000,2199,2201.7,2178,2191.2,399.70679042
1702152000000,2193.1,2196.7,2165,2177.6,421.92107647
1702166400000,2175.7,2190.3,2175.2,2186,107.05529401
1702180800000,2184.7,2192.4,2180,2188.7,112.72364701
1702195200000,2187.6,2190.9,2157.6,2174.3,657.64550511
1702209600000,2174.3,2191,2172.2,2186.5,335.6452987
1702224000000,2187.9,2195,2175.7,2191.1,286.45184409
1702238400000,2191.4,2212.9,2178.7,2185.5,513.00135874
1702252800000,2185.5,2189,2000.4,2093.6,956.79139487
1702267200000,2092.4,2095.4,2070,2081.1,975.21079993
1702281600000,2080,2093.1,2072.1,2090.4,852.93395301
1702296000000,2090.2,2092.4,2049.6,2064.6,1314.67351126
1702310400000,2064.6,2067.3,2002.8,2031.2,2698.23139654
1702324800000,2030.6,2068.3,2024.4,2066.4,1304.68685597
1702339200000,2065.5,2084.3,2063.6,2072.8,567.87587097
1702353600000,2072.4,2078.1,2054,2073.4,535.89684626
1702368000000,2073,2075.4,2043.6,2045,796.54842626
1702382400000,2045.4,2067.5,2026.6,2033.5,1121.76198671
1702396800000,2032.6,2037.4,2006.7,2019,1090.78615062
1702411200000,2018.9,2042.4,2006.7,2039.3,812.22744303
1702425600000,2039.9,2043,2000,2008,582.88887473
1702440000000,2005.6,2019.6,1991.2,2013.6,639.55326433
1702454400000,2013.4,2025.6,2010.5,2012.5,744.74736491
1702468800000,2012.5,2063,2011.8,2054.2,965.52675045
1702483200000,2054.3,2074.6,2039.8,2070,1786.9325304
1702497600000,2070.2,2100,2064.4,2077.5,1448.25929684
1702512000000,2077.5,2079.3,2061.5,2065.3,207.29754243
1702526400000,2065.2,2099.5,2061.7,2098.9,429.7771419
1702540800000,2099,2112.3,2084.2,2111.7,717.5147253
1702555200000,2111.7,2120.6,2039.6,2070.7,1556.05252132
1702569600000,2070.9,2102,2070,2087.4,568.46712352
1702584000000,2087.6,2121.3,2078.2,2106.8,379.88701656
1702598400000,2106.6,2109.7,2070,2074.1,246.9971545
1702612800000,2075,2077.5,2055,2067,447.24986084
1702627200000,2066.9,2087.4,2061.8,2072.1,589.94468491
1702641600000,2072.3,2073,2040,2045.2,648.1132782
1702656000000,2045.2,2064.5,2043.5,2058.4,386.06855681
1702670400000,2058.4,2069.2,2025,2040,444.67183354
1702684800000,2040.2,2072.5,2032.2,2071.7,220.58567547
1702699200000,2070.4,2070.4,2056.6,2059.8,151.89013111
1702713600000,2059.8,2071.5,2058,2071.1,269.42306482
1702728000000,2071.4,2076.8,2060,2072.2,353.79019972
1702742400000,2072.7,2078.6,2049.4,2054.1,457.56060106
1702756800000,2054.4,2059.8,2040,2048.9,348.52399893
1702771200000,2048.9,2052.3,2041.5,2048.4,47.11811387
1702785600000,2047.4,2047.4,2024,2029.3,158.54916296
1702800000000,2028.9,2039.9,2025.9,2035.6,299.48876681
1702814400000,2036.2,2043.7,2020.7,2040.5,310.88518104
1702828800000,2041,2059,2030.8,2052.1,387.1238347
1702843200000,2051.9,2063.8,2012.5,2016.3,360.2706487
1702857600000,2016.9,2022.8,1984.8,1993.8,561.53536135
1702872000000,1993.2,2000.9,1983.9,1986.6,464.2909504
1702886400000,1986.1,1994.1,1941,1962.8,1197.23154995
1702900800000,1962.8,1989.9,1949.4,1975,712.15091116
1702915200000,1976.3,1995.3,1968.6,1993.1,522.81827973
1702929600000,1993.3,2037.7,1986.2,2032,732.77072697
1702944000000,2032.8,2061,2025.5,2046.4,427.51283096
1702958400000,2047,2062.2,2042.6,2058,529.84568569
1702972800000,2058.1,2063.5,2044.2,2044.8,487.02482157
1702987200000,2045.5,2047.3,1987.4,1996.3,1059.5086357
1703001600000,1996.2,2009,1945.5,1984.4,1412.13493345
1703016000000,1984.3,1995,1975,1984.8,492.12759997
1703030400000,1985.3,1996.4,1981.4,1994.4,146.01036254
1703044800000,1994.9,2028.1,1992.3,2021.4,428.61244471
1703059200000,2022.5,2029.9,2012.9,2020.4,672.75800438
1703073600000,2020.5,2065,2013.8,2047.6,1214.80081642
1703088000000,2047.9,2049.5,2002.8,2013.3,1001.02996092
1703102400000,2013.2,2014.9,1972,2013,898.12042472
1703116800000,2013,2013,1994.4,2010.6,152.73245513
1703131200000,2010.4,2027,2002,2024.1,325.80954401
1703145600000,2024,2055.7,2015.8,2053.2,732.26267207
1703160000000,2053,2075.1,2004.7,2032.3,1135.44586673
1703174400000,2032.3,2046,2019,2025.1,822.32936377
1703188800000,2025.2,2056.7,2017.4,2037.1,837.03859818
1703203200000,2037.8,2056.6,2030,2046,325.20385537
1703217600000,2046.5,2090.3,2042.5,2065.4,992.60664513
1703232000000,2066.9,2121.3,2063.8,2104.2,1698.61133472
1703246400000,2103.3,2126,2080,2110.1,1463.3938798
1703260800000,2109.6,2127.4,2096.8,2100.1,843.69901198
1703275200000,2099.6,2116,2095,2113.7,771.24229079
1703289600000,2114,2118.8,2061,2066.1,508.07723578
1703304000000,2067.2,2088.1,2061,2078.9,222.04983929
1703318400000,2079.4,2089,2077.1,2083.4,635.03294453
1703332800000,2083.4,2095.9,2082.1,2083.4,367.9926485
1703347200000,2083.2,2106.5,2080.3,2086,586.2598985
1703361600000,2086.2,2107.3,2080,2101.3,727.34480009
1703376000000,2101.3,2115.8,2089,2108.2,436.78914354
1703390400000,2108.5,2111.6,2069.2,2087.3,464.48093098
1703404800000,2087.3,2093.1,2069.5,2083.4,1004.14591527
1703419200000,2084.2,2102.4,2081.7,2088.4,671.29204266
1703433600000,2088.9,2092,2078.3,2084.3,424.32092566
1703448000000,2084.6,2084.6,2042,2062,1243.82025208
1703462400000,2062.6,2073.1,2052.5,2072.8,688.79406651
1703476800000,2073,2085.8,2072.1,2077,218.96522401
1703491200000,2076.2,2083.2,2065,2077.9,776.93406507
1703505600000,2077.8,2099.1,2070.4,2076.1,856.13829721
1703520000000,2076.6,2078.2,2060.5,2065.1,440.49127833
1703534400000,2065.1,2077.3,2050.9,2063.7,577.30689827
1703548800000,2063.2,2065.9,2057,2060.1,153.58436488
1703563200000,2059.2,2063.2,2017.1,2038.3,510.7939463
1703577600000,2037.8,2041.4,2016.9,2036.9,822.42029877
1703592000000,2036.8,2043.7,2018.1,2021.9,635.12857947
1703606400000,2021.9,2024.7,1975.4,2004,1239.79961415
1703620800000,2003.4,2023.8,2001.7,2022.9,458.05839109
1703635200000,2023.5,2025.7,2008.8,2011,109.09655157
1703649600000,2011.9,2022.1,2010.6,2020.8,184.00015246
1703664000000,2020.9,2074.9,2019.2,2068.1,938.61527589
1703678400000,2068.2,2122,2058.7,2110.8,2336.87498482
1703692800000,2111.3,2140,2102.8,2116.7,1978.95723147
1703707200000,2116.7,2155,2113.8,2143.9,1276.31519264
1703721600000,2144.5,2200.4,2143.1,2171.1,1289.41455218
1703736000000,2170.6,2183.4,2129.5,2142.6,799.28714557
1703750400000,2144.3,2169,2136.3,2163,934.72004065
1703764800000,2163,2172.2,2113.7,2124.3,1793.09399505
1703779200000,2124.3,2151.1,2120.7,2136.2,937.57428175
1703793600000,2136.1,2137.4,2113.8,2119.9,735.41690108
1703808000000,2120.2,2136.4,2087.5,2127.7,749.69875739
1703822400000,2127.5,2133.2,2107.4,2109,285.5724033
1703836800000,2108.4,2150.7,2108.3,2143.6,886.76420201
1703851200000,2143.6,2170,2101.1,2113.5,1344.62420734
1703865600000,2111.9,2117.2,2070,2103.2,2275.42847147
1703880000000,2103.1,2103.1,2048.6,2087.9,1353.33739471
1703894400000,2087.7,2094,2074,2084.1,462.04979059
1703908800000,2083.5,2093.3,2080.6,2082,255.61111849
1703923200000,2081.3,2083.7,2058.1,2076.4,912.2128446
1703937600000,2077.7,2103.1,2073.3,2100.8,783.78533196
1703952000000,2100.6,2108.6,2084.4,2087.1,550.22480101
1703966400000,2087.1,2091.5,2052,2080.7,699.08519687
1703980800000,2081,2092.2,2068.6,2074.1,224.36880436
1703995200000,2074.1,2092.5,2069.3,2084.2,126.19897868
1704009600000,2084.5,2104,2080,2095.6,615.86832728
1704024000000,2095.6,2108,2078.4,2085.5,673.14398402
1704038400000,2085.6,2094.4,2076.6,2080,480.39383582
1704052800000,2079.5,2079.7,2047.1,2072.3,893.89747376
1704067200000,2072.4,2095.6,2064,2066.3,269.84146636
1704081600000,2064.6,2076.8,2057.7,2075.3,164.37060818
1704096000000,2075.2,2091.3,2070,2090.6,302.24271144
1704110400000,2091.2,2102.7,2083.3,2100.4,379.54575895
1704124800000,2100.3,2124.4,2093,2121.5,1047.04073173
1704139200000,2121.3,2133,2105.9,2133,804.67733326
1704153600000,2132.8,2171.1,2128.2,2165.4,751.53899134
1704168000000,2167.7,2171.3,2153.5,2168,581.1378676
1704182400000,2167.4,2206,2160.7,2181.3,1666.25716141
1704196800000,2181.5,2197.7,2148,2156.8,1444.8009425
1704211200000,2156.2,2169.5,2146.4,2166.2,1033.64688109
1704225600000,2166.2,2175.5,2142.5,2154.6,826.93998168
1704240000000,2155,2178,2148,2162.7,165.8545604
1704254400000,2162.6,2174.6,2151.8,2156.7,258.51884053
1704268800000,2155.9,2180.5,2103.2,2116.4,1088.78264517
1704283200000,2116.6,2116.6,1950,2058,4765.73840325
1704297600000,2057.9,2064.5,2016.1,2026.3,1544.93274629
1704312000000,2024.5,2051.7,2019.1,2030.2,759.34838451
1704326400000,2029.3,2053.4,2022.5,2045.6,189.16467572
1704340800000,2046.9,2059.4,2033.2,2036.5,354.83624437
1704355200000,2035.8,2040,2015,2038.4,941.65675428
1704369600000,2038.2,2087,2033.6,2081.4,1399.23832045
1704384000000,2081.2,2098.8,2064.1,2081.9,1040.87368082
1704398400000,2082,2101,2070.8,2075.1,767.49426809
1704412800000,2075.1,2080.6,2023.1,2053,453.48266052
1704427200000,2052.6,2075,2046.7,2064.8,442.14569516
1704441600000,2065,2083.3,2050.7,2056.4,600.15311638
1704456000000,2056.6,2067.9,2023.6,2030.1,1521.26905818
1704470400000,2029.4,2050,2017.9,2044.6,921.41421251
1704484800000,2045.3,2084,2044.8,2076.4,684.10850703
1704499200000,2076.6,2077.7,2060.8,2063.8,121.07246232
1704513600000,2063,2063.7,2029.4,2044.5,214.35933365
1704528000000,2044.5,2051.5,2041.3,2050,366.63147921
1704542400000,2050,2059.9,2041.1,2058.1,459.57822359
1704556800000,2058.1,2065.2,2050.2,2056.4,306.87375807
1704571200000,2056.7,2059.5,2044,2052.2,242.73919845
1704585600000,2052.6,2064.4,2047.2,2053.1,183.31710157
1704600000000,2053.6,2060.8,2052,2059.5,153.90159855
1704614400000,2059,2063.6,2043.2,2049.3,412.64642335
1704628800000,2049.6,2067.9,2036.4,2043.9,558.71248654
1704643200000,2043.9,2060.5,2037,2059.6,373.37332945
1704657600000,2059,2063.7,2019,2033.3,917.82194751
1704672000000,2032.3,2034.8,1984.1,2006.9,575.96747261
1704686400000,2006.2,2038.2,2003.5,2033.7,631.03930881
1704700800000,2034,2050.7,2018,2050,646.97820203
1704715200000,2049.6,2083.8,2049.6,2073.7,1346.30815392
1704729600000,2072.9,2153.8,2061.9,2148.9,1984.07325628
1704744000000,2149,2152.3,2123.6,2130,1205.06179914
1704758400000,2130.1,2133.4,2090.6,2108.9,385.83169929
1704772800000,2107.1,2117.8,2099.2,2106.5,371.31733757
1704787200000,2106.7,2114.1,2091,2106.7,680.59076996
1704801600000,2105.3,2110.8,2039.1,2069.2,1923.09732786
1704816000000,2070.2,2088,2055.2,2081.5,936.56947517
1704844800000,2146.2,2197,2142.5,2163.2,1204.41454866
1704859200000,2164.3,2190.1,2158.7,2168.9,918.57031263
1704873600000,2168.9,2221,2161.7,2197,2219.15569093
1704888000000,2196.3,2244.9,2142.4,2235.4,3617.01870784
1704902400000,2237.1,2269.4,2193.7,2263.3,3714.2297913
1704916800000,2263,2411.8,2205.5,2358.2,7214.88397634
1704931200000,2359,2383,2339.1,2381.9,1105.37529561
1704945600000,2381.8,2398.4,2344.1,2361,1919.19070392
1704960000000,2362.5,2440.4,2360.9,2422.3,2698.32885627
1704974400000,2422.4,2460.4,2370,2386.8,5206.28285154
1704988800000,2386.8,2398.5,2344.4,2388.6,2541.47744374
1705003200000,2389.5,2403.9,2360.1,2385.5,1257.83566105
1705017600000,2386.8,2390,2351.9,2360.6,648.42940346
1705032000000,2361,2392.6,2357.9,2367.5,821.21927172
1705046400000,2367.9,2436.6,2354.2,2419.2,1934.52072654
1705060800000,2418.6,2476.8,2404.8,2413.8,4477.74662385
1705075200000,2413.9,2450.6,2340,2358.3,3563.12587994
1705089600000,2358,2372.5,2244.3,2308.9,2896.64584938
1705104000000,2307.9,2339.1,2285,2330.8,452.07941839
1705118400000,2331.5,2346.7,2322.3,2338.1,453.69282727
1705132800000,2338.4,2347.2,2308,2326.6,1142.429643
1705147200000,2326.2,2349.4,2317.6,2347.4,670.20054166
1705161600000,2347.7,2362.7,2334.8,2355.1,644.42049901
1705176000000,2355.7,2379,2346.9,2360.3,838.50420141
1705190400000,2359.7,2360.6,2332.4,2332.5,171.31626613
1705204800000,2332.1,2336.5,2324.6,2332.9,298.69397811
1705219200000,2332.9,2336.4,2316.8,2319,849.73498808
1705233600000,2318.3,2326.9,2308.2,2319.9,446.31944866
1705248000000,2319.3,2325.2,2284.2,2284.7,823.7788746
1705262400000,2285.2,2313.9,2256.8,2261.2,881.21026908
1705276800000,2260.2,2294.2,2257.8,2284.2,375.28069643
1705291200000,2286.5,2300.6,2285.3,2295.5,237.95331737
1705305600000,2296.1,2324.7,2288.8,2321.1,760.6064099
1705320000000,2321.7,2329.2,2291.6,2297.9,797.05661148
1705334400000,2297.8,2333,2297.5,2315.9,768.23132983
1705348800000,2315.5,2320,2285,2294.8,529.92870465
1705363200000,2294.5,2324.7,2291.2,2324.7,218.15790442
1705377600000,2324.8,2328.9,2311.6,2315.6,264.39752713
1705392000000,2315.6,2338.8,2312.2,2322.5,662.44671639
1705406400000,2322.4,2361.7,2299.3,2350.8,966.23154477
1705420800000,2350.5,2371.3,2341.5,2369.2,975.20792543
1705435200000,2370.8,2405.7,2365.7,2379.4,1115.46939374
1705449600000,2379.4,2384.4,2366.4,2367,152.40371572
1705464000000,2367.4,2369.5,2346.1,2347.6,396.2018117
1705478400000,2347.4,2349.3,2330.8,2336.2,632.51863384
1705492800000,2336.6,2370.9,2328.5,2340.3,1123.36895074
1705507200000,2341.7,2342.7,2317.2,2328.8,666.60056503
1705521600000,2328.9,2337,2302.8,2324.1,806.42700581
1705536000000,2323.7,2325,2302.6,2320.4,124.72120388
1705550400000,2322,2329.8,2316.7,2329.8,243.46632768
1705564800000,2328.9,2340.4,2307.6,2316,444.22617313
1705579200000,2314.8,2332.6,2300.1,2326.6,680.37786292
1705593600000,2327.3,2327.3,2235.3,2245.2,1849.11152747
1705608000000,2244.7,2272.8,2232,2270.8,904.38319779
1705622400000,2271.8,2274.1,2244.6,2258.4,138.90861582
1705636800000,2258.2,2272.8,2255.8,2265.1,288.5286267
1705651200000,2265.1,2292.4,2260.7,2285.6,709.41220686
1705665600000,2285.1,2296.3,2260.2,2261.9,851.41105927
1705680000000,2262.4,2299.3,2215,2289,1834.6824593
1705694400000,2289.6,2299.9,2277.7,2287.3,441.61464362
1705708800000,2287.4,2287.4,2272.4,2278.4,86.9541441
1705723200000,2277.9,2283,2272.1,2276.1,155.97013457
1705737600000,2276.2,2277.8,2261.1,2267.1,370.60960541
1705752000000,2267.5,2271.6,2257.7,2261.6,225.26870667
1705766400000,2261.2,2265.5,2252.4,2259.2,252.48474735
1705780800000,2259.2,2270.3,2257.9,2268.8,261.14875427
1705795200000,2268.9,2276.5,2261.3,2271.2,111.11824693
1705809600000,2269.3,2271,2263.3,2270.9,45.86223053
1705824000000,2271.9,2277.5,2268.5,2270.4,350.87558776
1705838400000,2269.5,2278.3,2261.9,2265.7,332.49162421
1705852800000,2265.6,2275.8,2262.2,2271.7,261.96999852
1705867200000,2271.9,2272.8,2251.6,2255.2,234.20246336
1705881600000,2254.2,2262.2,2223.8,2234,304.56999115
1705896000000,2234.7,2234.7,2204,2219.4,467.88881314
1705910400000,2219.4,2219.4,2167,2186.7,1236.79494008
1705924800000,2185.4,2206.3,2159.8,2183.8,1361.0746041
1705939200000,2184.1,2189.4,2115.7,2131.4,1230.00252594
1705953600000,2131.3,2160.3,2112.3,2123.9,906.72397393
1705968000000,2123.5,2149.3,2122.9,2145.2,275.48325812
1705982400000,2145.8,2156.1,2121.1,2129.1,359.85551541
1705996800000,2128.9,2132.1,2028.8,2040.6,2366.37670224
1706011200000,2040.3,2061.1,1994.2,2049.2,2143.6771514
1706025600000,2049.3,2059.4,2013.5,2015.8,1480.02918381
1706040000000,2015.8,2070,2013.5,2066.9,657.36308177
1706054400000,2066.3,2077.8,2037,2038.7,273.95087132
1706068800000,2039.3,2065.9,2038.7,2055.3,553.5376993
1706083200000,2055.6,2078,2050.1,2061.4,1195.59578079
1706097600000,2060.6,2065.2,2031.6,2051.6,912.46562003
1706112000000,2051.5,2059.6,2026.1,2033.2,691.44174596
1706126400000,2033.6,2058.2,2020,2054.5,450.69236468
1706140800000,2053.6,2059,2029.2,2038.4,126.67314298
1706155200000,2038.6,2047.5,2027.1,2047.1,294.20550374
1706169600000,2047.4,2059.9,2036.3,2048.7,593.02634922
1706184000000,2049.9,2051.7,2015.2,2020.5,962.47747229
1706198400000,2020.6,2054,2005.5,2047.3,695.66310146
1706212800000,2047.8,2056.6,2040.2,2043,667.30622966
1706227200000,2043.9,2060.6,2038.3,2048.9,105.17987015
1706241600000,2049.6,2055.3,2029,2030.4,281.97521865
1706256000000,2030.1,2079.9,2029.1,2073.4,1050.61662405
1706270400000,2074.1,2084,2056.2,2080,715.74072786
1706284800000,2079.8,2102.3,2075,2082.5,1090.67055271
1706299200000,2082,2094.9,2077.1,2091.1,407.8281404
1706313600000,2091.6,2105,2089.4,2097.8,126.59053128
1706328000000,2098.9,2099.6,2078.1,2082.2,98.71443554
1706342400000,2081,2095.7,2076.1,2090.2,264.78290474
1706356800000,2090.2,2098.4,2086.6,2093.6,268.57537159
1706371200000,2094,2100,2087.2,2095.9,267.22770781
1706385600000,2096.3,2099.5,2087.1,2091.5,360.91741893
1706400000000,2091.8,2110.5,2087.5,2109.2,92.14227156
1706414400000,2109.2,2126.9,2104.6,2105.5,246.46995077
1706428800000,2105.9,2123.7,2101.2,2105.9,369.19982238
1706443200000,2106.3,2108.7,2087.2,2093.1,332.69404205
1706457600000,2093.9,2099,2072.1,2078,326.28502356
1706472000000,2077.3,2088.4,2066.5,2082.5,230.53801593
1706486400000,2082.2,2100.4,2076.3,2095.9,78.18418347
1706500800000,2095.4,2096.4,2082.2,2084.8,124.78316945
1706515200000,2085.8,2105,2081,2093.1,251.28328816
1706529600000,2093.1,2108.1,2069.1,2108.1,364.18029598
1706544000000,2107.9,2141.3,2097.1,2120.5,904.21588983
1706558400000,2121.7,2144.3,2115.7,2140.1,429.83891293
1706572800000,2140.8,2148.8,2126.9,2133.4,95.6419842
1706587200000,2134,2139.8,2128.1,2134.7,303.17419599
1706601600000,2134,2137.8,2127.2,2135.4,393.45181909
1706616000000,2135.5,2165.1,2119.3,2159.5,811.82438748
1706630400000,2160.4,2196.6,2154.9,2191.4,1455.95155436
1706644800000,2191.1,2206.8,2155.6,2161,749.1226321
1706659200000,2161.2,2168.7,2148.3,2166.3,178.0737137
1706673600000,2167,2168,2153.7,2165,285.84312555
1706688000000,2163.9,2165.4,2106.5,2122.5,897.88993081
1706702400000,2122.5,2146.9,2107.7,2145.9,461.70224577
1706716800000,2145.8,2165,2132.1,2141.1,1068.85480619
1706731200000,2141.8,2142.3,2092.7,2112.9,986.00416758
1706745600000,2113.2,2118.9,2075.2,2088.4,234.46838958
1706760000000,2087.5,2111.4,2084.6,2104.2,263.14613426
1706774400000,2104.1,2109.6,2095,2095.1,401.35067362
1706788800000,2095.9,2132.5,2092.4,2114.9,794.23331488
1706803200000,2114.9,2129.2,2091.7,2120,292.78037841
1706817600000,2121,2125.8,2104.1,2119.6,233.1434115
1706832000000,2120.2,2132.3,2115,2117.2,82.19379867
1706846400000,2117.2,2131.6,2112.6,2126.8,238.076734
1706860800000,2127.2,2131.4,2116.4,2131.2,305.70782455
1706875200000,2131.2,2144.5,2112.4,2140,815.23170924
1706889600000,2141.3,2149.3,2119.5,2130.7,456.0830115
1706904000000,2132.9,2140,2125.8,2139,348.19933022
1706918400000,2139.3,2157,2136.6,2150.6,120.88649836
1706932800000,2150.5,2153.7,2142.8,2143.6,143.94145645
1706947200000,2143.5,2146.6,2131.5,2135.5,245.91628933
1706961600000,2135.5,2141.1,2125.4,2136.1,214.74286789
1706976000000,2136.1,2144.1,2127.9,2134.9,166.0566128
1706990400000,2134.8,2137,2126.2,2128.9,110.58083191
1707004800000,2128.9,2137.6,2124.5,2134.4,63.73158998
1707019200000,2134.8,2134.8,2120.1,2123,92.66972915
1707033600000,2123.6,2140.3,2120,2137.7,209.53761785
1707048000000,2137.1,2141.2,2129.9,2133.6,139.84440533
1707062400000,2133.3,2139.1,2104,2115,288.34666967
1707076800000,2113.7,2142.7,2110,2123.6,674.20687913
1707091200000,2123.6,2130.8,2106,2129.2,89.65124189
1707105600000,2129.1,2144,2123.4,2141.7,193.34339065
1707120000000,2142.1,2166,2142.1,2163,401.18781977
1707134400000,2162.9,2172.9,2138,2141.9,610.1053273
1707148800000,2141.7,2151,2133.6,2144.3,411.18135593
1707163200000,2144.6,2145.1,2126,2142.4,406.20354689
1707177600000,2142.6,2165.8,2139.6,2156.1,95.08002314
1707192000000,2156.8,2163.4,2146.8,2162.3,139.78839
1707206400000,2163,2181,2158,2163.3,870.65318689
1707220800000,2163,2185.3,2154.7,2179.1,878.75223818
1707235200000,2180,2213.5,2176.8,2212.6,825.25798243
1707249600000,2212.9,2228,2204,2205.9,1638.91461774
1707264000000,2206.4,2222,2197.1,2197.3,126.65860192
1707278400000,2197.6,2200.7,2190.3,2193.1,192.46424596
1707292800000,2192.8,2207.7,2187.1,2193.4,304.78599149
1707307200000,2194,2214.6,2193.1,2201.4,474.94710498
1707321600000,2202.9,2249.5,2201.9,2244.6,1421.88070886
1707336000000,2244.8,2268,2244.8,2248.3,838.14022612
1707350400000,2249.2,2265,2247.8,2254.4,142.66342458
1707364800000,2254.6,2255.7,2235,2244.1,357.58028987
1707379200000,2244.5,2253.3,2244.5,2252.5,608.91282572
1707393600000,2252.6,2287,2246.2,2278.5,901.91384244
1707408000000,2278.9,2279.9,2240,2246.6,855.94272138
1707422400000,2247.9,2256.7,2244,2244.5,424.46744652
1707436800000,2244.5,2285.8,2244,2270.4,209.79195386
1707451200000,2271.7,2285,2264.7,2274.6,345.70285695
1707465600000,2274.6,2329,2274.2,2324.9,1139.69350074
1707480000000,2324.1,2342.8,2294.3,2311.2,2550.28564378
1707494400000,2311.3,2337.1,2295.5,2302.5,1094.08177414
1707508800000,2303.1,2318.2,2283.7,2286.2,735.54350203
1707523200000,2287,2320,2281.8,2316.8,614.62981016
1707537600000,2317,2319.7,2308.1,2309.3,200.35107014
1707552000000,2309.4,2312.2,2268.2,2286.7,1343.18807521
1707566400000,2286.6,2304.5,2285,2299,425.82242026
1707580800000,2298.1,2305.8,2291.7,2305.5,397.92297285
1707595200000,2305.9,2323.4,2298.8,2307.1,719.9022933
1707609600000,2306.4,2323,2301.2,2322.9,141.47776787
1707624000000,2325,2330,2307.2,2329.8,603.06602385
1707638400000,2329.9,2337,2316.8,2333.8,722.98171026
1707652800000,2332.5,2335.1,2311,2315.7,447.20160449
1707667200000,2315.5,2326.6,2306,2313.3,409.34749053
1707681600000,2313.3,2319.5,2302,2314.5,361.37936374
1707696000000,2314.3,2328.7,2303.7,2312.2,268.38492548
1707710400000,2312.7,2315.4,2294.7,2313.5,493.02013992
1707724800000,2313.8,2322.8,2294.1,2308.7,488.97934326
1707739200000,2308.7,2384.6,2303.8,2375.9,1391.68946567
1707753600000,2376,2437.3,2353.3,2415.6,3256.73813985
1707768000000,2416.8,2468.1,2416.8,2464.7,2097.34195475
1707782400000,2465.5,2488,2443,2445.7,1075.57922257
1707796800000,2446.8,2460.3,2445.1,2456.5,573.19797805
1707811200000,2455.8,2492,2455.2,2488.1,1174.30954169
1707825600000,2488.5,2491.8,2416.8,2453.1,2524.64084727
1707840000000,2453.7,2462.6,2417.7,2441.6,1191.75441095
1707854400000,2442.1,2475.6,2441.9,2466.5,668.62749517
1707868800000,2466.9,2467.9,2446,2462.1,89.42995626
1707883200000,2462,2480.1,2447.2,2479.8,339.43290103
1707897600000,2479.6,2577.9,2475.6,2572.7,3749.18853469
1707912000000,2573.3,2586.1,2549,2563.5,1624.25000579
1707926400000,2564.1,2577.7,2541.8,2574.4,973.80421266
1707940800000,2574.2,2600,2568.9,2588.6,829.92528399
1707955200000,2589,2634.5,2584.2,2614,1216.26613577
1707969600000,2614.3,2614.9,2574.9,2586.8,901.2082484
1707984000000,2586.5,2614.2,2582,2604.8,910.64311277
1707998400000,2604.7,2660,2587.5,2627.4,2024.16477397
1708012800000,2627.6,2642,2606.5,2634.5,1214.56994874
1708027200000,2634.2,2643.4,2587.5,2621.2,1392.95523283
1708041600000,2621.3,2654.6,2620.1,2647,367.66377479
1708056000000,2645.4,2650.4,2611.3,2615,431.94243164
1708070400000,2615.7,2632.6,2596,2621.8,1075.20651773
1708084800000,2621.9,2648.9,2550.1,2577.7,1917.31214699
1708099200000,2577.5,2607.4,2559.6,2565.4,863.16896593
1708113600000,2564.4,2610,2562.5,2602.6,541.32922453
1708128000000,2603.3,2605.3,2580.6,2594.2,124.69609726
1708142400000,2594.7,2598.8,2582.3,2596.3,142.88488177
1708156800000,2595.6,2595.7,2568.8,2581.9,428.94068472
1708171200000,2581.7,2587,2521.3,2554.5,1565.83188495
1708185600000,2554.3,2577.3,2543.3,2575.5,712.84070187
1708200000000,2575,2600.8,2573.3,2587.5,377.71588892
1708214400000,2587.5,2599,2568.7,2583.6,244.71340993
1708228800000,2584.1,2605.9,2581.5,2599.7,266.95761407
1708243200000,2600.6,2621.9,2597,2604.5,1105.84324796
1708257600000,2604.7,2613.1,2586.6,2607.1,635.89862802
1708272000000,2607,2641.9,2595.1,2627.2,783.41676405
1708286400000,2626.2,2687,2615.9,2671.1,1124.79479526
1708300800000,2672.2,2682.4,2649.8,2679,214.8332203
1708315200000,2677.8,2718.9,2673.4,2716.8,1124.1616903
1708329600000,2716,2717.4,2688.9,2706.1,991.71974946
1708344000000,2705.9,2711.8,2681.8,2701.9,1342.10401467
1708358400000,2701.8,2740,2682.1,2723.3,1368.23486259
1708372800000,2723.7,2770,2715.9,2732.9,1089.05652199
1708387200000,2733.8,2744.2,2699,2701,291.27136229
1708401600000,2700.8,2726.1,2698.2,2711,487.86487077
1708416000000,2713.1,2726.5,2665,2719.6,1752.02181535
1708430400000,2719.6,2776,2681.1,2704.6,2687.53893745
1708444800000,2706,2767,2671.4,2765.9,1556.07029272
1708459200000,2766,2805.2,2745.8,2788.4,1343.70753276
1708473600000,2789.2,2791.1,2765,2778.1,188.91180765
1708488000000,2778.8,2783,2705.6,2720.5,651.21014872
1708502400000,2721.9,2736.9,2675.9,2685.6,1863.50347232
1708516800000,2685.6,2711.8,2656.8,2697.4,1591.69583825
1708531200000,2699.3,2716,2671.9,2696,955.82564711
1708545600000,2696.7,2756,2684.1,2746.4,836.2075428
1708560000000,2745.1,2745.1,2685,2712.2,201.16630693
1708574400000,2712.1,2763.5,2699.7,2759.7,792.31344502
1708588800000,2760.5,2795.8,2740.6,2755.7,1630.89348088
1708603200000,2756.1,2772.3,2707.1,2764.1,1078.98076519
1708617600000,2762.4,2772.9,2738.9,2760.2,692.22192462
1708632000000,2760.5,2804.9,2743.2,2745.3,879.0399902
1708646400000,2745.4,2766.7,2710.8,2727.4,171.31314602
1708660800000,2729.8,2743.1,2700.5,2709.7,457.81801813
1708675200000,2710,2725.1,2693,2720,917.89011761
1708689600000,2720,2734.8,2692.9,2695.6,873.31575561
1708704000000,2695,2726.8,2685.5,2721.1,707.13610002
1708718400000,2720.7,2728.7,2685,2698.8,369.47922766
1708732800000,2699.4,2711.5,2685,2707,273.9568758
1708747200000,2706.4,2739.2,2706.4,2737.7,329.02843193
1708761600000,2737.8,2741.5,2723.9,2734.7,451.08699718
1708776000000,2735.5,2740,2727.4,2731.2,268.27591198
1708790400000,2729.7,2776,2729.7,2758,632.03073582
1708804800000,2758.4,2767,2752,2763.7,353.32654897
1708819200000,2764.1,2810,2755.5,2790,400.29537845
1708833600000,2789.7,2812.2,2778,2797.3,446.21375518
1708848000000,2797.2,2810,2780.3,2808.4,665.73801538
1708862400000,2809.2,2838,2796.7,2811.6,1198.88857225
1708876800000,2811,2850,2798.2,2845,1309.29850786
1708891200000,2844.8,2880.9,2844.8,2877.5,1377.90489502
1708905600000,2879.2,2896.9,2853.3,2873.4,339.98249674
1708920000000,2872.3,2878.5,2849.5,2850.4,644.95900788
1708934400000,2850.1,2866.1,2803,2818.4,1314.78043538
1708948800000,2818.4,2897.5,2800,2897.5,1256.85465229
1708963200000,2897.5,2931.9,2882.2,2927.8,2855.72143617
1708977600000,2925.8,2944.7,2838,2919.5,1904.08794169
1708992000000,2919.3,2998.5,2910.9,2956.7,1559.02478214
1709006400000,2960,2984.3,2946.5,2960.9,1461.84177227
1709020800000,2959.8,3013.7,2959.8,2998.3,2068.39339782
1709035200000,2998.5,3028.4,2964.3,2974.4,2101.36901832
1709049600000,2975.6,3006.4,2951.5,2997.2,1704.0080732
1709064000000,2997.7,3013.3,2982.1,2990.3,955.94152569
1709078400000,2990.4,3004.7,2979.8,2997.4,208.84205842
1709092800000,2998.6,3057.4,2994.2,3053.4,812.7570692
1709107200000,3053.7,3117,3031.3,3047.2,3239.41238795
1709121600000,3047.1,3115,3040,3091.2,2636.08612517
1709136000000,3090.8,3214.5,2803,3043.7,8757.40060077
1709150400000,3042.8,3120.6,3003.2,3119.6,3043.64156241
1709164800000,3119.6,3196.5,3111,3138.4,1521.23077378
1709179200000,3138.4,3220,3130.6,3196.1,2087.67627988
1709193600000,3197.8,3245,3171,3239.4,2483.21913188
1709208000000,3238.3,3243.1,3177,3202.8,2024.78669983
1709222400000,3203.4,3205.2,3070.2,3147.4,3777.22068187
1709236800000,3147.7,3161.3,3052.2,3089.2,1779.82266404
1709251200000,3089.2,3129.9,3087.5,3112.5,405.18143847
1709265600000,3110.5,3139.4,3108.4,3108.5,678.37442889
1709280000000,3109,3177.9,3098.4,3151.7,1033.61389437
1709294400000,3151.4,3190.8,3117.5,3126.7,1283.12190605
1709308800000,3126.8,3169.1,3120,3162,982.92137953
1709323200000,3162.1,3183.6,3157,3166,997.77601171
1709337600000,3166,3188,3158.1,3174.7,558.86547976
1709352000000,3175.3,3180.9,3135,3164.5,768.80490608
1709366400000,3164.4,3169.5,3132,3140.8,952.25695825
1709380800000,3140.6,3161.2,3131,3152.1,786.75060386
1709395200000,3152.3,3164.8,3146.1,3159,610.99249029
1709409600000,3159.1,3163.6,3138.5,3156.8,570.98909742
1709424000000,3157,3165,3145.8,3161.6,90.29348375
1709438400000,3164.7,3175,3101,3130,512.48795754
1709452800000,3130,3152.3,3114.8,3148.4,804.12205109
1709467200000,3147.8,3179.7,3141.3,3158.2,765.5412607
1709481600000,3157.3,3175,3153.7,3173,73.43630306
1709496000000,3174,3218.1,3174,3216,765.32081687
1709510400000,3215.1,3250,3160,3199.5,724.62880635
1709524800000,3201.2,3217,3187.9,3207.5,903.88284177
1709539200000,3207.5,3268.3,3207.5,3230.6,2404.36670186
1709553600000,3231.1,3288.4,3194.5,3276,1990.93175632
1709568000000,3276.5,3321.1,3244.4,3306.2,3179.3620492
1709582400000,3306.2,3350,3279.2,3338.5,2094.39561295
1709596800000,3342,3402,3321.9,3396.2,1410.70297729
1709611200000,3395.7,3440,3338.4,3385.3,2874.25957238
1709625600000,3385.4,3449.9,3363.3,3440.7,2159.44995795
1709640000000,3441,3520,3440.3,3479.9,4259.40204415
1709654400000,3479.5,3492.7,2904,3073.5,14903.67479143
1709668800000,3087.5,3304.9,3069,3282.8,5656.89639127
1709683200000,3281.8,3319.4,3232,3267.7,416.75369084
1709697600000,3267.9,3500,3267.3,3497.2,2002.05904509
1709712000000,3497.2,3582.4,3478.9,3569.3,2814.42084132
1709726400000,3569.2,3588,3423.6,3475.4,2695.72013608
1709740800000,3474.5,3564.5,3455.6,3538.7,1713.87593291
1709755200000,3538.7,3576.5,3481.1,3504.1,1776.05375423
1709769600000,3505.1,3533.9,3457,3463.4,521.12007757
1709784000000,3462.8,3488.7,3428,3479.4,1171.46809108
1709798400000,3480.1,3503,3463,3477.3,1098.18146177
1709812800000,3478.6,3537.3,3461.6,3510,1361.55843179
1709827200000,3510.7,3551.1,3487.9,3535.1,1400.98186599
1709841600000,3535,3594.6,3508.4,3533.7,1885.5130672
1709856000000,3534.8,3599.3,3528.3,3564.7,659.99984539
1709870400000,3563,3612,3545.1,3575.6,1191.30617813
1709884800000,3574.8,3622,3574.8,3619.9,1531.26399632
1709899200000,3619.5,3652,3550,3561.8,3016.72635037
1709913600000,3562.8,3641.9,3495,3596.5,3176.03557421
1709928000000,3595.9,3620.6,3548,3555.4,1335.17268583
1709942400000,3556.2,3597.9,3550.8,3593.2,327.93288192
1709956800000,3591.9,3610.1,3582.9,3593.8,543.65683826
1709971200000,3593.7,3603.2,3561.7,3583.6,1075.4389531
1709985600000,3582.8,3593.9,3572.4,3583.9,718.91955115
1710000000000,3584,3587.3,3545.2,3552.5,861.38961146
1710014400000,3552.5,3581.4,3552.4,3572.6,532.79219487
1710028800000,3575.1,3604.8,3567.7,3596.7,239.59697099
1710043200000,3597.3,3611.3,3590.3,3607.9,382.31521003
1710057600000,3607.9,3626.5,3586,3598.3,1032.51877282
1710072000000,3599.1,3610.8,3532.3,3552.7,946.72299071
1710086400000,3553.3,3593.9,3552.3,3569.2,794.99269955
1710100800000,3568.6,3574.4,3473.4,3549.6,902.04226802
1710115200000,3548.9,3560.5,3417.8,3536.4,673.95111372
1710129600000,3538.1,3663.2,3509.2,3653.5,1513.37478301
1710144000000,3654.5,3697.9,3637.6,3682.8,2260.9743708
1710158400000,3682.4,3712,3672.9,3674.7,1938.13567915
1710172800000,3676,3732.3,3660.5,3685.1,2246.56003814
1710187200000,3684.5,3726.3,3679.6,3709.6,1193.02811701
1710201600000,3710.6,3733.6,3670.1,3676.3,682.99670859
1710216000000,3676,3694,3651.8,3681,861.59844947
1710230400000,3680.7,3718.6,3629,3681,1706.23574674
1710244800000,3681.8,3716,3621.4,3654.8,1793.87030231
1710259200000,3655.3,3658.4,3505.7,3646.8,3970.89252088
1710273600000,3647,3647.7,3594.3,3643,1111.25801643
1710288000000,3645,3701.5,3635.6,3699.3,426.82234185
1710302400000,3699.2,3733,3686,3698.1,982.78717201
1710316800000,3696.7,3735.8,3696.2,3703,1361.68353357
1710331200000,3703.5,3706.8,3600,3628.1,1713.31376403
1710345600000,3627.8,3669.2,3617.6,3661.2,1130.63142148
1710360000000,3662,3677,3635,3659.3,938.30227104
1710374400000,3659.4,3665.5,3615.9,3650,217.01687954
1710388800000,3651.7,3662.2,3604.4,3623.9,755.69389768
1710403200000,3624.3,3654.1,3606.6,3618.6,928.14742192
1710417600000,3618.6,3629.7,3511.5,3535.4,2335.56378026
1710432000000,3535.4,3580.3,3416.8,3471.8,3860.28277184
1710446400000,3471.7,3580.7,3468.8,3570.1,1758.64716062
1710460800000,3570.9,3616,3336,3424.5,1420.14824756
1710475200000,3424.4,3472.9,3359.8,3450.1,2373.05571275
1710489600000,3450.2,3457.7,3263,3379.8,4722.27786687
1710504000000,3379.3,3438.2,3364.7,3392.2,1699.09980181
1710518400000,3392.6,3499.5,3365.8,3391.9,1574.99784695
1710532800000,3392.6,3445.7,3316.9,3437.6,1154.71330068
1710547200000,3439.9,3473.4,3421.5,3432.4,389.11298097
1710561600000,3430.9,3441.3,3390.5,3439.8,577.29093207
1710576000000,3439.8,3440.5,3369,3395.1,1036.14734583
1710590400000,3395.1,3412.8,3348.1,3384.4,752.1245374
1710604800000,3384.6,3384.6,3275,3305.8,1507.21412895
1710619200000,3305.3,3335.7,3182.3,3228.4,2731.94228064
1710633600000,3227.5,3284.9,3213.9,3274.1,511.9612575
1710648000000,3273.2,3276.5,3121,3178.9,1830.97749787
1710662400000,3178.5,3314.2,3167.6,3288.2,1938.02050374
1710676800000,3288.9,3350,3236,3337.3,1419.62420196
1710691200000,3336.8,3364.7,3315,3362.7,1376.71585994
1710705600000,3364.3,3380,3331.6,3351.4,833.84828271
1710720000000,3350.2,3350.3,3269,3308.4,236.46044547
1710734400000,3307.6,3347,3286.2,3334,548.05602175
1710748800000,3334,3334.1,3254,3298.4,1293.7328634
1710763200000,3298.2,3312.9,3198.7,3237.1,1464.11296886
1710777600000,3236.9,3276,3176.9,3199.3,1327.96846263
1710792000000,3200,3260.1,3199.7,3236.2,1124.37169584
1710806400000,3236.2,3260.4,3095.8,3145.4,1137.97173466
1710820800000,3143.6,3153.6,3035,3088.9,2424.1205247
1710835200000,3088.9,3089,2940.1,3012.3,5514.54763971
1710849600000,3011.8,3060,2965.7,3041.3,2619.02293105
1710864000000,3039.3,3095.7,3020.7,3068.3,2168.40975396
1710878400000,3068.9,3072.9,2895.1,2905.5,1914.43615486
1710892800000,2904.3,3000.6,2900,2906.1,628.37361984
1710907200000,2906.8,2974.1,2814,2969.3,2990.63148231
1710921600000,2967.2,3075.2,2959.1,3039.5,1921.51249336
1710936000000,3040.7,3136.1,3023.3,3035.8,2413.99945309
1710950400000,3035.2,3120.7,2894.5,3096.7,4292.74329562
1710964800000,3096.7,3235.7,3090.2,3217.7,3062.70757045
1710979200000,3218.7,3256.7,3200,3220,556.21475227
1710993600000,3214.1,3239.8,3153.7,3223.4,948.83114146
1711008000000,3223.5,3297.8,3223.5,3240.5,1648.35274925
1711022400000,3240.5,3282.2,3203.9,3221.2,1013.81278068
1711036800000,3221.5,3266.7,3139.5,3172.5,1430.00011039
1711051200000,3170.6,3243.2,3144,3217.7,947.40743367
1711065600000,3216.7,3254,3184.3,3249.8,206.89359842
1711080000000,3250.2,3270.1,3232.8,3246,503.64562188
1711094400000,3245.9,3259.4,3144.4,3150,990.55107208
1711108800000,3150.2,3168.1,3035.5,3102.3,2282.94901782
1711123200000,3102.3,3115,3049.4,3100,858.44469089
1711137600000,3098.2,3101.7,3013.3,3093,975.47145688
1711152000000,3093.5,3115.6,3032.5,3062.8,279.67488999
1711166400000,3061.1,3136.7,3060.2,3120.9,307.1573753
1711180800000,3120.7,3132.3,3085.8,3118,528.21802705
1711195200000,3118.4,3171.9,3101.7,3157.2,875.07159476
1711209600000,3156.9,3182.8,3135.7,3137.9,426.04172618
1711224000000,3135.5,3150.5,3081.2,3084.3,366.69814157
1711238400000,3083.1,3114.9,3064.7,3064.7,263.28551085
1711252800000,3064,3097.9,3056.6,3097.9,307.27313143
1711267200000,3097.9,3143.7,3091.9,3139.5,483.63846905
1711281600000,3139.3,3160.7,3129.5,3144.9,514.54476202
1711296000000,3145.7,3156,3085.6,3130.3,797.07306091
1711310400000,3130.6,3211.2,3124.9,3195.2,1129.22794663
1711324800000,3197.3,3201.1,3162.6,3194,194.08812797
1711339200000,3194.7,3241.4,3183,3186.2,622.55281672
1711353600000,3186.6,3212.7,3172.1,3176,722.68154344
1711368000000,3175.8,3309.7,3169,3304.1,1784.74123693
1711382400000,3306.1,3376,3290.7,3354.8,2106.84667886
1711396800000,3356.3,3362.5,3285.3,3308.3,968.53263303
1711411200000,3308.5,3355.5,3300.4,3341.5,334.48385546
1711425600000,3342.9,3392.2,3337.3,3353.3,692.2292313
1711440000000,3353.5,3382.9,3343,3345.3,898.67384116
1711454400000,3344.8,3365.9,3268,3317.2,1342.60982068
1711468800000,3316.9,3325.5,3271.6,3284.5,815.50072262
1711483200000,3284.9,3333,3282.2,3310,559.71779372
1711497600000,3309.9,3346.2,3301.2,3326.7,120.66031306
1711512000000,3326.9,3337.4,3285.3,3290,378.540232
1711526400000,3290.9,3316.5,3260,3312.5,762.03789753
1711540800000,3312.8,3386.7,3233.5,3248,2186.22828163
1711555200000,3248.4,3266.7,3199,3225.5,822.48004921
1711569600000,3224.5,3256.4,3223.9,3237.5,638.83640973
1711584000000,3237.7,3265.9,3202.8,3231.2,334.06319127
1711598400000,3230.6,3311.6,3230.6,3309.7,647.21429152
1711612800000,3310,3331.1,3304.8,3317.7,720.63242656
1711627200000,3318.2,3341.1,3285,3310.7,754.60234409
1711641600000,3312.1,3314.7,3278.3,3304.2,740.01593177
1711656000000,3304.4,3315.4,3282.9,3297.1,625.78214935
1711670400000,3297.6,3322.5,3292.3,3305.3,104.15973705
1711684800000,3305.3,3320.4,3261.3,3268.5,345.6217987
1711699200000,3266.8,3303.5,3266.4,3291.6,673.60925617
1711713600000,3292.2,3298.4,3227.6,3234.1,724.71032794
1711728000000,3234.5,3249,3215.3,3247.1,767.43461666
1711742400000,3245.8,3266.9,3221.1,3253.2,379.87889021
1711756800000,3253.4,3262.1,3232.9,3233.4,175.95554806
1711771200000,3234.2,3271.2,3230,3235.2,625.86538312
1711785600000,3235.1,3303.2,3235,3299,493.78724652
1711800000000,3299.3,3304.1,3274.1,3278.5,491.45272844
1711814400000,3279,3288,3233,3255,359.55476086
1711828800000,3254.8,3264.6,3245,3254,331.37699827
1711843200000,3253.8,3286.9,3253,3280.2,90.93094275
1711857600000,3280.2,3367.1,3275.9,3358.7,624.76279417
1711872000000,3360.5,3367.9,3337.1,3346.3,614.38033561
1711886400000,3346,3373.7,3345.2,3355.5,511.08355901
1711900800000,3355.4,3387.9,3349.2,3371.9,558.59631898
1711915200000,3373.1,3383.7,3353.3,3379.2,574.61449137
1711929600000,3378.1,3378.4,3338.1,3348.3,251.60542408
1711944000000,3346.1,3350.1,3251.3,3294.3,1040.71374883
1711958400000,3294.4,3305.5,3266.3,3284.6,744.64939634
1711972800000,3283.5,3315.7,3206,3212.4,1013.48309634
1711987200000,3212.3,3253.3,3182.3,3249.9,1225.21522365
1712001600000,3250.5,3275.5,3236.1,3265.3,435.37989492
1712016000000,3265.8,3268.5,3098,3144.3,884.33028635
1712030400000,3143.4,3168.5,3116.1,3136.7,1497.82192526
1712044800000,3137.1,3146.6,3051.5,3078.8,1339.93776099
1712059200000,3077.8,3095.4,3006.7,3014.5,1693.86383535
1712073600000,3015.2,3059.7,2989.7,3053.5,1423.07992493
1712088000000,3053.1,3076.4,3018.3,3049.7,711.49352303
1712102400000,3050.2,3087.9,2981.8,3083.3,465.61666897
1712116800000,3083.8,3092.5,3051.1,3077.5,931.32819812
1712131200000,3078.1,3122.7,3059.7,3083,920.60612931
1712145600000,3083.1,3117.5,3058.9,3077.9,820.11158691
1712160000000,3078.4,3112,3034.9,3062.7,809.82442779
1712174400000,3063.1,3071.5,3038.2,3058.2,417.29646842
1712188800000,3057,3078.8,3013.6,3023.4,171.38536319
1712203200000,3023,3076.1,3002,3062.4,524.50025663
1712217600000,3063.7,3092.5,3059.6,3079.6,367.28925707
1712232000000,3080.3,3127.9,3078.2,3100.2,1005.64675202
1712246400000,3101,3175.6,3096.9,3110.6,1114.16212466
1712260800000,3112.2,3114.8,3029,3074.9,1410.81665781
1712275200000,3075.3,3078.4,3009,3060.5,443.3608698
1712289600000,3060.7,3068.8,2999.8,3035.2,664.81018357
1712304000000,3035.2,3060.4,2988.3,2995,798.18703773
1712318400000,2996.2,3080.1,2963.4,3074.6,1911.62949254
1712332800000,3072.1,3090,3054.8,3067,957.66551831
1712347200000,3066.3,3088.9,3057.7,3063.9,346.81502632
1712361600000,3063.9,3088.7,3054.6,3077.5,224.79990169
1712376000000,3077.4,3096,3069,3077.9,392.04784986
1712390400000,3078.1,3097.3,3072.7,3079.2,343.77370885
1712404800000,3077.6,3105.2,3065.3,3081.7,459.32831725
1712419200000,3081.9,3103.5,3078.2,3095.6,521.65122878
1712433600000,3095.8,3137.9,3090.9,3094,347.89437981
1712448000000,3094.4,3150,3087.7,3126.8,374.10822038
1712462400000,3129.3,3143.5,3115.2,3126.1,280.19632786
1712476800000,3126.5,3136.7,3120.8,3132.7,550.54386342
1712491200000,3132.3,3158.2,3124.8,3127.7,589.31734007
1712505600000,3128.8,3147.1,3107,3117.1,785.91623434
1712520000000,3116.7,3193.1,3114.6,3188.6,528.60631933
1712534400000,3188.6,3191.8,3142.4,3159.4,269.75610522
1712548800000,3160,3211.3,3151.2,3205.4,1143.3860208
1712563200000,3205.8,3359.1,3204,3350.6,2871.69213903
1712577600000,3351.1,3384,3325.3,3339.9,2210.04806012
1712592000000,3339.5,3414.5,3338.1,3405.2,1667.53027889
1712606400000,3406.8,3430.4,3380.9,3397.7,857.58448208
1712620800000,3396.8,3426.6,3372.8,3399.6,443.24043221
1712635200000,3399.5,3409.6,3347.2,3356,1293.27696296
1712649600000,3355,3358.4,3297,3345.9,1325.25970894
1712664000000,3347.2,3352.8,3207,3253.3,1941.22644434
1712678400000,3254.5,3257,3183.6,3242.7,1400.99281156
1712692800000,3241,3248.7,3212.3,3230.5,666.3431945
1712707200000,3229.2,3257.7,3195.2,3239.4,279.29581549
1712721600000,3238,3276.9,3232.6,3260.7,647.27614482
1712736000000,3260.2,3260.9,3218.4,3244.1,1017.41584065
1712750400000,3244.5,3259.4,3164.1,3242.1,1930.96528187
1712764800000,3242.6,3302.3,3233.2,3276.9,898.46219664
1712779200000,3277.8,3314.5,3252.5,3298.6,929.81657418
1712793600000,3295.8,3327,3279.2,3325.5,459.20069834
1712808000000,3327.3,3354.1,3305.7,3335,1172.25346641
1712822400000,3334.9,3366.7,3271.9,3278.6,1192.54661814
1712836800000,3279.1,3326.5,3249.1,3272,1623.2862394
1712851200000,3270.7,3283.2,3240,3276,619.45402889
1712865600000,3277.3,3291.6,3255.3,3265.6,274.26340146
1712880000000,3264.8,3297.7,3264,3296.7,223.58029113
1712894400000,3297.5,3314,3282.4,3288,542.13516402
1712908800000,3289,3323.5,3286.6,3312.4,685.25781719
1712923200000,3312.2,3313.2,3230,3232.5,1207.13150825
1712937600000,3231.7,3244.4,2927,3023.2,5569.62082241
1712952000000,3024.6,3080.7,3017.6,3075.1,1629.36766336
1712966400000,3074.7,3074.7,2997.5,3067.4,366.16491031
1712980800000,3064.9,3121.5,3059.1,3109,893.91485077
1712995200000,3107.3,3120.3,3076.3,3091.4,793.55292814
1713009600000,3090.6,3111.7,3070,3090.8,507.88781573
1713024000000,3090.7,3097.2,2858,2914.8,1721.45469709
1713038400000,2913.9,2946.5,2714,2880.8,4753.065339
1713052800000,2880.6,2889.2,2766.8,2829.3,674.41387865
1713067200000,2826.8,3023.4,2824.6,2960.3,1362.69807122
1713081600000,2961.2,2969.3,2877.8,2893.8,2597.87154228
1713096000000,2892.5,2937.2,2871.4,2921.3,1100.7396922
1713110400000,2921.4,2962.4,2848,2929,1343.60314508
1713124800000,2928.9,2992.9,2883.6,2976.1,1256.57650821
1713139200000,2971.9,2974.6,2925.8,2965,391.32804209
1713153600000,2965.2,3069.4,2945.2,3052.7,1250.8520244
1713168000000,3052.5,3081.4,3033.8,3035.6,1303.51242757
1713182400000,3036.8,3054.7,2923.3,2978,1705.2411649
1713196800000,2978.6,2993.5,2847.9,2923.1,1990.55998714
1713211200000,2922,2948.1,2883.1,2923.3,577.19935585
1713225600000,2924.7,2943.9,2880.1,2900.2,380.88280186
1713240000000,2903.2,2950.6,2817.8,2929.3,1116.78624108
1713254400000,2929.4,2932.1,2828.7,2907.2,1395.81070828
1713268800000,2907.2,2911.2,2831.5,2831.5,1157.1870467
1713283200000,2832,2907.1,2820,2882.9,1252.64877372
1713297600000,2880,2939.6,2875.6,2905.1,766.49227447
1713312000000,2907.2,2927.5,2892.1,2914.2,243.08837342
1713326400000,2915.4,2944,2887.5,2899.7,623.3194387
1713340800000,2900.1,2909,2861.2,2863,625.22348699
1713355200000,2864.5,2881.6,2751,2770.5,2313.60887091
1713369600000,2770.4,2855.9,2742.7,2813,1989.66217833
1713384000000,2814.8,2826.8,2780,2800.3,490.22414329
1713398400000,2800.7,2840.9,2769.1,2834,269.8084401
1713412800000,2834.3,2841.9,2765.2,2786.2,742.20022334
1713427200000,2786.7,2873.9,2768.6,2856,857.37697053
1713441600000,2854.5,2907.3,2802.9,2882,1421.4262728
1713456000000,2884.2,2896.8,2837.7,2883.3,973.86338125
1713470400000,2884,2897.3,2875.5,2883.3,374.23096021
1713484800000,2881.3,2889.8,2701.5,2804.8,1420.80694593
1713499200000,2803.8,2939,2803.8,2895.5,1343.02928919
1713513600000,2895.6,2933.3,2891.6,2918.4,1066.88655804
1713528000000,2917.7,2930,2865.7,2894.6,1139.24675137
1713542400000,2895.2,2919.7,2859.3,2916.6,1008.93472902
1713556800000,2915.7,2919.6,2840,2873.7,620.47040086
1713571200000,2875.2,2886.8,2840,2874.3,271.69787567
1713585600000,2874.3,2893,2869.1,2882.1,275.7101214
1713600000000,2882.7,2882.8,2848.6,2866.1,654.38506264
1713614400000,2866.2,2926.8,2860,2923.7,579.96989135
1713628800000,2923.4,2978.3,2902.9,2961.5,885.51777482
1713643200000,2962.3,2983.2,2954.3,2968.1,468.81211024
1713657600000,2968.6,3003.9,2941.2,2976,792.45008486
1713672000000,2974.7,3000.5,2965.5,2990.2,498.93456391
1713686400000,2991.7,2998.2,2968.5,2983.9,609.18148912
1713700800000,2982.5,2989.9,2954.2,2971.5,550.05385122
1713715200000,2971.8,2974.3,2930,2947.7,627.04987319
1713729600000,2948.7,2978,2941.5,2956.6,588.08990252
1713744000000,2955.5,3013.8,2937.7,2993.2,285.03361528
1713758400000,2993.3,3038.7,2987.9,3009.5,645.41921613
1713772800000,3009.4,3030,3000.8,3007.6,727.21610661
1713787200000,3008,3022.6,2980,2994.1,476.43739569
1713801600000,2994.4,3022.8,2981.2,2997.7,513.97318685
1713816000000,2997.3,3028.6,2992.5,3006.8,371.0825186
1713830400000,3006.8,3026.1,2990,2992.9,200.39977536
1713844800000,2993,3002.5,2952.8,2961.4,609.25360488
1713859200000,2962.2,2992.6,2954.8,2982.3,391.08013072
1713873600000,2981.9,3050.6,2977.1,3016.7,1434.74242405
1713888000000,3017.8,3033.2,3003.2,3008.6,677.62548403
1713902400000,3008.3,3011.6,2979.1,3009.5,404.933108
1713916800000,3008.4,3032.7,3001.2,3024.1,295.86646831
1713931200000,3024.3,3059.8,3024,3041.5,656.13692841
1713945600000,3041.5,3076.2,3034.6,3070.5,795.12127806
1713960000000,3069.6,3081.6,2966,2971.4,1451.67943427
1713974400000,2971.9,2988.4,2905,2932.9,1534.80008665
1713988800000,2930,2947.5,2910.8,2937.1,499.40058049
1714003200000,2936.3,2963.7,2924.8,2940.7,305.82536967
1714017600000,2939.9,2957.8,2922,2926.7,649.80612153
1714032000000,2926.5,2940.6,2865.7,2904.3,881.53622574
1714046400000,2903.8,2956,2885.9,2948.6,1656.80390401
1714060800000,2948.2,2960.8,2931.6,2951,816.03568912
1714075200000,2951.8,2976.4,2941.3,2943.5,474.08959908
1714089600000,2944.3,2950.4,2915.4,2931.3,223.0633023
1714104000000,2931.3,2941.2,2918.2,2923.6,306.89203645
1714118400000,2923.6,2941.6,2910.3,2920.6,776.58342743
1714132800000,2920.5,2962.3,2905.6,2918.5,1175.60462716
1714147200000,2918.7,2949.5,2908.2,2930.8,447.14225194
1714161600000,2931.1,2950.6,2920,2929.5,364.36819749
1714176000000,2930.5,2936.2,2872,2924.7,515.92934746
1714190400000,2923.4,2931.6,2912.4,2920.2,302.22532436
1714204800000,2921.2,2927.1,2909.7,2924.3,319.40108081
1714219200000,2924.2,2964.8,2921.2,2943.6,508.14212568
1714233600000,2944.1,3073.5,2942,3027.9,1512.48279822
1714248000000,3028.4,3053.1,3015.1,3046,393.82599198
1714262400000,3047.7,3112,3042,3094.2,418.59238918
1714276800000,3094,3122.5,3084.8,3102.2,641.70962566
1714291200000,3103.5,3108.8,3062,3071.4,740.06310489
1714305600000,3070.6,3110.1,3069.8,3104.6,481.64967621
1714320000000,3104.5,3140.6,3094.1,3101.9,691.76158397
1714334400000,3101.8,3105.7,3039.8,3047.6,394.51806679
1714348800000,3049.2,3069.4,2960,2967.7,691.95706825
1714363200000,2966.6,2990,2944.9,2975.3,997.18403782
1714377600000,2975.1,2983,2937.5,2949.5,814.87319345
1714392000000,2946.9,2971.8,2914.2,2969.1,1097.78825981
1714406400000,2971.3,2975.3,2942.1,2969.2,687.76456703
1714420800000,2970.5,3016.9,2949.6,2999.5,443.02429042
1714435200000,3000.9,3030.8,2940,2969.2,408.20370899
1714449600000,2969.4,2973.9,2945,2948.9,444.13804087
1714464000000,2948.6,2953.2,2801,2803.2,1969.90678686
1714478400000,2802.7,2834.6,2766,2797.8,2088.95279028
1714492800000,2798,2802.5,2730.1,2737.1,1774.25141369
1714507200000,2738.6,2836.3,2738.2,2822.6,894.79558214
1714521600000,2823.9,2831.8,2775.1,2815.9,550.65767195
1714536000000,2818.7,2823.8,2676.4,2685.4,1988.79172638
1714550400000,2684.9,2719.9,2635.4,2719.9,2057.46252659
1714564800000,2719.1,2744.9,2682,2697.3,1336.69101175
1714579200000,2698.1,2809.8,2683.3,2736.8,3117.10014146
1714593600000,2736.4,2781.9,2722.4,2770.1,938.74274611
1714608000000,2770.5,2780.5,2700,2730.8,473.3730437
1714622400000,2731.3,2739.1,2701.9,2725.3,587.61216866
1714636800000,2725.2,2805,2721.5,2798.3,1089.87374583
1714651200000,2798.2,2816.3,2766.7,2795.4,1147.36634498
1714665600000,2795.7,2804.8,2776.3,2794.3,563.45805744
1714680000000,2798.1,2814,2770.5,2783.7,660.72935942
1714694400000,2784,2828.7,2776.5,2804.3,232.137428
1714708800000,2805.8,2811.8,2757.1,2767.5,591.71561828
1714723200000,2767.5,2785.5,2757.5,2775.9,578.1327622
1714737600000,2774.9,2867.3,2765.4,2859.1,1783.8824717
1714752000000,2859.6,2870.9,2847.2,2858.3,484.57880143
1714766400000,2857.6,2909.5,2853.9,2886.3,666.84139085
1714780800000,2885.7,2910.2,2877.5,2892.9,267.11397264
1714795200000,2894.5,2904.6,2879.2,2880.3,340.41538139
1714809600000,2880.3,2945.1,2880,2911.1,912.03036316
1714824000000,2911.8,2937.6,2896.2,2905.1,462.43295974
1714838400000,2905.1,2918.5,2894.2,2916.3,502.38739785
1714852800000,2916.7,2925.7,2885.7,2898.1,547.87277951
1714867200000,2896.9,2905.5,2857.9,2869.5,295.07950895
1714881600000,2870.3,2896.2,2864.6,2887.7,256.57670108
1714896000000,2888.2,2947.3,2885.8,2917.1,460.97050807
1714910400000,2917.4,2942.5,2906.3,2935.5,464.01205563
1714924800000,2936.7,2940.7,2910,2919.8,438.7769467
1714939200000,2919.2,2923.3,2900.8,2915.9,346.92844931
1714953600000,2916.4,2940,2903.3,2910.2,156.79790654
1714968000000,2910.4,2966.5,2907,2955.8,424.61907346
1714982400000,2957.2,2991.7,2908,2923.8,1000.63073851
1714996800000,2923.7,2927.6,2836.6,2867.6,1835.99964726
1715011200000,2866.4,2873.2,2828.5,2850.6,904.70434574
1715025600000,2849.9,2868,2843.5,2843.8,390.35664425
1715040000000,2844.2,2875.1,2808,2831.2,373.10116208
1715054400000,2832,2863.7,2828.5,2858.9,419.96305945
1715068800000,2859.1,2909.6,2841.6,2844.8,729.77461538
1715083200000,2845.6,2880,2826.2,2853.4,861.4697569
1715097600000,2853.2,2859.3,2817.5,2836.3,666.92274398
1715112000000,2836,2846.1,2792,2796.5,521.77926193
1715126400000,2797.1,2827.4,2786.7,2823.1,249.00703976
1715140800000,2823.2,2827.2,2783,2786.9,598.725129
1715155200000,2788.7,2800.8,2768.8,2780.7,674.6483528
1715169600000,2781.6,2819.8,2779.1,2795.4,838.88092829
1715184000000,2795.9,2815.1,2779.3,2790.3,499.85399536
1715198400000,2791.7,2794.9,2734,2767.8,1078.79582797
1715212800000,2766.8,2795.1,2765.4,2788.7,185.03266753
1715227200000,2788.1,2804.3,2770.9,2778,355.7422694
1715241600000,2777.6,2786.5,2746.8,2774.8,639.51989031
1715256000000,2772.5,2800.3,2746.9,2790.7,622.31232799
1715270400000,2790.6,2807.5,2774.4,2803.1,469.04813676
1715284800000,2802.9,2835.9,2797.8,2817.4,429.87768406
1715299200000,2816.3,2823.1,2801,2811.4,238.20521069
1715313600000,2811,2832.1,2803.4,2821.5,428.56142425
1715328000000,2821.1,2824.7,2803.6,2819.1,352.37600641
1715342400000,2818.5,2824.4,2700.8,2711,1599.01948341
1715356800000,2710.5,2724.3,2673.8,2695.3,834.75594897
1715371200000,2694.2,2711.3,2684,2706,378.5925123
1715385600000,2705.9,2729.1,2699.8,2704.6,110.7201268
1715400000000,2708,2722.4,2700.4,2717.4,320.697599
1715414400000,2717.5,2720.5,2685.2,2698.9,290.12921977
1715428800000,2699.8,2736.9,2692.2,2720.3,444.74445131
1715443200000,2721.3,2734.2,2714.1,2725.6,292.79996113
1715457600000,2725.3,2725.6,2702.7,2706.6,234.45044717
1715472000000,2706.7,2718.2,2703.7,2714.2,52.04448192
1715486400000,2715.8,2724.2,2697.2,2702.2,129.30429779
1715500800000,2701.7,2734.8,2698.9,2720.6,253.58812552
1715515200000,2720.9,2733.1,2717.1,2728.1,202.78582252
1715529600000,2728.5,2744.8,2712.6,2720.4,353.82151855
1715544000000,2720.8,2726.2,2706,2720.2,203.5447553
1715558400000,2722.4,2733,2661,2683.6,494.10397098
1715572800000,2683.1,2745,2664.3,2741.3,510.90647438
1715587200000,2741,2778.2,2736.1,2748.3,838.35528815
1715601600000,2749.4,2763.3,2729.3,2742.2,712.02513831
1715616000000,2742.9,2757,2712.5,2739.6,705.15481299
1715630400000,2739.4,2742.1,2721.3,2732.5,257.35236134
1715644800000,2732.7,2743.4,2722.6,2724.4,282.4577021
1715659200000,2723.5,2732.1,2671.7,2705.3,579.05002101
1715673600000,2705.7,2706.4,2684.2,2693,450.88033892
1715688000000,2692.5,2702.8,2653.7,2678.2,1822.70006536
1715702400000,2678.5,2679.7,2644.4,2673.8,635.86521986
1715716800000,2674.5,2683.6,2661.1,2664.7,334.21919188
1715731200000,2667.9,2681,2647.5,2679.6,142.03338346
1715745600000,2682.4,2698.8,2677.5,2694.2,419.26812824
1715760000000,2694.1,2709,2666.9,2676.6,709.9293242
1715774400000,2676.3,2750,2673,2739.1,1881.81283108
1715788800000,2741.2,2780,2729.7,2780,769.40511583
1715803200000,2778.7,2788.1,2760.2,2780.9,417.9929266
1715817600000,2780.8,2786.9,2742,2762.6,220.11265451
1715832000000,2762.2,2772.7,2753,2768.8,269.3220204
1715846400000,2768.1,2776.7,2748.2,2765,618.74165227
1715860800000,2762.7,2763.8,2692.3,2712.2,712.87770408
1715875200000,2713,2716.3,2681.4,2703.6,551.50441905
1715889600000,2705.4,2707,2685.9,2705.3,248.1737071
1715904000000,2706.3,2719.3,2697.5,2712.3,66.28109466
1715918400000,2712.9,2786,2702,2780.5,517.31439983
1715932800000,2780.5,2814,2775,2792,926.96616839
1715947200000,2792,2867.5,2783.1,2861.4,2043.67224594
1715961600000,2861.6,2868.8,2817.1,2833.7,642.20791327
1715976000000,2833.1,2845.8,2830.9,2842.9,311.50662525
1715990400000,2842.4,2873.8,2835,2862.1,121.50758156
1716004800000,2863.4,2865.3,2842.1,2851.1,336.46364993
1716019200000,2852.6,2893.5,2850.8,2884.1,606.37616757
1716033600000,2884.1,2884.2,2847.4,2859.1,512.23175268
1716048000000,2859.3,2869.4,2854.7,2867.7,183.78244633
1716062400000,2866,2873.8,2857.1,2870.9,260.80681321
1716076800000,2872.3,2883,2862.5,2876.2,69.64807953
1716091200000,2876,2876.7,2853.5,2863.1,141.5032594
1716105600000,2863.9,2870.6,2831.5,2851,493.9049644
1716120000000,2851.3,2851.6,2815,2828.5,434.42502565
1716134400000,2827.2,2830.6,2811,2814.8,466.14539809
1716148800000,2814.2,2831.4,2806.9,2822,213.24632034
1716163200000,2821.4,2846.2,2800.7,2835.3,131.15958626
1716177600000,2838.9,2881.9,2814,2840.2,680.46366679
1716192000000,2840,2861.2,2839.9,2845.6,655.80834876
1716206400000,2845.2,2870.5,2828.8,2868.9,697.09826047
1716220800000,2869.3,3170.2,2860.9,3126,3581.91360902
1716235200000,3130.9,3329.3,3082.6,3304.8,3986.77340465
1716249600000,3307.7,3375.7,3297.4,3365.3,1026.5492697
1716264000000,3365.3,3379.8,3234,3330.8,2869.34272491
1716278400000,3330.8,3500,3283.9,3458,2248.73268383
1716292800000,3458,3510.8,3388.6,3438.8,3704.80261456
1716307200000,3444.2,3500.8,3344,3393.4,3082.45145396
1716321600000,3393.4,3502,3390.7,3471.4,1250.34224426
1716336000000,3470.6,3497.4,3384.7,3480.7,486.78895692
1716350400000,3480.4,3485,3413.7,3440.6,1035.85547785
1716364800000,3441,3473,3405.2,3405.2,1513.74475251
1716379200000,3405.6,3476.9,3368.2,3467.2,2097.92869105
1716393600000,3467.3,3496.4,3417.6,3451.2,1476.52839337
1716408000000,3451.2,3491,3436,3450.9,732.58097588
1716422400000,3450.4,3493.2,3447.5,3487.1,367.27120518
1716436800000,3489.3,3537.9,3469.9,3518.8,1103.80155579
1716451200000,3520,3616,3495,3609.9,2563.511561
1716465600000,3610.2,3638,3441.9,3523,5581.43712376
1716480000000,3520.9,3542.9,3422,3508,2748.45597078
1716494400000,3509.4,3611.5,3167,3502.4,6004.07118095
1716508800000,3501.7,3545.4,3467.2,3521.8,494.12531561
1716523200000,3522.5,3531.4,3374.8,3400,1569.81486826
1716537600000,3400,3431.2,3354,3426.4,1497.01312752
1716552000000,3425.9,3443.2,3386.1,3407.6,1176.05876507
1716566400000,3408.2,3466.1,3370,3456.2,950.87814322
1716580800000,3456.5,3465.4,3436.4,3440,371.42344225
1716595200000,3440,3455.9,3423.1,3455.2,144.13492772
1716609600000,3456.7,3485.6,3455.6,3457.7,344.78022308
1716624000000,3458.3,3484.4,3450,3452.1,540.32539445
1716638400000,3452.4,3469,3437,3456.5,403.35399368
1716652800000,3456.9,3474.6,3449.3,3467.8,243.86415788
1716667200000,3466.7,3470.4,3444.8,3460.4,156.47324352
1716681600000,3460.4,3480.2,3443.7,3480.2,196.80213888
1716696000000,3477.6,3500,3450.4,3491.8,528.50941751
1716710400000,3490.8,3525.2,3485.1,3517.1,652.26792996
1716724800000,3517,3573,3496.2,3535.1,827.00638598
1716739200000,3533.8,3580.2,3533.2,3576.9,901.06713648
1716753600000,3578,3578.2,3523,3529.2,422.15076996
1716768000000,3528.9,3630.6,3525.5,3612.7,458.44096892
1716782400000,3611.3,3625.4,3583.5,3606.1,919.13375387
1716796800000,3605.5,3642.9,3573.5,3588.4,1188.85602211
1716811200000,3589.5,3656.9,3583.3,3644.6,1356.43280646
1716825600000,3645.1,3654.7,3544.1,3559.1,944.30505384
1716840000000,3559,3590.4,3547.4,3580.9,566.3348146
1716854400000,3581.7,3590.2,3518.5,3538.2,199.95845015
1716868800000,3534.5,3552.6,3512.8,3536.2,552.79666217
1716883200000,3536.3,3612.1,3528.7,3584.8,571.17127889
1716897600000,3584.4,3593.4,3520.2,3546.4,662.46053261
1716912000000,3546.8,3554.6,3474.2,3536.6,753.93360498
1716926400000,3535.2,3563.5,3518.9,3539,329.71597995
1716940800000,3540.9,3555.5,3530.5,3544.8,292.49348387
1716955200000,3545.2,3579,3515.3,3516.3,400.71196448
1716969600000,3517.1,3528.6,3487.2,3509,507.07847399
1716984000000,3509.4,3537.7,3468.8,3475.4,597.92257162
1716998400000,3475.7,3491.6,3462.1,3468.4,401.94947338
1717012800000,3470.1,3507.8,3464.9,3485.9,310.9528066
1717027200000,3483.9,3511.8,3472,3507.2,84.49793365
1717041600000,3508.7,3516.7,3435,3439.6,498.40146799
1717056000000,3439.2,3469.9,3424.2,3453.2,473.0647258
1717070400000,3452.9,3505.9,3449.7,3483.5,475.34580271
1717084800000,3484,3526.2,3461.5,3467.7,630.68554456
1717099200000,3469.1,3469.3,3431,3458.7,234.91769303
1717113600000,3459.3,3481,3455,3474,60.21047468
1717128000000,3473.9,3479.6,3440,3442.6,254.96378794
1717142400000,3443.3,3513.2,3440.2,3503.9,296.7681507
1717156800000,3503.2,3543.1,3451.7,3452.3,913.35733258
1717171200000,3452.6,3496.6,3434,3487.7,459.28397542
1717185600000,3489,3502.9,3450,3468.6,253.46939248
1717200000000,3470,3486,3459.7,3483.3,61.68719647
1717214400000,3483.6,3494.7,3476.4,3479.1,148.76287377
1717228800000,3479,3512.1,3478.5,3494,171.46347174
1717243200000,3493.7,3516.3,3492.7,3502,265.93439403
1717257600000,3502.2,3512.4,3493.5,3506.7,138.12434821
1717272000000,3505.5,3532.7,3501.2,3516.8,246.58585452
1717286400000,3516.9,3536.9,3504,3510.3,87.33643727
1717300800000,3509.2,3523.6,3497,3497,132.23093772
1717315200000,3497.7,3512.5,3476.2,3508.2,222.12903872
1717329600000,3509.4,3512.2,3480.7,3500.8,225.1254223
1717344000000,3501.3,3505,3460.1,3486.1,331.52306643
1717358400000,3485,3498.2,3471.7,3487.7,148.57615197
1717372800000,3484.2,3520.4,3465.8,3501.4,82.69019867
1717387200000,3501.4,3539.5,3496.5,3519,265.70552454
1717401600000,3520,3539.1,3505.7,3509.7,354.30690089
1717416000000,3510.2,3543,3455,3482.8,840.36370374
1717430400000,3485.7,3486.4,3451.7,3459.7,290.84904805
1717444800000,3460,3470.4,3446.3,3453,241.06054179
1717459200000,3452.2,3467.5,3407.4,3459.1,225.56555589
1717473600000,3458.3,3468.2,3441.6,3465.2,176.78089225
1717488000000,3465.7,3472.9,3441,3466.3,275.56457074
1717502400000,3465.4,3506,3452.8,3500,564.27658556
1717516800000,3501,3517.2,3462.9,3485.8,813.18696464
1717531200000,3485.1,3505,3478,3495.3,281.63926409
1717545600000,3495.2,3520,3481.5,3492.4,220.2250423
1717560000000,3492.9,3506.4,3465.2,3498.5,421.37155701
1717574400000,3499.5,3499.6,3480,3495.8,324.72141954
1717588800000,3495.9,3512.6,3478.6,3506.6,677.85271806
1717603200000,3506.7,3561.2,3490.9,3560.2,1471.98688063
1717617600000,3561.3,3570,3529.9,3550.3,482.88205777
1717632000000,3552.6,3556.1,3535.7,3540.9,51.84413768
1717646400000,3540.9,3546.3,3524.2,3536.5,257.00522803
1717660800000,3536.5,3545.5,3529,3541.3,449.75992789
1717675200000,3541.5,3548.1,3512.4,3532.1,738.41425058
1717689600000,3532,3541.7,3478.5,3480.7,614.24189599
1717704000000,3480.8,3502.1,3452.6,3500.7,429.68194892
1717718400000,3500.1,3501,3481.6,3493.2,51.39862529
1717732800000,3492.5,3510.4,3492.4,3500.8,202.35178786
1717747200000,3501.8,3520.4,3486.9,3515.2,332.83313925
1717761600000,3516.7,3536.6,3477,3512.5,1140.64844797
1717776000000,3511.8,3517.5,3310,3416.5,2426.9198221
1717790400000,3417.1,3430.8,3402.2,3412.1,357.48397256
1717804800000,3412,3423.9,3407.6,3422.1,81.55082981
1717819200000,3421.6,3441.5,3411.1,3441,157.296751
1717833600000,3441,3441.1,3412.3,3416.8,210.18385828
1717848000000,3416.7,3430,3397.1,3421.1,223.1106563
1717862400000,3421.3,3428.1,3408.6,3417.2,139.9964641
1717876800000,3416.8,3419.4,3406.4,3416.4,105.66066323
1717891200000,3416.2,3419.9,3404.6,3409,46.65168412
1717905600000,3409,3425.2,3404.4,3420.5,104.14356282
1717920000000,3420,3429.1,3418.3,3427.7,176.61155658
1717934400000,3428.4,3441.9,3414.4,3422.9,236.51977356
1717948800000,3423.8,3441.3,3421.8,3433.2,182.47602035
1717963200000,3434.2,3457.7,3429.9,3443.4,278.36385112
1717977600000,3443.6,3443.9,3424.3,3428.7,41.27496568
1717992000000,3427.9,3436.8,3387.4,3392.8,279.33711982
1718006400000,3391.1,3428.1,3389.7,3417.5,262.43016198
1718020800000,3417.7,3454.8,3410.8,3442.6,289.83212387
1718035200000,3444.9,3444.9,3402.3,3408.2,507.37324068
1718049600000,3406.1,3414.9,3391.6,3405,237.94064128
1718064000000,3402.4,3410.4,3311.5,3339.4,472.89685961
1718078400000,3330.7,3336.5,3252.5,3283.7,1063.00459067
1718092800000,3281.3,3302.2,3255.4,3290.2,741.81677637
1718107200000,3290.2,3304,3200,3211.6,1208.15710692
1718121600000,3212.8,3265,3196,3259.7,946.86410469
1718136000000,3258.7,3271.1,3247.4,3260,272.98729161
1718150400000,3261.4,3271.2,3227.6,3269.7,68.16472565
1718164800000,3271,3289.7,3266.8,3283.3,271.50021578
1718179200000,3283.8,3316.3,3271.5,3283.1,367.97136057
1718193600000,3282.8,3380.7,3282.8,3339.6,1019.42190309
1718208000000,3340.7,3346.6,3253,3268.5,1008.98668395
1718222400000,3269.5,3308.6,3260.8,3293.8,250.71456177
1718236800000,3293.3,3294.1,3220,3242.9,209.3174649
1718251200000,3243,3256.7,3226.9,3243.5,225.90450832
1718265600000,3244.8,3254.4,3215,3243.9,285.28066846
1718280000000,3243.5,3276.2,3193.5,3200.9,867.52128737
1718294400000,3200.6,3250,3188.6,3243.4,417.3812019
1718308800000,3241.6,3252.2,3224.8,3231,147.40811224
1718323200000,3233.6,3266.2,3225.5,3250,111.01058185
1718337600000,3252,3294.2,3252,3284.1,298.0447676
1718352000000,3284,3297.6,3278,3285,357.79061936
1718366400000,3286.9,3297.9,3235.3,3235.5,342.23534443
1718380800000,3238.8,3241,3145.2,3182.9,1183.83815613
1718395200000,3183.6,3298.3,3181.6,3256.8,1080.44692907
1718409600000,3256.5,3275.5,3247.4,3275.1,156.08425503
1718424000000,3275.5,3324.9,3270.8,3297.5,473.72120062
1718438400000,3299.3,3311.1,3290.6,3309.1,315.88407133
1718452800000,3309,3358.9,3307.2,3331.9,678.69295954
1718467200000,3331.9,3337.2,3314.8,3322.3,466.08497833
1718481600000,3322.1,3338.9,3303,3333,160.90795029
1718496000000,3332.8,3338.2,3317.5,3321.6,34.94332818
1718510400000,3320.6,3339.5,3310.8,3327.5,89.51892508
1718524800000,3327.1,3336.5,3315.4,3323.1,224.89563703
1718539200000,3322.2,3374,3321.1,3357.9,264.60675755
1718553600000,3357.3,3371.1,3352,3361.4,303.30995054
1718568000000,3362,3412.2,3352,3386.7,260.95545095
1718582400000,3387.4,3398.3,3341.4,3346.4,129.33130591
1718596800000,3346.7,3358.3,3308,3316.5,434.57575798
1718611200000,3316.3,3325,3258.3,3294.2,500.91234338
1718625600000,3291.4,3308.6,3251,3259.2,483.84951122
1718640000000,3260.5,3332.6,3231.3,3309,604.6918839
1718654400000,3310.7,3311.2,3261,3269.9,265.61558327
1718668800000,3269.1,3273.8,3140.8,3209.5,817.93026576
1718683200000,3208.1,3231.1,3199.5,3212.8,409.39582289
1718697600000,3212.7,3220.8,3167.4,3187.3,449.81573877
1718712000000,3187,3198.8,3136,3185,1052.0410076
1718726400000,3187.7,3197.7,3152.2,3185.4,567.82173231
1718740800000,3186,3248.2,3176.5,3243.7,424.99452774
1718755200000,3244.1,3326.2,3227.9,3320.9,316.85709715
1718769600000,3321.8,3339.7,3293.9,3300.7,505.12401147
1718784000000,3301.7,3313.4,3272.7,3291.7,506.52382319
1718798400000,3289.7,3304.7,3268,3282.4,418.86937419
1718812800000,3282.8,3336.4,3277.4,3299.9,503.34698917
1718827200000,3300,3329.1,3287.7,3314.6,332.85363094
1718841600000,3307.9,3343.5,3294.2,3308.1,199.46123704
1718856000000,3307.5,3366.4,3300.4,3362.4,482.39389559
1718870400000,3363.7,3376.6,3330.5,3357.8,467.25787313
1718884800000,3357.8,3368.2,3254.3,3274.3,697.37308457
1718899200000,3274.2,3304.1,3255.9,3302.3,292.62857655
1718913600000,3304.4,3304.5,3279.8,3281.2,150.29029628
1718928000000,3281.5,3299.7,3262.9,3269.1,123.44780612
1718942400000,3269.1,3290.3,3246.6,3254.7,244.92795387
1718956800000,3255,3300.6,3224.3,3278.2,571.59763459
1718971200000,3277.4,3294.3,3235,3266.8,488.69156434
1718985600000,3266.4,3306.8,3245.7,3306.8,358.76033289
1719000000000,3307.7,3316,3273.4,3290.1,164.75267838
1719014400000,3293.6,3293.6,3269.1,3277.1,24.96224917
1719028800000,3276.7,3283,3263.7,3267.1,120.1393567
1719043200000,3267.5,3272.2,3251,3266.8,235.40351417
1719057600000,3266.8,3280.9,3260.8,3274.8,151.61541355
1719072000000,3274.9,3277.4,3255.1,3260.4,101.14428989
1719086400000,3260.6,3275,3256.1,3263.2,143.80110629
1719100800000,3264,3285,3262.8,3284.6,46.00803554
1719115200000,3285,3286.4,3274.6,3279,91.03015828
1719129600000,3279.5,3279.5,3258.3,3266.8,147.88578511
1719144000000,3267.5,3272.3,3244.2,3246.3,166.83316315
1719158400000,3246.2,3254,3235,3251.9,188.80286132
1719172800000,3252.6,3253.4,3187.5,3200.1,389.73561508
1719187200000,3199.4,3210.2,3170.5,3181.9,212.39788414
1719201600000,3181.7,3190.2,3135.5,3141.5,743.92797621
1719216000000,3142,3164.7,3015.9,3093.1,1590.76109371
1719230400000,3092.2,3109.5,3039.5,3056.3,655.78841451
1719244800000,3056.6,3086.2,3021.3,3066.2,1062.59551283
1719259200000,3068.7,3163.3,3033,3122.5,1078.78845053
1719273600000,3120.7,3151.8,3108.1,3139.2,197.00356204
1719288000000,3140.5,3160.7,3129,3131.5,411.11570045
1719302400000,3132.8,3162.6,3117.3,3152.3,486.4005689
1719316800000,3152,3201,3139.1,3196.9,566.16537252
1719331200000,3198,3200.4,3160.7,3191,406.84181104
1719345600000,3192.3,3194.3,3167.9,3173.8,157.34077974
1719360000000,3172.9,3198,3164.6,3172.6,56.42978198
1719374400000,3172.6,3186.7,3155.3,3182.2,175.53702471
1719388800000,3181.8,3183.2,3151.4,3162.3,334.81964414
1719403200000,3162.3,3179,3132.1,3147,365.1815567
1719417600000,3146.9,3191.2,3113.8,3189.6,480.19192979
1719432000000,3189,3197.6,3151.2,3153.9,144.6753921
1719446400000,3151.7,3170.8,3148.6,3161.8,37.66955661
1719460800000,3163.3,3167.2,3145.8,3154.3,152.99320447
1719475200000,3154.7,3186.4,3149,3178.5,228.39815424
1719489600000,3179.5,3241,3179.5,3221.1,896.10770209
1719504000000,3221.4,3233.7,3210.1,3218.7,601.11898162
1719518400000,3218.9,3223.2,3209.4,3217.9,278.20655182
1719532800000,3218.5,3258.4,3206.8,3233.8,128.90587032
1719547200000,3233.6,3234.1,3200.6,3203.8,248.89010988
1719561600000,3203.5,3229.9,3195.9,3223.2,290.26583289
1719576000000,3223.8,3243.2,3171.9,3182.8,666.43379025
1719590400000,3185.3,3185.3,3140,3151.2,656.95860656
1719604800000,3152.4,3164.6,3141.1,3152,244.88564858
1719619200000,3152.1,3168.9,3152.1,3158.2,88.20689792
1719633600000,3157.7,3179.2,3154.3,3171,174.86340753
1719648000000,3171.6,3177.5,3160,3171.8,185.42060496
1719662400000,3172.1,3174.8,3156.7,3167.6,106.03720929
1719676800000,3168,3168.3,3150.8,3161.2,107.99143584
1719691200000,3159.5,3163.1,3147.6,3150.6,110.29171148
1719705600000,3153.3,3162.3,3129.8,3142.8,219.17438759
1719720000000,3144.4,3171,3133.4,3164.7,119.10592086
1719734400000,3165.1,3170.1,3156.7,3160.6,156.05520029
1719748800000,3160.3,3174.7,3153.8,3170.3,117.8661437
1719763200000,3171.5,3201.8,3162.3,3197.6,316.62762484
1719777600000,3197.6,3218.6,3172.2,3199.4,293.29967933
1719792000000,3200.2,3274.1,3194.5,3251.4,209.08817537
1719806400000,3251.4,3251.4,3231.8,3242.7,261.27806855
1719820800000,3242.4,3245.6,3213.7,3214.1,411.65946672
1719835200000,3214.6,3239.5,3206.7,3234.9,290.31607089
1719849600000,3235.1,3257.8,3222.5,3233,323.56642855
1719864000000,3229,3233.4,3185.1,3204.4,337.39952979
1719878400000,3205.5,3223.3,3196.2,3218.2,54.3478495
1719892800000,3218.4,3224.2,3200.4,3203.9,178.35633625
1719907200000,3204.4,3219.3,3197.4,3215.6,215.54238585
1719921600000,3214.9,3219.2,3167.5,3179,483.56346936
1719936000000,3179.3,3193.7,3174,3174.8,155.98093408
1719950400000,3176,3187.7,3173.5,3180.1,152.66355874
1719964800000,3180.2,3189.1,3099.4,3127.5,314.43841365
1719979200000,3124.5,3138.5,3112.6,3112.6,239.02558567
1719993600000,3111.9,3116.6,3047.2,3072.3,1010.43746078
1720008000000,3069,3076.9,3039.7,3057.5,719.048761
1720022400000,3057.4,3074.6,3018,3028.5,522.81956369
1720036800000,3028.2,3064.1,3012.5,3053.1,382.34499877
1720051200000,3057,3068.5,2932.1,3008.4,606.89973475
1720065600000,3008.4,3010.9,2937.5,2947.4,555.16387841
1720080000000,2947,2958.4,2893.3,2924.6,1066.2614114
1720094400000,2924.5,2925.1,2859.7,2903.4,1961.495871
1720108800000,2903.3,2916.4,2880,2899.9,568.40042698
1720123200000,2899.9,2933.3,2824.9,2830.5,907.86798148
1720137600000,2832,2876.7,2674.1,2701.3,1652.66143733
1720152000000,2700.6,2708.7,2580,2661.6,4073.9615468
1720166400000,2661.3,2735.2,2608.9,2726.5,1943.52280459
1720180800000,2726.5,2781.2,2703.5,2767.9,1533.75554373
1720195200000,2767.8,2776.9,2737.7,2759.7,968.21963678
1720209600000,2760.1,2763.3,2738.6,2753.1,240.50945008
1720224000000,2753,2792.2,2730,2751.5,92.00775446
1720238400000,2751.2,2789.6,2736.7,2779.4,335.25006317
1720252800000,2779.1,2789.3,2762,2781.1,410.26436849
1720267200000,2781.1,2797,2767.6,2787.5,422.17495648
1720281600000,2787.6,2829.1,2784.2,2820.9,415.43167508
1720296000000,2820.7,2840.6,2819.1,2829.2,251.46078245
1720310400000,2828.5,2831.9,2805.8,2818.4,54.67379029
1720324800000,2814.6,2816.5,2762,2772.1,248.07456723
1720339200000,2772.2,2797.9,2772.1,2782.1,228.3386244
1720353600000,2781.9,2789.2,2724.1,2738.6,428.41985847
1720368000000,2738.7,2775.7,2733,2757.6,298.5703255
1720382400000,2758.7,2775.1,2699.6,2707.8,612.18206771
1720396800000,2709.4,2726.6,2607.4,2659.6,737.34841502
1720411200000,2659.8,2712.6,2656.2,2702.4,451.10171139
1720425600000,2702.5,2854.7,2698.9,2818.8,1006.59024725
1720440000000,2819.2,2824.4,2666.7,2741.9,1234.34624429
1720454400000,2739.8,2780,2717.2,2777.2,347.53490802
1720468800000,2774.7,2810.7,2757.7,2786.2,342.24164833
1720483200000,2782.6,2837,2772.9,2828.4,520.65946637
1720497600000,2827.2,2851.9,2819.9,2828.9,497.50957721
1720512000000,2829,2874.9,2823.2,2850.8,528.96340692
1720526400000,2850,2871.8,2807.5,2837.2,622.60523333
1720540800000,2836.8,2853.9,2818.4,2837.9,343.31706881
1720555200000,2838,2847.1,2816.4,2832,193.91124182
1720569600000,2831.5,2847.7,2797,2844.8,85.51789397
1720584000000,2846.4,2891.7,2846.4,2863.9,668.62190924
1720598400000,2864.9,2871.8,2844.2,2864.9,503.22277968
1720612800000,2864.6,2891.5,2843.6,2886.1,489.53532063
1720627200000,2888.1,2912.1,2857.5,2870.6,467.96272388
1720641600000,2871.2,2874.1,2847.3,2863.3,205.09097417
1720656000000,2863,2886.5,2820.6,2843.1,215.44694654
1720670400000,2839.9,2882.7,2837.6,2877,167.63803429
1720684800000,2877.7,2909.8,2872.4,2899.4,303.49879406
1720699200000,2898.6,2949,2859.1,2868.7,1390.70183059
1720713600000,2869.5,2896.8,2852.5,2859.4,329.15204364
1720728000000,2860.2,2874.5,2841.2,2851.5,211.65057619
1720742400000,2852.5,2868.4,2812.6,2839,87.69222868
1720756800000,2842.6,2853.1,2813.6,2825.8,184.82583105
1720771200000,2825.3,2836.3,2798.2,2818.5,492.31741211
1720785600000,2819.5,2880,2810.6,2872.5,583.50815617
1720800000000,2873.3,2896,2855,2855.3,426.51629407
1720814400000,2858.2,2874.1,2833.7,2874.1,185.140084
1720828800000,2874.6,2878.8,2862.4,2862.5,34.05966431
1720843200000,2862.6,2883.2,2856.2,2882.1,134.97583594
1720857600000,2881.9,2910,2871.9,2895.2,453.01639356
1720872000000,2895.8,2900,2881.7,2893,253.78649511
1720886400000,2893.5,2903,2885,2901.2,150.80746038
1720900800000,2900.4,2935,2883.8,2910.2,269.14457979
1720915200000,2910.8,2925.3,2902.3,2912.2,101.72648951
1720929600000,2911,2942.5,2910.2,2934,248.32661291
1720944000000,2934.7,2963.6,2934.5,2942.9,396.16444039
1720958400000,2943.6,2944.3,2915,2930.7,287.68639812
1720972800000,2930.5,2937.1,2923,2930.3,147.50801992
1720987200000,2929.9,3002,2929.8,2979.9,583.50244023
1721001600000,2982.4,3068,2970.8,3056.5,583.67850545
1721016000000,3058.7,3094,3049.2,3081.8,515.71792646
1721030400000,3081.1,3092.8,3051,3063.1,610.0176288
1721044800000,3062.8,3110,3057.7,3088,458.47006385
1721059200000,3087.4,3149,3080.2,3129.2,827.7838633
1721073600000,3127.3,3207.3,3126.3,3196.1,674.68888487
1721088000000,3197.7,3210,3171.7,3185.6,174.53853456
1721102400000,3185.2,3192.8,3091.2,3096.3,867.16019887
1721116800000,3096,3143.5,3067.4,3138.7,1125.15469532
1721131200000,3138.5,3201.9,3105.1,3194.5,809.07145591
1721145600000,3194.6,3210.6,3163.2,3187.6,724.56738987
1721160000000,3187.1,3187.9,3133,3157.7,379.88319157
1721174400000,3159.3,3225.6,3157.1,3190.3,247.46682705
1721188800000,3190.2,3222.8,3182.7,3197,538.7145492
1721203200000,3196.9,3208,3147.8,3155.4,510.51491222
1721217600000,3153.9,3177.2,3143.2,3147.5,395.74614299
1721232000000,3146.4,3147.3,3091.4,3124.9,725.28070519
1721246400000,3125.1,3134.7,3096,3097.6,243.12684377
1721260800000,3101.8,3146,3093.9,3137.7,84.27975011
1721275200000,3138.1,3159,3117.7,3140.4,218.05916403
1721289600000,3141.1,3166.5,3138.9,3165.5,210.4209591
1721304000000,3165.1,3196.1,3102.7,3107.5,574.06801453
1721318400000,3107.1,3138.5,3088,3125.6,366.94179311
1721332800000,3124.7,3154.5,3118,3143.7,134.29128945
1721347200000,3143,3151.1,3109.3,3150.3,62.01833934
1721361600000,3151.3,3169.8,3110.6,3115.6,214.9321966
1721376000000,3115.7,3132.7,3102.9,3124.1,350.92461283
1721390400000,3125.2,3191.2,3119.3,3182,768.39164999
1721404800000,3183.5,3253,3183.4,3238.3,1109.80973232
1721419200000,3237.7,3238.7,3209.6,3216.9,479.27188808
1721433600000,3217.4,3220.4,3196.6,3209.2,143.90235623
1721448000000,3208.8,3221.1,3203.3,3203.7,250.93627952
1721462400000,3203.7,3209.3,3196.4,3201.8,374.94396563
1721476800000,3201.1,3221.3,3198.7,3218,221.04512507
1721491200000,3218.9,3250,3207.9,3224.1,530.89419703
1721505600000,3224.1,3234.5,3210.7,3224.6,215.14211454
1721520000000,3225.2,3234.6,3213.2,3218.9,74.87520476
1721534400000,3217.9,3220.2,3187.8,3195,275.66118119
1721548800000,3195,3215.3,3194.9,3209.1,203.37940703
1721563200000,3209.2,3226,3194.4,3210.3,216.14010753
1721577600000,3210.8,3233.2,3130,3203,817.40217894
1721592000000,3201.6,3249.5,3195.3,3237.6,739.23047448
1721606400000,3238.4,3261.2,3219.6,3222,569.74460259
1721620800000,3222,3228.1,3173.9,3192.2,470.56324924
1721635200000,3192.2,3215.9,3183.3,3213.5,389.68327669
1721649600000,3213.1,3222.3,3157.3,3175.9,732.04159151
1721664000000,3177.2,3214.2,3164.7,3212.7,500.64366887
1721678400000,3214.7,3215.2,3144.5,3159.3,573.63600535
1721692800000,3159.4,3203.9,3155.7,3189.2,169.28879783
1721707200000,3187,3197.7,3146.6,3176.3,424.28580017
1721721600000,3174.1,3256.1,3174,3239.7,1261.19141082
1721736000000,3238.7,3241.6,3163,3184.4,1322.05143761
1721750400000,3183.7,3224,3124.5,3185.3,1159.90359359
1721764800000,3188.6,3225,3185.5,3210.2,423.4684154
1721779200000,3210,3214.2,3160.6,3179.8,107.47692841
1721793600000,3179.7,3183.2,3162.1,3183.2,311.54363023
1721808000000,3183.3,3203.9,3180.2,3191.1,295.27145374
1721822400000,3191.8,3199.2,3143.6,3147.6,723.94824771
1721836800000,3147.9,3163.8,3099.7,3101.9,820.00102065
1721851200000,3103.2,3116.4,3041.8,3077.9,1013.94891031
1721865600000,3078,3084.4,2911.8,2924,995.43326283
1721880000000,2924.1,2948.1,2890.4,2924.6,1029.24500176
1721894400000,2923.9,2937.3,2907.7,2926,729.70317378
1721908800000,2925.9,2935.2,2870.2,2893.2,1152.59958497
1721923200000,2894.9,2923.3,2859.9,2881.5,948.74197344
1721937600000,2882.8,2950.8,2848.1,2927.3,767.24690512
1721952000000,2926.3,3003.3,2924.7,2982.5,230.34255101
1721966400000,2983,3022.4,2980.4,2996.7,633.72590602
1721980800000,2997.4,3008.3,2981.4,2989.9,503.89123437
1721995200000,2989.9,3011.2,2968.4,2998.5,840.92753439
1722009600000,2998.5,3026.5,2985.1,3015.6,445.46866843
1722024000000,3016.1,3025.7,2995.4,3016.3,285.28267687
1722038400000,3015.7,3016,2985.9,2988.7,203.4550448
1722052800000,2988.6,3018.1,2987.4,3013.5,233.01716995
1722067200000,3013.3,3022.7,3005.3,3019,294.16180294
1722081600000,3019.6,3061.4,3008.3,3016.4,532.84147956
1722096000000,3016.3,3026,2971.1,3002.7,502.06749251
1722110400000,3001.5,3031.2,2938.5,2986.8,691.27776848
1722124800000,2983.7,2993.8,2966.6,2978.3,78.25494986
1722139200000,2977.7,2982.4,2942.8,2970.6,254.99528848
1722153600000,2970.6,3006.6,2959.3,2997.3,238.03818624
1722168000000,2999.8,3018.6,2997,3008.4,164.8721733
1722182400000,3008.5,3021,3003,3010.6,193.50786554
1722196800000,3011.7,3013.5,2991.8,3010.8,137.40496719
1722211200000,3010.8,3083.7,3008.8,3077.5,572.2360874
1722225600000,3077.5,3114.7,3069.8,3097,953.87539715
1722240000000,3096.5,3129,3095.9,3112.9,1050.0272894
1722254400000,3113.1,3125.7,3034.6,3052.5,1020.87199515
1722268800000,3052.4,3068.1,3007.6,3057.8,771.36706371
1722283200000,3056.4,3096.4,3056.4,3067.8,338.25247418
1722297600000,3064.9,3084.5,3034.8,3067.1,110.6932913
1722312000000,3067.3,3095,3047.2,3087.3,279.9815442
1722326400000,3088,3099,3071.5,3079.9,383.96141963
1722340800000,3079.9,3111.2,3045.8,3071.8,747.4659976
1722355200000,3071.6,3076.2,3015.5,3024.9,506.9767936
1722369600000,3026.8,3037.2,2965,3030.8,545.62033978
1722384000000,3031,3052,3015.9,3043.3,163.97342084
1722398400000,3042.2,3080.9,3013.9,3066.5,420.99232881
1722412800000,3066.5,3075.1,3053,3067.9,260.56407123
1722427200000,3067.8,3088.9,3047,3049.4,775.52862316
1722441600000,3051,3076.7,2996.9,3017.5,738.16010815
1722456000000,3017.6,3022.3,2970,2987,827.07179649
1722470400000,2988.3,2995.7,2930,2935.7,300.8659001
1722484800000,2934.4,2944.1,2897,2933,827.33925282
1722499200000,2932.8,2963.8,2931.7,2955.2,513.64832893
1722513600000,2955.8,2972,2876,2889,946.63800725
1722528000000,2889.1,2906.4,2856.1,2904.3,1237.99969773
1722542400000,2902.1,2982,2894.3,2969.7,727.74230771
1722556800000,2969.9,2982.5,2908,2935.5,220.53479389
1722571200000,2935.5,2940.1,2894.2,2913.8,285.7529104
1722585600000,2911,2923.6,2898.8,2910.7,473.97125268
1722600000000,2910.2,2920,2734.4,2785.8,2669.82222883
1722614400000,2786,2795.8,2746,2760.5,965.5232572
1722628800000,2761.1,2787.9,2720,2740.7,989.02088049
1722643200000,2738.9,2752.4,2674,2736.1,928.36344323
1722657600000,2735.3,2750.8,2716.8,2740.7,351.40079852
1722672000000,2740,2759.3,2731,2752.3,357.99127802
1722686400000,2751.4,2772.5,2698.4,2702.3,447.74356164
1722700800000,2702.3,2711.4,2642.8,2656.3,1414.36063403
1722715200000,2657.4,2684.2,2626.6,2666.4,879.30678412
1722729600000,2666.2,2695,2642.8,2675,174.22387344
1722744000000,2676.7,2682,2651,2655.6,224.92545656
1722758400000,2655.5,2687.4,2641,2677.6,333.67780656
1722772800000,2677,2689,2589.9,2595.6,1325.21542196
1722787200000,2596.2,2606,2413,2552.2,4156.04543059
1722801600000,2552,2558.9,2459.3,2464.8,1815.91676969
1722816000000,2465.8,2471.8,2000,2130.4,2976.71256909
1722830400000,2130.2,2248.9,1975,2167,8034.08952734
1722844800000,2167,2200,2034.5,2092.2,5886.06931227
1722859200000,2091.1,2257,1988,2249.3,7823.51149326
1722873600000,2249.3,2325,2165.2,2200.6,2922.08900118
1722888000000,2198.6,2267.5,2198.6,2216.1,714.59983342
1722902400000,2217.3,2331,2217.3,2282.2,752.89179706
1722916800000,2281.4,2333.2,2271.4,2319.6,3098.36281787
1722931200000,2319.1,2321.4,2242.2,2257.3,1646.41382274
1722945600000,2257.5,2340.4,2213.4,2318.7,2393.1673693
1722960000000,2317.6,2336.3,2277.3,2287.2,1062.97815945
1722974400000,2287.1,2304.5,2244.5,2256.8,834.96272132
1722988800000,2256.8,2320.5,2225.5,2301.1,361.80261763
1723003200000,2300.1,2328.7,2280.8,2304.2,845.19706589
1723017600000,2303.9,2340,2266,2268.4,1743.90537343
1723032000000,2268.4,2279.4,2166.1,2210.1,3368.33832202
1723046400000,2210,2212.4,2132.3,2153.1,2356.24191361
1723060800000,2152.5,2171.7,2115.8,2142.4,1253.92980413
1723075200000,2145.7,2256.7,2125.4,2224.2,765.01493586
1723089600000,2224.8,2236.1,2206.4,2207.3,543.54024067
1723104000000,2208.3,2251.3,2203,2240.2,692.31581704
1723118400000,2242.7,2315.3,2217.6,2298.7,3688.86397015
1723132800000,2299.9,2389.5,2297.1,2358.4,2237.94982256
1723147200000,2359.7,2496,2353.6,2459,1506.64262298
1723161600000,2458.6,2471.5,2425,2467.6,1287.91683023
1723176000000,2467.1,2476.8,2426,2446.3,1027.80900963
1723190400000,2446.4,2455.4,2399.3,2416,1228.40420579
1723204800000,2415.6,2439.7,2341.2,2344,2082.59693183
1723219200000,2342.8,2391.3,2339.1,2373.8,538.97726446
1723233600000,2374.4,2394.8,2350,2383.4,536.65429847
1723248000000,2382.5,2424,2362.6,2386.4,248.15876199
1723262400000,2387.3,2420,2376.4,2418.1,256.990129
1723276800000,2417.1,2425,2407.7,2420.2,338.99627653
1723291200000,2420.5,2420.7,2383.2,2384.5,405.66547065
1723305600000,2385.4,2404,2376.3,2387.7,308.22798142
1723320000000,2388.3,2402.8,2382.8,2393.4,198.56494743
1723334400000,2393.5,2444.8,2389.1,2425.6,139.21741075
1723348800000,2427,2460,2415.7,2454.8,310.79231174
1723363200000,2455.7,2493.4,2426.4,2434.6,566.57771736
1723377600000,2432.3,2435.6,2380,2396.8,616.32923522
1723392000000,2397.1,2428.3,2382.1,2384,847.18931591
1723406400000,2384.1,2387.1,2328.3,2341.7,1207.93574144
1723420800000,2342.2,2361.1,2300.7,2329.6,452.48336821
1723435200000,2331,2364.3,2305,2352,912.24689768
1723449600000,2354.1,2455.6,2345,2449,1338.6682674
1723464000000,2448.5,2491.9,2374.5,2461.8,2098.98139677
1723478400000,2462.1,2470,2403.7,2433.8,1148.56234579
1723492800000,2434.3,2516,2433.6,2490.3,1858.76523341
1723507200000,2490.4,2500.6,2425,2430.2,1104.44121519
1723521600000,2430.2,2436.6,2410.9,2424.4,740.23311635
1723536000000,2423.2,2433.4,2391.5,2418.9,1255.83040899
1723550400000,2420.7,2442.2,2403.9,2422.9,1621.80178126
1723564800000,2421.8,2486.9,2419.2,2467.4,3578.23145095
1723579200000,2466.5,2487.9,2450,2458.9,1292.22469625
1723593600000,2459.7,2480.4,2446.8,2467.6,292.56257436
1723608000000,2465.2,2502.9,2465.2,2479.2,926.65957742
1723622400000,2479.3,2508,2467.1,2496.9,1015.17841823
1723636800000,2493.6,2524.5,2388.4,2428.8,4603.73674047
1723651200000,2428.5,2428.5,2400,2425.9,1212.54842575
1723665600000,2425.1,2435.7,2401,2419,394.11825612
1723680000000,2419,2428.9,2395.5,2411.5,211.60309883
1723694400000,2411.2,2414.5,2353,2374.9,561.80364246
1723708800000,2373.4,2402,2368,2396.4,495.85300341
1723723200000,2396.3,2437,2393,2432.5,1153.65989252
1723737600000,2430.3,2435,2300,2325.8,2057.33487417
1723752000000,2326.9,2362.9,2295.1,2343.8,739.17444303
1723766400000,2343.9,2377.6,2331.3,2351.1,150.50095429
1723780800000,2356.8,2395.7,2352.1,2383.6,279.59981045
1723795200000,2383.3,2391.3,2372.7,2378,948.4728609
1723809600000,2378.8,2381.7,2321,2339.1,2163.06438322
1723824000000,2337.5,2390,2332.7,2379,970.497783
1723838400000,2379.2,2384.2,2349.1,2354.4,748.57255602
1723852800000,2353.4,2367.4,2349.8,2356.1,33.81491688
1723867200000,2356.9,2364.2,2352.5,2360.7,87.28245478
1723881600000,2360.7,2366.5,2354.6,2359.7,184.41975927
1723896000000,2359,2377.2,2357.8,2366.6,285.07278741
1723910400000,2366.9,2385,2366.9,2373.9,261.08753335
1723924800000,2374.2,2376.2,2359.5,2373,97.26893412
1723939200000,2372.7,2393.4,2365,2365,256.74413903
1723953600000,2365.6,2369.2,2355.6,2367,278.67036073
1723968000000,2366,2418,2364.5,2402.7,854.65928553
1723982400000,2402.5,2437,2397.1,2422.7,554.61065023
1723996800000,2424.7,2429.1,2396.8,2418.5,234.84207129
1724011200000,2420,2421.4,2369,2370.5,672.67193806
1724025600000,2370.2,2399.1,2364.3,2398,409.29829317
1724040000000,2397.2,2400.8,2366.6,2368.3,623.42523681
1724054400000,2367.3,2375.8,2327.7,2345.2,1615.65765488
1724068800000,2342.4,2360.9,2321.3,2335.6,1071.4362968
1724083200000,2335.8,2375.2,2326.7,2353.5,888.37747185
1724097600000,2352.3,2382.9,2350.1,2378.9,757.77158765
1724112000000,2379.1,2415,2367.4,2403.2,1120.96919095
1724126400000,2405.3,2433.9,2400.1,2411.8,929.57944462
1724140800000,2412.8,2413.4,2384.6,2386.2,1037.18668675
1724155200000,2385.5,2397.1,2300.8,2318.9,3305.43666596
1724169600000,2319,2344.4,2310,2340,1767.50500691
1724184000000,2339.1,2346.3,2307.7,2313.4,560.53645665
1724198400000,2313.2,2334.8,2300,2331,250.75541002
1724212800000,2330.6,2343.9,2329.2,2340,344.41322172
1724227200000,2340.7,2345.5,2309,2321.4,934.85298695
1724241600000,2319.1,2354.8,2282,2336,1828.29787215
1724256000000,2335.9,2375.2,2326.8,2373.4,1305.91771648
1724270400000,2374.6,2388,2348.8,2357,644.44309608
1724284800000,2357.6,2367,2320,2347.7,234.9204825
1724299200000,2346.2,2372.7,2345.6,2368.1,329.211637
1724313600000,2367.3,2374.1,2352.9,2372.9,524.72111269
1724328000000,2372.4,2375.7,2332.7,2340.3,1457.22772412
1724342400000,2339.8,2357.9,2338.4,2345.9,720.87280722
1724356800000,2346.9,2364.6,2346.9,2360.6,820.48163594
1724371200000,2360.9,2386,2359.4,2370,429.33762857
1724385600000,2371.2,2417.1,2368.4,2401,1801.7086929
1724400000000,2401.3,2410.4,2385.7,2386.7,1594.05310033
1724414400000,2388.2,2418.6,2357.4,2390.4,3090.60615497
1724428800000,2390.5,2457.4,2384.3,2454.6,2501.72692778
1724443200000,2454.2,2499,2435,2467,1252.86962884
1724457600000,2467,2472.2,2448.2,2450.1,94.17578097
1724472000000,2450,2467.3,2446.2,2463,352.5247063
1724486400000,2462.8,2487,2459.7,2462.5,500.46582759
1724500800000,2462.5,2469.1,2457.9,2466.4,319.05301329
1724515200000,2466.1,2517.6,2464.8,2491.9,719.17204662
1724529600000,2492.9,2504.7,2437.4,2470.3,472.30332811
1724544000000,2469.9,2481,2452.3,2466,164.51460362
1724558400000,2464.8,2471,2436.1,2446.1,235.96303017
1724572800000,2444.4,2460.7,2440.2,2452.4,220.88580046
1724587200000,2452.4,2475.1,2446.9,2467.9,335.39344322
1724601600000,2468,2476.5,2464.9,2470.5,280.24001106
1724616000000,2470.5,2493.7,2448.5,2453.5,412.43213321
1724630400000,2453.1,2466.7,2429.2,2453.8,125.49009253
1724644800000,2454.2,2460.9,2440.6,2445.1,332.63085926
1724659200000,2444.8,2460.8,2425,2452.2,736.69172551
1724673600000,2452,2456.2,2422.3,2439,1254.52606994
1724688000000,2438.1,2446.5,2396.9,2403.2,1167.96722436
1724702400000,2401.9,2413.8,2390.1,2401.5,693.93268324
1724716800000,2402.8,2412.9,2389,2404.9,656.70034701
1724731200000,2404.6,2418.4,2395.8,2407.9,406.95523197
1724745600000,2407.8,2411.6,2346,2353.6,1255.38725
1724760000000,2351.7,2356.2,2293,2310.9,2381.61882579
1724774400000,2310.4,2318.5,2297.1,2312.6,910.63095234
1724788800000,2310.6,2314.8,2130,2201.6,2792.50651667
1724803200000,2201.6,2223.8,2167,2223,428.89550925
1724817600000,2220.9,2230.9,2183.7,2187,930.66935774
1724832000000,2186.1,2291.4,2180.3,2270.5,959.85297939
1724846400000,2270.1,2286.7,2204.9,2244.5,1195.87599621
1724860800000,2244.5,2291.8,2211.9,2255.9,1003.63437057
1724875200000,2255.8,2299.8,2255.8,2274.3,692.89839127
1724889600000,2275.3,2280.4,2259.8,2267,214.36448238
1724904000000,2268.1,2300.5,2263.8,2290.7,458.68283235
1724918400000,2290.1,2318,2287.9,2305.1,443.32393992
1724932800000,2304.1,2344.6,2302.2,2325.1,1044.53565555
1724947200000,2325.2,2334.3,2266.2,2283.7,1140.35478263
1724961600000,2283.7,2297.5,2263.4,2283.4,474.48241036
1724976000000,2281.4,2288.4,2264.5,2273.8,289.92040755
1724990400000,2274.9,2285.8,2261.2,2273.4,606.15445637
1725004800000,2271.9,2282.2,2264,2268.4,774.82027681
1725019200000,2267.5,2301,2204,2214.6,2800.373665
1725033600000,2215.3,2300,2201.9,2269.9,1554.86238629
1725048000000,2269.9,2291.8,2269.3,2287.9,143.11061222
1725062400000,2287.5,2293.2,2282,2285.4,95.62512216
1725076800000,2285.4,2291.2,2280.8,2283.4,161.66848791
1725091200000,2282.5,2289.2,2274,2285.3,297.74780771
1725105600000,2285.9,2288.2,2275.8,2280.1,161.98931296
1725120000000,2281.2,2281.2,2255.9,2263.2,343.34719436
1725134400000,2262.5,2288.8,2258.3,2275.4,228.33592793
1725148800000,2273.8,2277.3,2242.5,2253.6,256.57643258
1725163200000,2253.4,2255.1,2226.7,2251.5,569.21560971
1725177600000,2252,2257.5,2227,2243.7,340.10351322
1725192000000,2243.2,2252.7,2208.7,2247.2,805.67517437
1725206400000,2247.2,2277.1,2226.4,2265.4,521.41627217
1725220800000,2265.7,2277.7,2175,2199.9,508.19862362
1725235200000,2199.4,2222.4,2197.7,2218.2,178.63432783
1725249600000,2218.7,2229,2199.8,2206.3,384.51386504
1725264000000,2206.6,2291.3,2203.5,2275,962.24002445
1725278400000,2275.3,2285.6,2253.5,2271.1,918.4781778
1725292800000,2271.7,2285.3,2265.2,2280.6,258.09699083
1725307200000,2281.3,2317,2279.1,2293.7,632.81814102
1725321600000,2293.6,2305.7,2274.1,2275.1,236.81016042
1725336000000,2276.1,2283.9,2272.6,2279.4,349.72412924
1725350400000,2279.8,2279.8,2257,2273.5,470.12763369
1725364800000,2274.2,2280.4,2208.4,2213.9,996.99791318
1725379200000,2213.6,2236.1,2207.8,2216.2,860.83950172
1725393600000,2217.4,2235.2,2182.4,2194.8,480.78500383
1725408000000,2195.9,2216.7,2089.2,2148.1,1532.13222098
1725422400000,2149.1,2182.4,2137.9,2171.7,1156.87679181
1725436800000,2172.4,2180.3,2160.9,2172,737.09203943
1725451200000,2172.1,2220,2160.6,2217.5,1354.32482027
1725465600000,2217.2,2246.6,2202.9,2213.8,1070.2859226
1725480000000,2214.9,2228,2205.4,2211.6,561.80659289
1725494400000,2211,2225.3,2171.2,2171.6,571.06357863
1725508800000,2172.3,2183.6,2145.5,2176.5,509.48715925
1725523200000,2176.5,2179.9,2148.5,2153.8,561.77812074
1725537600000,2154.4,2176.1,2126.6,2139,1321.51320369
1725552000000,2138.2,2157.8,2114.2,2129.2,786.90097894
1725566400000,2128.5,2140.8,2117.7,2132,688.50174457
1725595200000,2155.7,2156.6,2089.1,2109.8,702.16446435
1725609600000,2109.4,2143.5,2104.5,2137.2,682.75829695
1725624000000,2137.9,2164.4,2042.5,2066.9,3356.14302145
1725638400000,2067.3,2069.9,1993,2006.4,3451.93230524
1725652800000,2006,2012.4,1942.5,2011.4,1930.24667146
1725667200000,2011,2027.4,2008.4,2023,243.8068261
1725681600000,2023.4,2074.4,2022.9,2070.2,492.81998557
1725696000000,2068.5,2079.3,2059.2,2065.1,485.0747458
1725710400000,2068,2090.9,2064.4,2081.5,323.7006473
1725724800000,2081.7,2084.5,2047.8,2072.3,363.99718058
1725739200000,2070.7,2072.1,2040.5,2054.6,236.30133324
1725753600000,2055.4,2066.7,2045.8,2063.9,56.11676908
1725768000000,2065.1,2081.3,2063.6,2072.5,202.10506578
1725782400000,2072.5,2085.2,2066.5,2073.5,201.13514071
1725796800000,2072.8,2076.9,2024.8,2027.8,516.25986421
1725811200000,2029.3,2063.3,2027,2052.8,365.08779633
1725825600000,2052.8,2107,2048.6,2075.6,475.78762308
1725840000000,2075.8,2096,2068.7,2081.7,179.81351255
1725854400000,2083.5,2094.8,2064.4,2094.1,597.06360008
1725868800000,2093.7,2119.7,2091.8,2097.3,703.41387812
1725883200000,2097.5,2107.1,2060.2,2077.6,906.63017356
1725897600000,2077.6,2133,2076.8,2131.4,1418.15590484
1725912000000,2131.9,2160.1,2120,2139.2,1006.71628399
1725926400000,2140,2140,2117.8,2121.2,662.54313826
1725940800000,2122.6,2143.5,2111.6,2142.4,345.75188408
1725955200000,2142.3,2149.9,2121,2133.5,504.73681082
1725969600000,2132,2144,2106,2109.5,723.72370341
1725984000000,2109.5,2169,2108.9,2159.9,746.5028203
1725998400000,2158.9,2177,2153,2167.4,615.06442427
1726012800000,2167.4,2167.6,2122,2127.3,415.45755747
1726027200000,2126.9,2126.9,2099.7,2121.6,745.08187023
1726041600000,2121.5,2121.5,2090,2108.5,622.84668864
1726056000000,2108.1,2137,2071,2112.3,2467.77782632
1726070400000,2112.9,2150.2,2112.7,2125.4,1642.46688078
1726084800000,2125.3,2136.1,2119.6,2126.1,336.30909577
1726099200000,2126.1,2172.8,2126,2151,844.24333402
1726113600000,2151.3,2160.1,2135.8,2143.4,899.31683603
1726128000000,2144.1,2147.8,2126.9,2132.2,677.05347737
1726142400000,2132.3,2145.2,2097.7,2104.1,1736.97767626
1726156800000,2103.7,2134.6,2103.3,2132.6,1063.74687752
1726171200000,2132.1,2143,2114.6,2132.1,1063.04705185
1726185600000,2132.1,2133,2120.2,2124.9,407.28628481
1726200000000,2124.9,2128.1,2110.4,2118,983.61471522
1726214400000,2118.1,2141.6,2111.5,2121.8,589.83414186
1726228800000,2124.5,2176.2,2113.5,2172.2,1726.39375637
1726243200000,2172.6,2192.2,2163.4,2185.9,1454.55644145
1726257600000,2185.4,2225.7,2179.2,2202.6,1063.75556641
1726272000000,2203.3,2203.8,2187.2,2197.3,223.23458143
1726286400000,2196.7,2196.7,2178.6,2185,280.80290011
1726300800000,2185.4,2187,2173.5,2181.2,345.92366389
1726315200000,2180,2186.8,2176.8,2182.6,204.94276989
1726329600000,2182.4,2190.8,2146.2,2173.4,614.81376483
1726344000000,2173.9,2183.9,2172.1,2181.8,146.46789688
1726358400000,2182.1,2191.7,2181.6,2184.9,126.72578674
1726372800000,2185.3,2188.4,2179.1,2186.6,129.89547077
1726387200000,2186.6,2187,2167.3,2171.5,346.54526434
1726401600000,2170.5,2182.1,2162.1,2173.6,300.65948526
1726416000000,2173,2173.1,2134.2,2141.9,718.43195813
1726430400000,2141.9,2141.9,2062.1,2090.8,1177.07751688
1726444800000,2090.1,2094.2,2032.7,2053.3,970.89520972
1726459200000,2053.2,2081.6,2051.6,2079.8,884.28945582
1726473600000,2080,2100.5,2059.6,2075.5,836.97362592
1726488000000,2075,2078.7,2040.5,2056.8,783.15329568
1726502400000,2057.3,2077.5,2042.2,2045.2,994.64795486
1726516800000,2045,2068.5,2039,2063.8,559.73149713
1726531200000,2063.6,2066.8,2035.5,2054.2,520.08682308
1726545600000,2054.4,2076.1,2053.2,2074.7,335.69947337
1726560000000,2074.7,2087.2,2068,2073.4,624.02442431
1726574400000,2073.1,2153,2072,2144.5,1561.45989842
1726588800000,2144.5,2150,2094.9,2115.6,812.15062003
1726603200000,2115.6,2124,2094.8,2105.2,453.45969429
1726617600000,2104.7,2105.2,2077.8,2098.4,370.14230076
1726632000000,2098.5,2099.3,2080.2,2094.2,309.43244814
1726646400000,2091.4,2092.6,2046,2068.6,641.70627558
1726660800000,2067.6,2080.7,2055.6,2066.4,575.75034968
1726675200000,2066.4,2114.9,2060.2,2084.8,1595.23549021
1726689600000,2084.5,2138.2,2062.7,2137,858.16571035
1726704000000,2136.8,2172.4,2135.2,2161.2,1117.60052657
1726718400000,2160.3,2189.6,2157.9,2185.5,960.53906724
1726732800000,2186.2,2189.4,2168.7,2182.9,902.18652909
1726747200000,2183.7,2201.1,2175.6,2188.1,1064.55706526
1726761600000,2188,2233.8,2182,2203.4,1470.99666007
1726776000000,2203.9,2217.7,2195.5,2205.5,401.78967173
1726790400000,2207,2253.1,2182,2253.1,221.31177538
1726804800000,2251.7,2300.9,2249.4,2291.5,868.3694944
1726819200000,2291.1,2295.6,2271.2,2279.3,736.20678525
1726833600000,2279.1,2304,2256.5,2292.8,1897.11535947
1726848000000,2293.4,2298.2,2262,2275.8,621.60664153
1726862400000,2276.9,2294.3,2274.2,2293.7,247.64665372
1726876800000,2293.5,2316.8,2269.9,2278.2,324.76568848
1726891200000,2278.1,2291.6,2265,2289,156.21855693
1726905600000,2289.2,2290.7,2279,2289.6,223.82004222
1726920000000,2290.3,2306.7,2285.7,2293.7,397.537038
1726934400000,2293.7,2309.3,2290.7,2303.5,245.42787724
1726948800000,2304,2349,2293.3,2340.2,302.20190217
1726963200000,2339.3,2357.9,2319.2,2324.5,304.38571857
1726977600000,2326.5,2332,2306.1,2317.6,162.95038664
1726992000000,2316.3,2324.5,2303.1,2311.1,328.57056087
1727006400000,2311.6,2317.9,2289.9,2302.9,365.77936243
1727020800000,2302.8,2321.1,2287,2310,534.54984953
1727035200000,2310.2,2322,2262.4,2311.9,567.41820229
1727049600000,2313.6,2404.5,2277,2396.5,730.89988846
1727064000000,2396.5,2400.6,2370.6,2381.3,1040.8058486
1727078400000,2382.5,2396.3,2370.4,2379.2,885.70286271
1727092800000,2379.5,2411.6,2365.5,2402.1,1801.31716329
1727107200000,2403.4,2429.2,2389.4,2404.2,1693.49197632
1727121600000,2404.4,2413.7,2376.8,2382.8,1481.08516743
1727136000000,2383.4,2386,2349.7,2363.1,1278.70966714
1727150400000,2363.8,2382.3,2355.2,2378.5,908.67066016
1727164800000,2377.2,2393,2365,2368.8,1137.85005772
1727179200000,2369,2376,2321.2,2342.8,2946.20100581
1727193600000,2343.3,2379.5,2340.2,2371.7,1081.42417687
1727208000000,2372.1,2387.9,2362,2369.7,952.01781497
1727222400000,2369.9,2387.3,2350.1,2361.6,353.33748312
1727236800000,2362,2362,2332.5,2341.4,810.58557156
1727251200000,2342,2351.8,2336.6,2346.6,893.04749665
1727265600000,2346.6,2353.6,2325,2334,2155.40206059
1727280000000,2334,2342.2,2302.8,2309.8,2532.4492232
1727294400000,2310.7,2322,2295,2318,1183.3297679
1727308800000,2318.1,2339,2298.3,2335.5,1839.89770224
1727323200000,2334.7,2364.5,2326.3,2361.4,839.58984133
1727337600000,2361.2,2366.6,2344.2,2355.8,1407.81030088
1727352000000,2355.7,2380.8,2336.6,2371.1,3556.01914043
1727366400000,2371.3,2385,2350.1,2369.9,1473.68527601
1727380800000,2372.5,2375.5,2342.5,2355.1,1303.45500221
1727395200000,2355,2365.8,2341.5,2361.9,775.3455057
1727409600000,2362.4,2391.7,2362.1,2387,1139.27677797
1727424000000,2387.1,2403.9,2366,2376.7,2101.30151741
1727438400000,2376.2,2419.1,2362.7,2405.1,2960.23029949
1727452800000,2405.3,2446.5,2402,2419.8,2961.02692066
1727467200000,2420.8,2426.4,2410.1,2414.1,1135.92293123
1727481600000,2414.2,2422.6,2408.5,2410.1,747.40980536
1727496000000,2410.8,2419.3,2397.5,2399.7,745.6285877
1727510400000,2399.8,2400.1,2375,2395.7,811.7096415
1727524800000,2394.9,2397.1,2376.4,2391.8,588.13204022
1727539200000,2391.6,2404.3,2385.1,2398.7,348.62969237
1727553600000,2398.6,2400.4,2378.2,2396.2,659.95797811
1727568000000,2396.1,2403,2385.2,2395.1,261.90994043
1727582400000,2395.1,2395.1,2357,2364.9,864.83913061
1727596800000,2365.3,2377.7,2360,2375.4,1042.13506549
1727611200000,2375.4,2389.9,2365,2387.2,1139.96165953
1727625600000,2387.4,2391.5,2372.9,2385.9,658.65373767
1727640000000,2386.1,2391.9,2370.8,2380.3,846.2230065
1727654400000,2379.7,2383.8,2330.9,2356.8,1794.11345188
1727668800000,2356.2,2368.4,2350.7,2361.1,929.37615164
1727683200000,2360.7,2361.2,2316.3,2347.5,1932.601479
1727697600000,2347.7,2360.5,2327.6,2328.8,1569.74432563
1727712000000,2329,2341.8,2314.1,2328.8,2380.45792808
1727726400000,2329.8,2349.6,2312.6,2335.8,1991.28496592
1727740800000,2335.9,2362.7,2326.7,2359.7,1407.08171748
1727755200000,2359.8,2386.7,2358.2,2380.1,1709.77299393
1727769600000,2379.7,2382.4,2371,2371,1109.94278699
1727784000000,2371.3,2376.9,2243.2,2280.6,5344.37113765
1727798400000,2280.5,2286.2,2203.4,2245.9,3785.75409808
1727812800000,2246.9,2250.3,2180,2213,2008.3656909
1727827200000,2211.6,2257.4,2205.7,2248.3,926.56205841
1727841600000,2248.5,2252.1,2230.2,2243.5,951.11689704
1727856000000,2242,2244.3,2205.4,2216.6,1456.5509254
1727870400000,2216.3,2230.7,2188.4,2227.2,3329.36893746
1727884800000,2227,2243,2143.6,2147.2,2623.40489393
1727899200000,2149.3,2166,2129.6,2140.7,1458.75396681
1727913600000,2139.9,2174.1,2131.5,2173.8,1530.40945289
1727928000000,2173.3,2178.1,2167,2168.5,171.04442441
1727942400000,2144,2146.6,2101.7,2130.5,1656.64678301
1727956800000,2130,2144.1,2097.4,2124.6,1940.7543043
1727971200000,2124.7,2135.1,2097.4,2135.1,936.47865009
1727985600000,2134.5,2137.5,2115.3,2129.7,438.02815206
1728000000000,2130.4,2157.9,2121.3,2146.5,379.93429105
1728014400000,2147.1,2164.4,2146.2,2160.5,477.10264148
1728028800000,2160.1,2172.7,2153.5,2164.1,615.90266339
1728043200000,2164.5,2206,2145.5,2205.5,2339.14366949
1728057600000,2206.2,2229.5,2198.9,2213.6,2082.85596286
1728072000000,2214.6,2216.3,2199.1,2200.6,423.73943753
1728086400000,2200.8,2212.7,2179.1,2187.6,293.91793985
1728100800000,2188.1,2212.9,2185.6,2202.5,191.28722432
1728115200000,2202.3,2213.7,2202.3,2204.6,218.96995431
1728129600000,2204.2,2208.9,2191.2,2200.3,377.4735296
1728144000000,2200.5,2201.4,2179.9,2182.6,363.9121601
1728158400000,2182.3,2203.4,2176.8,2199.1,282.98639577
1728172800000,2199.7,2206.2,2192,2198.7,100.55635559
1728187200000,2199.7,2205.4,2195.7,2202.3,168.44926475
1728201600000,2203.5,2214,2200.7,2211.3,260.1307434
1728216000000,2211.2,2236.5,2209.2,2228,518.62001191
1728230400000,2228.1,2233.7,2217.5,2223.4,445.73106544
1728244800000,2223.2,2227.8,2201.7,2224,802.88275786
1728259200000,2223.8,2289,2220.3,2273.6,1243.55340373
1728273600000,2274.2,2276.4,2258.4,2260.7,374.31902242
1728288000000,2260.9,2268.2,2222.3,2254.5,1206.63567968
1728302400000,2254.3,2295.9,2243.1,2253.9,1420.2621068
1728316800000,2253.6,2258.2,2205.8,2227.5,1105.84478266
1728331200000,2228.3,2237.8,2189,2206.8,1014.54302839
1728345600000,2209.3,2226.4,2207.7,2219.4,503.64704821
1728360000000,2219.6,2225.8,2195,2207.9,777.58367049
1728374400000,2207.8,2222,2200,2219.6,522.71402878
1728388800000,2219.7,2233.9,2190,2204.9,1435.07520196
1728403200000,2204.9,2236.5,2197.2,2221.2,1266.45750892
1728417600000,2221.7,2245.1,2217.1,2222.8,734.06549536
1728432000000,2222.7,2253.6,2211.4,2229.7,326.54538732
1728446400000,2229.6,2235.2,2219.7,2221.9,330.4435815
1728460800000,2221.1,2227.9,2212.8,2227.3,319.82749034
1728475200000,2227.3,2255.4,2211.6,2246.4,547.22621558
1728489600000,2246.1,2248.1,2198.6,2208.8,582.52762632
1728504000000,2208.2,2208.4,2148.2,2165.4,1100.44997102
1728518400000,2165.6,2191.1,2162.2,2187.4,628.38718483
1728532800000,2186.9,2202.1,2183.3,2188.8,347.9303358
1728547200000,2188.8,2200.3,2164.7,2199.2,1145.18737428
1728561600000,2199.2,2201.1,2167.4,2199,1409.56775037
1728576000000,2198.7,2212.6,2132.8,2163.3,1730.23922898
1728590400000,2163.1,2181.5,2155.6,2180.8,729.66826434
1728604800000,2181.2,2208.2,2177.7,2204.1,186.84754266
1728619200000,2203.4,2209.5,2196.6,2198.9,208.03733426
1728633600000,2198.4,2217,2193.5,2211.2,788.79639746
1728648000000,2211.6,2240.5,2208.2,2235.5,1941.85512814
1728662400000,2236.4,2258.7,2223.7,2249,1315.27392475
1728676800000,2248.9,2250.5,2224.1,2228.6,360.06508394
1728691200000,2228.3,2239.3,2224.9,2228.8,163.10174393
1728705600000,2229.7,2240.5,2229.7,2235.7,251.1708847
1728720000000,2235.2,2254,2231.7,2239.7,145.16579593
1728734400000,2241.5,2268,2237,2257.9,343.8007174
1728748800000,2258.7,2270,2251.5,2256.8,280.84949526
1728763200000,2256.8,2272,2252.4,2259.5,198.21807217
1728777600000,2259.3,2266.7,2237.7,2241.7,43.74253638
1728792000000,2246.1,2252.7,2244.8,2249.1,60.14308544
1728806400000,2250.3,2255.2,2242.6,2243.7,186.86509578
1728820800000,2243.5,2254,2223.5,2226.8,320.83243214
1728835200000,2225.9,2246.9,2224,2243.7,221.19866276
1728849600000,2243.7,2268.6,2239.7,2257.9,288.76876635
1728864000000,2258.7,2305.6,2237.3,2301.5,478.17828031
1728878400000,2306.3,2326.2,2293.2,2313.3,714.30465479
1728892800000,2314.6,2328.1,2298.8,2320.1,619.25900872
1728907200000,2320.2,2414,2315.9,2408.4,1902.9679805
1728921600000,2408.1,2413,2389.8,2396.6,1204.28003063
1728936000000,2396.1,2423.8,2390.7,2401,597.42825304
1728950400000,2401.9,2408.5,2383.4,2388,124.86571248
1728964800000,2388,2401,2369.4,2391.8,334.53334622
1728979200000,2392.4,2397.5,2361,2366.2,366.57512147
1728993600000,2366.9,2459,2325,2359.4,1364.31367754
1729008000000,2359.5,2400.6,2357.7,2377.6,526.74684881
1729022400000,2379,2393.6,2352.4,2393.6,262.51291981
1729036800000,2391.9,2411.8,2377.6,2399.8,137.90289541
1729051200000,2400.6,2407.7,2387.4,2393.9,206.20799857
1729065600000,2393.5,2422.9,2392.3,2410.8,782.37224501
1729080000000,2413.9,2427,2381.9,2395.6,557.06440871
1729094400000,2395.4,2416.8,2380.8,2406.4,377.0382311
1729108800000,2405.5,2417.2,2399,2402.6,705.70135525
1729123200000,2402.2,2433.4,2402.2,2428.8,213.70100012
1729137600000,2429.4,2436.4,2410.2,2417.3,460.97635
1729152000000,2417.9,2420,2386.5,2388.3,409.62639921
1729166400000,2388.5,2426.8,2384.7,2424.5,1028.33019473
1729180800000,2425,2425.8,2377.4,2395.2,360.07251178
1729195200000,2394.5,2412,2394.5,2403.8,191.81274244
1729209600000,2401.9,2442.3,2394.6,2404.8,160.12075404
1729224000000,2403.6,2438.3,2403.6,2438.1,277.62787564
1729238400000,2436.2,2442.9,2414.7,2414.8,565.7211526
1729252800000,2415.1,2451.8,2405,2442.9,842.65061321
1729267200000,2443,2461,2422.1,2438.1,766.21802309
1729281600000,2438.1,2438.2,2422.3,2430.1,263.93709287
1729296000000,2429.5,2448.4,2423.3,2434.5,110.33526947
1729310400000,2433.2,2436.7,2424.9,2427.5,76.02364717
1729324800000,2428.4,2435.9,2419.6,2419.6,184.35755714
1729339200000,2419.5,2440.6,2419,2431.7,307.05345693
1729353600000,2432.4,2433,2424.4,2427.9,193.00111891
1729368000000,2427.7,2439.6,2427.7,2432.9,83.07786791
1729382400000,2433.6,2436.6,2421.5,2425.9,89.35797523
1729396800000,2425.3,2435.2,2424,2429.9,59.75735873
1729411200000,2431.3,2435.7,2427.2,2432.2,278.15658457
1729425600000,2433.8,2495.7,2426.3,2482.9,619.30724927
1729440000000,2485.1,2485.1,2464.6,2477.4,217.74811357
1729454400000,2476.8,2532,2475.4,2520.6,889.76480522
1729468800000,2520.1,2540.3,2502.4,2509.4,248.04488702
1729483200000,2508.8,2521.7,2504.3,2505,387.64321083
1729497600000,2505.4,2511.5,2483.6,2489.8,473.29683191
1729512000000,2489.4,2495,2451,2473,1023.95481128
1729526400000,2472.6,2479.1,2451.6,2476.7,389.32995237
1729540800000,2474,2478.2,2462.3,2462.6,163.21223093
1729555200000,2462.3,2467.3,2414.9,2442.5,453.44409292
1729569600000,2440.7,2453.9,2434.3,2440.3,253.96488569
1729584000000,2440.3,2442.1,2412,2430.7,895.88990847
1729598400000,2431,2441.5,2411,2426,947.01145827
1729612800000,2426.1,2435.4,2409,2433,516.36742114
1729627200000,2432.1,2445.8,2423.4,2425.5,262.4641064
1729641600000,2430.1,2430.2,2406.5,2419.7,173.42299277
1729656000000,2419.7,2428.3,2410.9,2411.3,705.01855237
1729670400000,2410.2,2416.9,2374.9,2394.6,862.88178175
1729684800000,2395.2,2397.1,2343.6,2354.4,1914.93745547
1729699200000,2354.2,2356.1,2279.3,2326.5,2719.85886532
1729713600000,2326.6,2342.3,2317.5,2340.3,491.60109453
1729728000000,2338.1,2370,2325.5,2356.7,608.93686999
1729742400000,2356,2371.8,2351.6,2354.4,747.13474765
1729756800000,2354.5,2359.6,2320.1,2339.9,1043.30293818
1729771200000,2340.4,2353.8,2325.8,2335.3,1439.59991105
1729785600000,2337,2346.1,2318.7,2343.6,694.24332113
1729800000000,2343.8,2362.2,2332,2340.7,674.20903541
1729814400000,2341.4,2343,2316.6,2328.2,60.6410883
1729828800000,2327.7,2327.7,2273.6,2292.3,746.723244
1729843200000,2293.1,2350.2,2286.6,2348.3,1154.45848717
1729857600000,2349.4,2366,2318.3,2333,1199.09444019
1729872000000,2332.8,2345.4,2268.5,2289.8,2024.31147578
1729886400000,2289.5,2307.9,2206.5,2259.5,2608.59053524
1729900800000,2257.9,2276,2249.4,2272.4,435.30286612
1729915200000,2271.3,2297,2270.7,2283.8,332.56241518
1729929600000,2282.6,2295.7,2281.6,2290.6,598.11195039
1729944000000,2290,2295.5,2262,2274.6,441.40524183
1729958400000,2275.6,2303.3,2273.8,2302,512.70547606
1729972800000,2302,2321.8,2298.9,2299.2,261.12560901
1729987200000,2299.6,2300.7,2287.8,2300.7,346.12064602
1730001600000,2301,2302,2294.3,2297.7,135.54735059
1730016000000,2297.7,2300.9,2281.8,2287.3,228.23664797
1730030400000,2287.2,2317.6,2287.2,2313.8,366.78984195
1730044800000,2314.6,2321.1,2299.2,2306.9,551.18706785
1730059200000,2306.8,2338.7,2303.7,2319.7,1409.02596927
1730073600000,2320.5,2322.6,2289.7,2295.1,294.03743877
1730088000000,2294.6,2336.5,2291.5,2322,687.21566625
1730102400000,2322,2349.7,2313.7,2332.7,1018.03681871
1730116800000,2333.4,2340.9,2308,2308.9,1080.01275401
1730131200000,2309.6,2332.1,2298.3,2315,1765.7694437
1730145600000,2315.8,2390.5,2315.2,2370,1094.34525459
1730160000000,2370.2,2425.1,2364.6,2405.2,838.08732773
1730174400000,2405.4,2421.4,2405.4,2409.2,726.64813181
1730188800000,2409.7,2437.8,2409.2,2433.6,914.19669991
1730203200000,2433.1,2453.1,2419.2,2451.5,938.15949516
1730217600000,2450.9,2478.5,2419,2422.3,1421.66778873
1730232000000,2421.9,2440.8,2403.3,2433.2,759.80519574
1730246400000,2433.4,2444.4,2396.3,2437,271.50666634
1730260800000,2437.4,2476.2,2432.7,2464.4,484.60492359
1730275200000,2463.7,2484.4,2450.8,2454,948.77798927
1730289600000,2454.2,2508,2448.4,2468.2,2576.67454818
1730304000000,2468.2,2480.6,2442.2,2443.4,1480.97851745
1730318400000,2443.1,2472.5,2427,2446.8,1166.93973585
1730332800000,2447,2458.6,2429.6,2446.9,526.88305658
1730347200000,2446.9,2446.9,2423.9,2436.1,900.79049717
1730361600000,2436,2436.5,2414.7,2427.9,1583.90772947
1730376000000,2427.2,2429.1,2339,2359.4,1746.58092162
1730390400000,2359.2,2360.1,2305,2309.7,1484.52653471
1730404800000,2309.8,2321.7,2297.8,2312,1118.54607737
1730419200000,2311,2324.1,2267.3,2299.1,707.78961985
1730433600000,2299.5,2310.8,2285.2,2302.4,478.2162896
1730448000000,2302.1,2324.3,2295.6,2314.5,524.87749828
1730462400000,2314.8,2382,2287.3,2304.7,1326.20939619
1730476800000,2305,2337.9,2303,2322,540.31228674
1730491200000,2321.7,2332.6,2295,2319.8,344.87912518
1730505600000,2318.8,2329.9,2312.2,2315,77.63774694
1730520000000,2314.8,2321.6,2309,2317,73.79070316
1730534400000,2316.2,2319.3,2303.7,2312.6,172.19430992
1730548800000,2313,2314.6,2282,2300.9,406.52970987
1730563200000,2300.8,2308.8,2292.6,2305.6,167.60577565
1730577600000,2306,2309.8,2299.8,2304.7,167.2705875
1730592000000,2306.8,2309.3,2240,2264.3,462.76897737
1730606400000,2263.5,2276.9,2258.5,2266.6,156.91779391
1730620800000,2265.8,2278.6,2260.9,2269.3,451.74973129
1730635200000,2271,2276.6,2231.2,2258.6,639.96227157
1730649600000,2258.2,2274.6,2230.5,2268.5,658.93705346
1730664000000,2268.6,2285.7,2254.2,2263.6,897.28259932
1730678400000,2263.6,2286.9,2244.3,2269.5,331.2091906
1730692800000,2269.5,2276.9,2256,2258.3,188.46739362
1730707200000,2258.2,2271.1,2244.4,2262.7,408.08149491
1730721600000,2262.8,2278.5,2231.8,2241.7,547.29603235
1730736000000,2241.5,2245.5,2210.9,2233.7,988.40038781
1730750400000,2233.7,2234.5,2169,2205.4,982.97941097
1730764800000,2204.3,2225.1,2189.8,2225.1,427.8513976
1730779200000,2224.8,2246,2222.3,2244,402.5724503
1730793600000,2244.3,2247,2231.8,2239.5,449.10514155
1730808000000,2241,2275.2,2227.6,2237.7,1442.74624762
1730822400000,2239.9,2267.4,2198.5,2205.5,1041.04327712
1730836800000,2205.6,2236.3,2200.1,2218,874.19677688
1730851200000,2218.1,2450,2217.3,2399.9,4804.69571606
1730865600000,2399.9,2454.4,2369.4,2407.8,5290.89551115
1730880000000,2408.8,2461.1,2379.3,2452.8,2617.28757108
1730894400000,2452.9,2487,2433,2453,5061.78009305
1730908800000,2452.1,2502.4,2451.5,2501.7,2269.56985319
1730923200000,2501.7,2553.5,2484,2532.6,1781.67846169
1730937600000,2532.4,2676,2511.4,2651.6,1147.85863927
1730952000000,2651.6,2651.6,2577.6,2616,1419.3219626
1730966400000,2617.4,2627.5,2594.1,2594.7,1459.87558043
1730980800000,2594.5,2636.5,2566.4,2636.5,4023.68100108
1730995200000,2635.5,2684.2,2619.4,2675.8,3931.58922822
1731009600000,2676.5,2701,2650,2679,2529.16488673
1731024000000,2681.4,2735.8,2676.8,2691.2,1570.80153937
1731038400000,2690.8,2711.4,2681.4,2703.2,1097.68427354
1731052800000,2703.3,2720,2686.9,2704.7,1769.91223747
1731067200000,2705.1,2752,2701.9,2734.2,5237.86796938
1731081600000,2734.6,2795,2704,2756.2,3112.21227345
1731096000000,2756,2777.2,2722.1,2764.6,2092.66210209
1731110400000,2764.8,2796.1,2759.6,2768.4,928.44231111
1731124800000,2769.4,2855,2759.1,2829.6,1894.1340761
1731139200000,2829.1,2853.7,2820.7,2849.4,1674.36253302
1731153600000,2850,2852,2827.4,2838.5,1022.21158991
1731168000000,2838.2,2887,2790.4,2863.9,2150.62844221
1731182400000,2864.2,2944.9,2860.5,2917.7,2102.46643653
1731196800000,2917.3,2938.4,2896,2923,1048.41832813
1731211200000,2922.2,2993.4,2918.6,2962.4,2249.93659135
1731225600000,2963.5,3008.6,2950,2999.5,2348.41602348
1731240000000,2999.8,3016,2946.1,2984.6,2425.3490602
1731254400000,2984.6,3021.1,2895.1,2940.5,2539.633821
1731268800000,2940.3,2997.1,2782.1,2959.1,5421.73643828
1731283200000,2959.6,2994.8,2948.4,2970.6,596.87908453
1731297600000,2971.3,2971.3,2885.1,2924.1,970.37497508
1731312000000,2923,3001.6,2922.7,2995.9,1728.68117919
1731326400000,2996.5,3060.4,2945.5,3038.6,3199.85892666
1731340800000,3039.3,3131,3034.3,3092.2,4266.2834924
1731355200000,3090.1,3153.4,3040.1,3135.4,4532.73330761
1731369600000,3135.6,3137.7,3020,3119.7,2048.76840017
1731384000000,3118.3,3174.5,3050,3159.5,3005.30261879
1731398400000,3160.1,3225,2820,3081.6,10864.10207032
1731412800000,3081.7,3096.5,3004.1,3068,4745.66033753
1731427200000,3068.8,3109.4,3017.7,3078.6,2301.92613301
1731441600000,3076.5,3101.2,3038.2,3042.2,3841.73734523
1731456000000,3042.1,3079.2,3009.8,3015.1,2903.6572773
1731470400000,3015,3034,2925.1,2982.1,3182.82591221
1731484800000,2980.9,3008.6,2958.7,2981.9,2813.60770774
1731499200000,2981.4,3139.6,2970.3,3120.7,8889.48810732
1731513600000,3120.7,3145.5,2965.8,2974.1,9167.85454019
1731528000000,2971.4,3018.7,2936.4,3009.3,2662.23405084
1731542400000,3009.6,3045.3,2986.2,3040.1,1353.35064914
1731556800000,3040.6,3062.2,3003.1,3045.5,805.53759001
1731571200000,3045.9,3058.3,3001,3027.1,3607.80822342
1731585600000,3026.4,3037.1,2897.4,2912,5822.70525525
1731600000000,2911.8,3013.1,2906,2983,3256.86543389
1731614400000,2982.4,2982.4,2875,2904.3,3049.63124627
1731628800000,2904.2,2937.2,2880,2926.5,1917.99137576
1731643200000,2925.5,2925.5,2860.7,2880.3,1590.67700363
1731657600000,2880.1,2946.7,2864.2,2935.8,2835.31772563
1731672000000,2935.7,2961.8,2862.5,2869.1,3447.00814337
1731686400000,2869.6,2902.7,2859.4,2882.9,2981.51109521
1731700800000,2883.5,2954.4,2882.4,2925,2905.87660028
1731715200000,2925,2986.1,2907,2984.9,401.2941445
1731729600000,2984.5,2992.2,2935.1,2939.8,843.0407373
1731744000000,2939.9,3024.1,2937.8,3023.8,2853.31341461
1731758400000,3023.6,3046.7,2950,2969.5,3703.64401314
1731772800000,2969.3,3013.5,2956.8,2998.3,1974.69194133
1731787200000,2998.4,3003.7,2952.1,2960.5,1186.15719338
1731801600000,2961.8,2980.7,2872,2912.8,980.63080565
1731816000000,2912.1,2971.7,2907.4,2961,1008.21526366
1731830400000,2961.6,2985.6,2930.4,2934.2,1898.6567283
1731844800000,2934.7,2954.6,2898.6,2917.8,1718.33204736
1731859200000,2917.4,2945.9,2904.1,2929.7,1299.82225075
1731873600000,2929.1,2937.5,2879.3,2911.9,1654.83129628
1731888000000,2911,2955,2905.8,2948.5,785.50886202
1731902400000,2947.9,2983.7,2933.4,2963,1473.61017626
1731916800000,2963.7,2972.7,2891.8,2897.2,2958.24925844
1731931200000,2897.1,2986.3,2894.5,2973.7,3987.5479307
1731945600000,2973.1,3022.1,2919.9,2957.3,4365.34661005
1731960000000,2955.3,3043.6,2950.1,3029.3,2928.5415289
1731974400000,3027.8,3041.9,2968,2972.2,1341.53970802
1731988800000,2972.5,2983.1,2940.1,2948.5,2074.5126909
1732003200000,2948.8,2964.7,2935.6,2961.4,2719.15858305
1732017600000,2961.4,2981.7,2910,2934.3,2941.87717362
1732032000000,2934.6,2970.1,2930,2947.6,2826.49168769
1732046400000,2948.2,2955.7,2898,2933.6,2067.63521104
1732060800000,2934,2950,2903,2926.6,1740.24738
1732075200000,2926.4,2945.2,2918.8,2942.6,1120.24584427
1732089600000,2942,2969.4,2924.5,2938.2,2143.43300476
1732104000000,2937.8,2993.8,2918.5,2972.6,2743.26007862
1732118400000,2972.3,2976.9,2874,2901,3335.89564153
1732132800000,2900.7,2931.5,2888.2,2906.6,1425.83226625
1732147200000,2905.2,2937.1,2874.7,2917.9,747.18706015
1732161600000,2919.8,2975,2918.2,2971.4,4934.48500579
1732176000000,2971.6,2992.4,2957.1,2985.3,3746.8919418
1732190400000,2984.9,3197.5,2983.4,3114.3,10108.8295862
1732204800000,3114.2,3223.9,3113.8,3180.5,7406.36370041
1732219200000,3182.5,3215.2,3170,3193.9,3468.05490328
1732233600000,3193.5,3211.7,3143.9,3202.6,2603.64239401
1732248000000,3202.2,3257.2,3190,3193.9,2199.77641029
1732262400000,3193.9,3241,3164.8,3199.8,5631.39574486
1732276800000,3199.1,3214.8,3118.3,3180.3,4955.79871277
1732291200000,3180.1,3188,3129.4,3144,4283.7571151
1732305600000,3144,3190,3136.5,3188.2,3155.9348652
1732320000000,3188.8,3217.9,3165,3196.5,2234.40721713
1732334400000,3196.6,3209.3,3175.6,3192,992.53725849
1732348800000,3193,3250,3187.3,3207.2,2477.3261872
1732363200000,3207.3,3343.1,3202.9,3309.8,4427.00357969
1732377600000,3310.2,3317.8,3230,3253.6,2545.85813178
1732392000000,3253.2,3270,3221.6,3238.2,1287.43506961
1732406400000,3238.6,3292.5,3235.2,3269.2,464.10507661
1732420800000,3269.4,3276.2,3245.3,3271.1,517.38202032
1732435200000,3271.2,3276,3190.9,3194.8,1750.72070709
1732449600000,3194.1,3205.3,3130,3136.7,2866.60606682
1732464000000,3136.3,3179.1,3129.1,3176.1,1515.6964316
1732478400000,3175.5,3215.8,3172,3205.8,1910.68577239
1732492800000,3206.8,3213.6,3148.5,3207.4,725.20375093
1732507200000,3207.7,3269.2,3206.7,3252.9,1039.58529234
1732521600000,3252.8,3360.9,3250.3,3313.1,4421.24647035
1732536000000,3312.9,3366.6,3188,3351.8,6920.57755955
1732550400000,3352.8,3378.1,3265.4,3296.9,3116.79110172
1732564800000,3296.9,3340.3,3199,3265.5,2977.31539783
1732579200000,3265.5,3307.9,3246.3,3275.3,643.29884093
1732593600000,3277.2,3285.8,3226.9,3239.9,944.19489826
1732608000000,3239.4,3240.7,3114.6,3157.6,5061.89275667
1732622400000,3154.6,3202.4,3131.1,3146.4,2733.87631004
1732636800000,3147.2,3187.6,3110,3152.1,2587.69345851
1732651200000,3149.8,3188.3,3139.3,3168.2,1046.83551452
1732665600000,3166.8,3214.2,3149.6,3205.5,583.3726214
1732680000000,3204,3288.7,3202.8,3265.3,1141.48678807
1732694400000,3264.6,3313.6,3238.9,3289.3,1964.03997328
1732708800000,3290.8,3386.1,3270.9,3364.3,2983.22279816
1732723200000,3365.8,3425.3,3345,3404.8,3880.39051128
1732737600000,3405,3489.4,3403.9,3462.6,5291.54576593
1732752000000,3461.6,3470.8,3380,3412.8,1326.4101658
1732766400000,3414.9,3430.6,3384.4,3409.6,1222.74866941
1732780800000,3409.7,3450.4,3394.6,3432.9,2053.04278659
1732795200000,3432.7,3451.9,3353.2,3357,5075.45470023
1732809600000,3357.3,3397.7,3345.3,3386.9,2268.61969958
1732824000000,3386.7,3410.5,3363.5,3389.7,2889.04287903
1732838400000,3388.1,3407,3359,3388.4,865.44269743
1732852800000,3388.2,3400.5,3339,3348.4,833.16401429
1732867200000,3349.4,3408.1,3349.4,3404.9,2029.20484006
1732881600000,3404.8,3455.6,3389,3426.1,4796.24036867
1732896000000,3426.2,3432.7,3368.9,3389.9,3306.27276999
1732910400000,3389.8,3409.7,3382.8,3395.8,1370.45815666
1732924800000,3395.3,3460.9,3373.7,3457,1348.86910599
1732939200000,3457.3,3520,3436.8,3497.4,3143.8177495
1732953600000,3498.3,3512.6,3427.9,3450.5,1954.93690488
1732968000000,3450.5,3481,3447.1,3471.2,2697.83405553
1732982400000,3471,3492.5,3454.7,3486.9,777.44150152
1732996800000,3486.5,3533.6,3484.6,3500.9,1540.85720678
1733011200000,3501.3,3526.1,3459.2,3503.8,1051.12669095
1733025600000,3504.2,3514.9,3481.3,3500.9,471.81656879
1733040000000,3501.7,3515,3475.7,3490.9,1252.56359693
1733054400000,3491,3542.5,3479.7,3523.8,2098.89005179
1733068800000,3525.1,3538.6,3487.1,3499.3,1631.91309547
1733083200000,3499.3,3530,3470.5,3514.6,1880.52056746
1733097600000,3513.1,3570.4,3490,3500.8,1043.30397148
1733112000000,3500.9,3525.5,3464,3488.7,1612.82451402
1733126400000,3488.5,3492.2,3389.9,3409,4076.72951403
1733140800000,3408.6,3514.5,3403.6,3508.8,4359.48612046
1733155200000,3507.7,3518.6,3388.7,3442.4,3991.2029816
1733169600000,3442.3,3470.5,3427.3,3469.2,1989.68547283
1733184000000,3469.8,3484,3439.5,3466.9,1005.71941065
1733198400000,3465.2,3496.3,3422.3,3442.1,1443.89717576
1733212800000,3441.1,3458.2,3409.6,3434.3,3624.4568318
1733227200000,3433.8,3438.1,3319.1,3397.5,5511.49223633
1733241600000,3397.3,3423.8,3366.4,3405.4,2540.52944033
1733256000000,3406.3,3459.7,3404.5,3441.1,2888.60677835
1733270400000,3442.4,3531.4,3441.9,3488.9,1811.05857089
1733284800000,3490.9,3542.3,3485.4,3537.4,1310.36667224
1733299200000,3538,3573,3522.3,3551.2,3760.43968225
1733313600000,3550.8,3665.4,3520.9,3633.7,8418.5568386
1733328000000,3634.5,3660.9,3550,3657.2,7519.92861957
1733342400000,3658.1,3702.6,3630.2,3649.6,4480.17246422
1733356800000,3650.1,3699.1,3582.8,3637.3,2405.19661233
1733371200000,3637.1,3681.7,3618.1,3649.9,2640.21532251
1733385600000,3650.1,3743,3648.5,3730.7,3844.51408323
1733400000000,3730.1,3743,3661,3680.7,4149.56589724
1733414400000,3681,3716.5,3609,3618.3,4105.73972023
1733428800000,3618.5,3651.1,3465,3580.7,7015.79247936
1733443200000,3580.2,3702.4,3574,3698.6,1147.94974397
1733457600000,3695.6,3718.2,3668.2,3682.5,2455.4708995
1733472000000,3682.5,3696.6,3640.1,3656.1,4511.66662884
1733486400000,3655.6,3831.3,3625,3784.8,7387.44142144
1733500800000,3784.8,3865.6,3773,3858.8,5394.2970333
1733515200000,3857.9,3875.7,3773.5,3786.4,2277.74818242
1733529600000,3786.2,3810,3760,3775.8,612.26129696
1733544000000,3774.3,3790,3759.6,3776.1,807.67260108
1733558400000,3776,3797.3,3765.3,3787.2,958.18172206
1733572800000,3787.5,3798.4,3765,3787.7,798.98790557
1733587200000,3787.5,3806.6,3772.5,3797.9,881.27749656
1733601600000,3798.7,3807.9,3775.9,3778.1,616.55089196
1733616000000,3778.2,3789.2,3769,3770.3,271.65082691
1733630400000,3770.8,3776.4,3742,3766.5,467.94282161
1733644800000,3765.4,3767.7,3715,3760.5,1379.80514789
1733659200000,3760.1,3789.7,3744.8,3780.4,799.52086381
1733673600000,3778.1,3785.7,3743.9,3767.4,1026.56863984
1733688000000,3768.5,3800,3758.1,3789.7,924.73666725
1733702400000,3789.2,3790.2,3706.5,3730.1,495.84721674
1733716800000,3730.2,3749,3679.1,3709.3,1309.13850394
1733731200000,3708.7,3712.4,3631.1,3641.9,3375.83593487
1733745600000,3640,3730,3594.8,3610.8,4860.64875914
1733760000000,3609.5,3655.7,3583.6,3592.3,1969.88898864
1733774400000,3592.8,3600.9,3300,3524.4,7744.07826627
1733788800000,3521.9,3586.3,3430,3488.5,1441.80702258
1733803200000,3490,3546.8,3449.2,3543,1270.06384949
1733817600000,3542.6,3586.6,3528.1,3565.5,1449.55226902
1733832000000,3565.4,3569.5,3387.8,3398.8,4212.34155174
1733846400000,3400.2,3453.8,3341.6,3449.6,7385.41211434
1733860800000,3448.5,3492.9,3436.3,3449.5,2541.59410534
1733875200000,3449.2,3486.7,3386.5,3485,614.62818848
1733889600000,3484.4,3500.9,3469.2,3485.1,819.30591027
1733904000000,3485,3554.4,3484.3,3542.9,1780.62212908
1733918400000,3543.9,3644.6,3534.6,3614.2,2217.33342182
1733932800000,3615.2,3637.6,3579,3629,2794.75795396
1733947200000,3627.6,3663.7,3627.4,3646.3,1038.0938137
1733961600000,3646.4,3757.1,3614.3,3744.5,915.1245434
1733976000000,3745.1,3753.5,3705.9,3708.8,896.06812664
1733990400000,3711.1,3748.1,3700.6,3724.4,1514.09433438
1734004800000,3724.7,3796.6,3724.7,3776.6,2970.08911008
1734019200000,3778.8,3800.8,3674,3692.7,2733.72830725
1734033600000,3692.5,3725.9,3660.6,3704.7,1816.68718451
1734048000000,3703.5,3763.9,3678.7,3757.9,842.10083549
1734062400000,3758.6,3760.1,3699.2,3711.8,711.77169393
1734076800000,3713.7,3738.2,3688.8,3718.4,1008.04457147
1734091200000,3720.1,3781.5,3698,3704,1897.05174663
1734105600000,3703.4,3758.4,3698.1,3731.6,1609.91653481
1734120000000,3732.8,3748.3,3706.7,3719.7,1478.08513188
1734134400000,3721.4,3754,3708.9,3722,769.2596239
1734148800000,3721.3,3744,3717.7,3731.2,637.38594152
1734163200000,3731.8,3741.8,3699,3706.7,830.66711697
1734177600000,3706.2,3710.5,3662.1,3702.2,971.43699965
1734192000000,3701.5,3710,3644,3674.8,1017.22323995
1734206400000,3674.1,3690.2,3643,3683.4,848.09191443
1734220800000,3683.7,3688.5,3672,3681.9,76.61658391
1734235200000,3700.6,3707.1,3646.8,3657.9,256.41303257
1734249600000,3658,3692.4,3651.4,3691.1,779.39415876
1734264000000,3690.6,3718.5,3680.7,3703.7,975.21279121
1734278400000,3703.7,3726,3696,3709.6,932.78914953
1734292800000,3709.7,3768.7,3651.8,3756.3,2464.93560542
1734307200000,3760,3808,3729.7,3741.6,1971.29218456
1734321600000,3743.6,3785.6,3737.1,3779.1,1154.95991894
1734336000000,3779.8,3782.1,3717.7,3723,1936.51884862
1734350400000,3723.6,3776.1,3696.6,3748.4,3876.42637376
1734364800000,3747.9,3902,3746,3853.6,5723.34093555
1734379200000,3853.2,3868.3,3782.2,3787.6,1834.23762817
1734393600000,3787.6,3843.8,3745.9,3839.3,952.798325
1734408000000,3838.3,3838.3,3793.6,3805.7,1436.14711217
1734422400000,3805.1,3844.1,3800.7,3809.4,2447.73197204
1734436800000,3809.3,3829.2,3728.2,3750.5,2224.94409964
1734451200000,3749.2,3794.8,3730.6,3757.9,2061.95984306
1734465600000,3757.9,3766.2,3667.2,3710.4,2178.71604552
1734480000000,3710.1,3717.7,3654,3665.9,1932.19955629
1734494400000,3665.4,3677.4,3623.7,3670,1374.73441573
1734508800000,3669.4,3700,3663.5,3697.5,2194.78419248
1734523200000,3697,3705.9,3645.8,3692.9,1986.72420432
1734537600000,3692,3735,3630,3630,3259.82189138
1734552000000,3630,3643.9,3500,3508.8,6583.24464169
1734566400000,3507.9,3541.2,3419,3538,1355.74667729
1734580800000,3535.5,3561,3522.2,3556.2,1053.88763966
1734595200000,3557,3572.3,3518.1,3560.6,2385.11331133
1734609600000,3560,3564.3,3433,3478.9,5102.36489812
1734624000000,3477.1,3501.6,3250,3315.9,9234.67999542
1734638400000,3316.7,3342.4,3205.6,3297.1,4767.3587373
1734652800000,3298.4,3341.4,3250.8,3293.5,704.54324927
1734667200000,3295.8,3310,3205.6,3263.6,1380.64332471
1734681600000,3262.8,3264,2978.3,2980,9578.01026513
1734696000000,2979.9,3268.7,2976,3249.5,9075.10184953
1734710400000,3249.5,3355,3233.1,3333.2,4109.78829917
1734724800000,3337.8,3349,3255.5,3332.6,2412.12160561
1734739200000,3333.1,3349,3310,3328.3,466.99383393
1734753600000,3327.8,3422.1,3323.6,3390.1,1950.19391807
1734768000000,3390,3393.9,3296.4,3310.7,1652.22833325
1734782400000,3311.2,3311.8,3212,3259.6,1492.22173066
1734796800000,3260.2,3270.2,3196.6,3228.1,902.42827502
1734811200000,3228.8,3256.9,3167,3208.1,1168.6650375
1734825600000,3209.4,3244.8,3190.5,3226.5,431.86355052
1734840000000,3228.4,3230,3165.7,3200,478.38590308
1734854400000,3200.4,3269.2,3200.4,3249.4,604.35318598
1734868800000,3249.2,3263.3,3144.4,3166.5,1204.73246276
1734883200000,3166.6,3203.3,3106.1,3115.5,1571.57523424
1734897600000,3116.3,3176,3089.5,3144.4,1782.46369225
1734912000000,3145.8,3214.3,3084,3208.8,911.89154244
1734926400000,3211,3220.3,3124.1,3169.9,1249.34932766
1734940800000,3172.7,3225.4,3161.1,3208.8,2066.79208296
1734955200000,3210.4,3232.2,3144.2,3150.5,3623.44440847
1734969600000,3151.8,3249.3,3144.7,3204.4,2505.36464799
1734984000000,3203.9,3328.6,3197.1,3287.7,2569.05044324
1734998400000,3287.2,3292.2,3225.4,3267.9,364.93199515
1735012800000,3267.1,3300,3253.1,3269.1,560.20859067
1735027200000,3269.7,3282.7,3253.1,3280.2,1296.29198064
1735041600000,3279.7,3376.4,3261.2,3361,1606.11087249
1735056000000,3361.3,3405.3,3331.9,3333.2,1427.16055466
1735070400000,3332.6,3369.5,3300.3,3359.2,2671.95371456
1735084800000,3357.9,3360.3,3324.8,3343.3,678.7583903
1735099200000,3342,3374.3,3337.4,3353.7,568.91409065
1735113600000,3353.8,3410.1,3333.7,3339.6,1698.39869711
1735128000000,3339.4,3367.1,3326.6,3338.1,855.28055071
1735142400000,3340.8,3353.7,3309.9,3345.8,941.64020561
1735156800000,3346.6,3364.1,3316.6,3362.1,1073.67291108
1735171200000,3361.8,3378.9,3317.9,3321.3,294.23926991
1735185600000,3321.6,3321.6,3286.2,3289.1,502.59812898
1735200000000,3290.5,3293,3218.4,3242,1576.17580361
1735214400000,3242.3,3242.6,3198.6,3212.9,878.68513216
1735228800000,3211.5,3228.9,3180.6,3206.6,1031.49092876
1735243200000,3204.8,3213.6,3170.8,3199.9,569.55400943
1735257600000,3198.2,3251.1,3182,3242.7,363.80907988
1735272000000,3245.4,3263,3188.1,3191.2,442.73638008
1735286400000,3190.7,3305,3190.7,3273.8,1392.92291891
1735300800000,3273.8,3278.4,3172.6,3190.3,1201.71443311
1735315200000,3190.5,3228.5,3172.4,3215.9,1154.5817345
1735329600000,3217.2,3217.2,3173.7,3195.7,1292.50320795
1735344000000,3195.8,3211,3184.6,3206.5,907.35062409
1735358400000,3205.8,3221.1,3194,3196.6,746.23067026
1735372800000,3196,3222,3194.9,3219.7,1491.50557303
1735387200000,3219.4,3252.5,3211.5,3224.3,2267.88822463
1735401600000,3224.4,3266,3222.8,3254.7,2050.49654942
1735416000000,3255.8,3280.2,3244.9,3258.4,1657.41625973
1735430400000,3258.2,3260.7,3232.2,3238.2,1066.58964629
1735444800000,3238.2,3263.2,3236.1,3262.9,1102.11410704
1735459200000,3262.8,3267.6,3246,3252.3,1301.83603138
1735473600000,3252.5,3263.5,3209.3,3227.4,1054.29251573
1735488000000,3227.4,3230.1,3200.2,3216.9,1076.16206451
1735502400000,3216.3,3222.2,3182.7,3212.7,2378.13125777
1735516800000,3212.3,3287.4,3205.8,3258.4,1480.65035881
1735531200000,3261.1,3284.4,3244,3280,860.13828094
1735545600000,3280.4,3287.6,3244.6,3270.7,2111.00425889
1735560000000,3270,3279,3168,3195.9,3181.00105303
1735574400000,3196,3276.8,3190,3269.9,2442.87436309
1735588800000,3269.8,3284,3177.8,3224.5,3035.07704713
1735603200000,3224,3228.7,3182,3207.2,1482.60889693
1735617600000,3205.1,3228.4,3194,3215.6,592.59127678
1735632000000,3216.4,3270.8,3215.9,3256.2,2271.35086887
1735646400000,3256.9,3320.6,3255.8,3291.7,3985.26438587
1735660800000,3292.4,3295.3,3212.6,3232.6,907.89253002
1735675200000,3232.9,3241.1,3203.5,3215.2,715.73417172
1735689600000,3215.2,3245.9,3213.5,3233,508.96351336
1735704000000,3231.9,3232.8,3217.8,3226.5,289.55831345
1735718400000,3226.8,3231,3197,3223.9,1081.02055479
1735732800000,3223.9,3241.4,3211.6,3235.3,1063.61200573
1735747200000,3235.4,3244.9,3204,3239,1625.82021501
1735761600000,3239.2,3251.7,3232.7,3239.9,2564.03633013
1735776000000,3239.6,3283,3234.8,3261.7,1775.13427697
1735790400000,3262.5,3298.7,3259.7,3297.2,1529.22508258
1735804800000,3297.4,3363.9,3294.4,3357.7,3577.0061921
1735819200000,3357.9,3400,3334.8,3367.8,2522.70880579
1735833600000,3367.5,3401.9,3339.9,3376,2395.03460006
1735848000000,3376.7,3385.5,3331,3363.1,752.73865981
1735862400000,3364.1,3381.6,3349.6,3375.9,664.94013519
1735876800000,3374.4,3376.7,3335,3336.9,834.65675222
1735891200000,3336.7,3365.6,3329.1,3364.1,1020.62808859
1735905600000,3363.9,3476,3359.6,3465.2,4008.22342358
1735920000000,3465.9,3523.2,3465.9,3518.1,6890.64263407
1735934400000,3518.2,3518.2,3488.3,3500.2,2412.75973862
1735948800000,3501.3,3510.7,3473.3,3490.1,973.83314572
1735963200000,3488.3,3501.7,3477.2,3486.9,652.76255795
1735977600000,3487.1,3499.4,3465.1,3495.4,1204.20081166
1735992000000,3493.7,3554.9,3484.9,3501,1676.40280917
1736006400000,3500.4,3537,3496.1,3523.3,2811.24958286
1736020800000,3523.3,3562.7,3523.3,3547.5,2880.47415542
1736035200000,3548.4,3566,3521.7,3528.2,800.97082652
1736049600000,3528.4,3540.1,3520.5,3523.7,460.71281019
1736064000000,3523.7,3525.3,3495.1,3505,1755.97231379
1736078400000,3505.1,3529.8,3487.6,3521.9,2610.48152921
1736092800000,3521.1,3539.5,3506.7,3528.3,1838.35076088
1736107200000,3528.7,3547.6,3521.1,3527.8,1776.01732046
1736121600000,3530.6,3571.5,3502.6,3551.3,1374.20324181
1736136000000,3552.9,3583.2,3531.4,3534.4,1925.49980423
1736150400000,3534.5,3543.2,3501.1,3506.3,2997.49981984
1736164800000,3507,3574.3,3477.3,3574.3,4103.64746451
1736179200000,3575,3601,3521.7,3550.5,2086.76977882
1736193600000,3550.5,3565.2,3529.9,3552.4,916.72749358
1736208000000,3551.5,3563.4,3529.5,3544,451.86080313
1736222400000,3543.2,3546.8,3516.6,3522.1,864.3917743
1736236800000,3522.2,3531.4,3483.8,3496,1203.58736127
1736251200000,3496,3506.7,3291,3338.1,5775.52656159
1736265600000,3338,3367.3,3258,3269.3,2859.72076392
1736280000000,3270.1,3303,3247.5,3273.2,1810.68851364
1736294400000,3273,3304.7,3234.4,3251.8,818.48659851
1736308800000,3252.4,3263.3,3195.1,3248.7,1418.25045041
1736323200000,3247.7,3270.8,3231.4,3254.6,1475.65311423
1736337600000,3254,3288.3,3239.1,3251.3,1971.54049438
1736352000000,3251.3,3251.5,3115.5,3184.6,3654.05939146
1736366400000,3184.8,3238.3,3170.9,3230.8,948.09596727
1736380800000,3229.6,3259,3210,3226.1,349.26314317
1736395200000,3226.2,3244.6,3188.8,3200,550.35696193
1736409600000,3196.5,3230,3176.8,3204.7,1199.01018695
1736424000000,3203.6,3241.7,3115.2,3226.7,2065.3814518
1736438400000,3226.8,3234.8,3100,3105.7,1389.86146049
1736452800000,3105,3149.3,3066.4,3129.7,1593.00235795
1736467200000,3132.8,3166,3124.7,3162.8,433.00231502
1736481600000,3163.3,3223.5,3152.4,3205.3,933.3765053
1736496000000,3204.9,3226.5,3193.5,3216.9,1138.96184302
1736510400000,3215.8,3220,3116.9,3165.5,4530.44069385
1736524800000,3167.4,3242.3,3156.9,3216.9,1501.63851579
1736539200000,3217.5,3217.5,3180.7,3191.1,658.07041027
1736553600000,3190.5,3193.9,3155.9,3159.5,365.24700285
1736568000000,3159.8,3174,3146.5,3159.1,386.70951362
1736582400000,3159.8,3202.5,3143.4,3196.4,617.70840148
1736596800000,3196.4,3203.9,3180.6,3193.3,477.30394021
1736611200000,3193.4,3203.6,3180.4,3198,569.16920383
1736625600000,3198.1,3239.2,3195.2,3198.9,903.01831777
1736640000000,3199,3206.9,3190.7,3202.7,240.8133835
1736654400000,3202.4,3206.3,3181.2,3185.5,361.55832559
1736668800000,3185.4,3190.4,3145.6,3172.9,827.55625624
1736683200000,3173,3213.5,3168,3203.9,756.45862777
1736697600000,3205,3217.8,3187.5,3198.9,607.32758112
1736712000000,3199.4,3207.2,3155.5,3187.9,983.1865102
1736726400000,3187.2,3257.5,3160,3172.6,903.44593424
1736740800000,3171.4,3190,3113.1,3132.1,946.33956548
1736755200000,3132.7,3134.9,2994.3,2996.1,3790.01039693
1736769600000,2996.1,3028.5,2862,2992.2,8050.92571371
1736784000000,2991.2,3003.1,2924.6,2963.8,3085.46353872
1736798400000,2964,3066.3,2950,3057.9,2921.38276431
1736812800000,3057.8,3097.2,3051.5,3081.8,1003.35292386
1736827200000,3082.2,3110.1,3081.8,3092.8,1261.75613665
1736841600000,3092.8,3175.2,3091.7,3137.8,2372.01946556
1736856000000,3139.7,3148.4,3101.5,3108.3,3917.36492764
1736870400000,3106.5,3139.9,3082.5,3121.2,2158.26398876
1736884800000,3121.1,3144.2,3101.7,3130.6,792.84562322
1736899200000,3131.4,3150,3112.9,3145.9,1024.83194308
1736913600000,3146,3157.9,3120.8,3137.8,1288.30581189
1736928000000,3137.9,3154.1,3090.7,3105.8,1609.20509726
1736942400000,3105.4,3246.9,3092.6,3234.5,4086.50178584
1736956800000,3234.8,3344,3231.7,3336.3,2821.50167515
1736971200000,3336.3,3373.6,3317.2,3347.1,2302.87372252
1736985600000,3347.4,3355.8,3251,3266.1,1060.16730685
1737000000000,3266.2,3291.7,3263.7,3284.6,665.80649095
1737014400000,3284.8,3286.3,3203.9,3257,1646.6686897
1737028800000,3255.3,3275.5,3174.7,3235.1,3726.78878649
1737043200000,3235,3262.8,3214.4,3244.5,2458.44729587
1737057600000,3244.6,3253.8,3169.1,3209.1,1704.01018
1737072000000,3209.2,3290,3207.3,3257.2,1022.71357125
1737086400000,3259.3,3293,3247.4,3278.7,971.02656947
1737100800000,3278.3,3337.6,3276.8,3323.2,1854.73366904
1737115200000,3323.1,3343.6,3298.8,3322.6,2836.43805967
1737129600000,3323.2,3350,3312.5,3336.5,2272.27449328
1737144000000,3337.3,3425.4,3330,3372.9,2844.43544891
1737158400000,3374.8,3392.4,3270.8,3289,833.60043439
1737172800000,3285.7,3296.4,3184,3190,2515.30667445
1737187200000,3188.6,3227.9,3133,3217.8,4611.20706074
1737201600000,3218.1,3250,3183.5,3205.9,3119.12408184
1737216000000,3207.2,3214.8,3150.9,3190.4,3817.78398025
1737230400000,3191.2,3223.5,3159.1,3209.5,1728.0688793
1737244800000,3206.6,3224.9,3201.5,3218.9,691.41764616
1737259200000,3225,3225,3168,3181.4,2221.58558059
1737273600000,3180.9,3182.6,3046.8,3065.2,5800.51107685
1737288000000,3065.8,3334.3,3059.5,3293.8,5951.53801607
1737302400000,3293.6,3358.2,3288.4,3329.5,4253.04986516
1737316800000,3329.7,3341.8,3067.8,3126.7,7390.70838351
1737331200000,3127.1,3184.8,3057.1,3177.7,2508.54254043
1737345600000,3174.1,3348.7,3156.9,3275.8,2932.80072253
1737360000000,3275.4,3308.3,3228.6,3266.7,2763.72641193
1737374400000,3266.8,3270.3,3155.9,3208.5,4885.67783753
1737388800000,3207.8,3258.4,3084,3209.1,5387.21841272
1737403200000,3208.5,3209.2,3126.8,3152.5,1600.18268066
1737417600000,3150.6,3156.8,3086.6,3140.3,2369.83855672
1737432000000,3140.1,3144.8,3093.4,3136.9,1315.02995485
1737446400000,3136.2,3200.8,3122.5,3191.8,1722.89132979
1737460800000,3191.3,3212,3143.8,3168.6,1876.88606519
1737475200000,3168,3230,3165.4,3199.6,1984.32692357
1737489600000,3199.2,3210.9,3170,3197.9,1359.49307252
1737504000000,3197.3,3228.9,3190.6,3200,427.11444914
1737518400000,3200.5,3205.8,3156.2,3158.3,663.93604379
1737532800000,3160.7,3191.1,3143.3,3186.1,1753.47231229
1737547200000,3187.6,3193.1,3137.6,3147.9,1305.836357
1737561600000,3148.2,3161.4,3111,3130.8,1098.39223661
1737576000000,3131,3144.2,3097.6,3116.4,1226.94576516
1737590400000,3116.6,3133.3,3081.7,3101.5,618.94839132
1737604800000,3101.1,3111.9,3061.3,3110.7,776.78876842
1737619200000,3111.3,3112.3,3062.1,3090.3,1084.99950866
1737633600000,3089.5,3158.6,3068.4,3135.4,2402.77895698
1737648000000,3136.2,3171.4,3067.3,3079.3,2129.07180037
1737662400000,3077.3,3216.8,3069.3,3206.2,2730.63572938
1737676800000,3207.7,3218.5,3140,3163,892.92463016
1737691200000,3162.3,3274,3153.5,3232.8,1485.97899397
1737705600000,3233.1,3258,3226.6,3243.1,1469.89482744
1737720000000,3243.5,3271.8,3194.3,3218.2,1143.77149571
1737734400000,3218.9,3244,3207.4,3210.2,804.44105307
1737748800000,3210.4,3221.4,3151,3157.1,1048.01794797
1737763200000,3155.9,3170.4,3118.3,3167.4,629.38155115
1737777600000,3166.2,3166.5,3132.2,3139.4,377.31460162
1737792000000,3138.4,3160.9,3122,3156.6,600.83512338
1737806400000,3156.7,3191.9,3144.7,3182.8,555.70548079
1737820800000,3182.8,3195.2,3178,3185.9,790.79458012
1737835200000,3186.2,3195.7,3162,3165.7,279.18963701
1737849600000,3165.8,3195.1,3161.1,3184.7,269.14572859
1737864000000,3184.8,3206.3,3177.6,3184.5,328.08687998
1737878400000,3184.5,3189.3,3142.2,3160,617.41087881
1737892800000,3157.9,3166.8,3144.6,3162.3,472.77879433
1737907200000,3161.3,3189.2,3154.8,3182.9,476.04084347
1737921600000,3182.6,3186.5,3088.2,3092,1285.10885149
1737936000000,3090.1,3112.1,3023.5,3042.6,1185.16920357
1737950400000,3041,3041,2885.1,2937.8,3621.92579507
1737964800000,2937.6,2949.5,2890.4,2911.5,2938.38849117
1737979200000,2912.6,3009,2908,2988.9,2618.81695756
1737993600000,2989.8,2989.8,2907.8,2933.5,1362.02701798
1738008000000,2933.5,3092.4,2931.3,3050,1730.24894455
1738022400000,3050.3,3085.4,3016,3072.3,1058.37428681
1738036800000,3073.5,3091.8,3058.1,3065.7,591.24041197
1738051200000,3065.3,3076.3,3047.7,3058.1,758.80652441
1738065600000,3058.2,3077.1,3028.6,3052.7,1174.51499178
1738080000000,3052.9,3053.9,2993,3016,1422.45799485
1738094400000,3016.4,3022.4,2914.4,2951.5,1878.77032547
1738108800000,2951.6,3001.8,2951.2,3001.8,448.6452428
1738123200000,3000.3,3033.2,2988.3,3029.9,586.42657357
1738137600000,3031.4,3038.2,2999,3013.8,733.31179076
1738152000000,3013.7,3019.7,2962.8,2976.6,1928.42411926
1738166400000,2976.3,3025,2937.5,3000.8,2234.85390296
1738180800000,3000.4,3051.9,2967.4,2987,2199.91219485
1738195200000,2987.5,3071,2965.7,3069.8,385.36291431
1738209600000,3069.6,3082.5,3050.5,3060.8,645.43519183
1738224000000,3060.2,3103.6,3052.4,3099.8,855.73463829
1738238400000,3100.3,3144.1,3085.6,3119.3,1975.77548822
1738252800000,3120.6,3148.6,3114.3,3135.9,1065.04811161
1738267200000,3135.9,3146.8,3101.9,3121,1717.80340056
1738281600000,3122.6,3154.5,3099.4,3110,952.62831295
1738296000000,3110,3147.9,3093.4,3114.7,884.75708182
1738310400000,3114.5,3215.6,3111.1,3211.9,1976.6361374
1738324800000,3212.2,3303.5,3202.7,3293.6,3322.27887266
1738339200000,3294.6,3304.8,3176.3,3219.1,3499.66945565
1738353600000,3215.7,3215.7,3161.9,3184.2,3920.751172
1738368000000,3186.4,3215.8,3170,3177.7,975.50996888
1738382400000,3178.8,3192.6,3159.2,3165.6,523.79043731
1738396800000,3168.1,3172.1,3113,3138.7,1113.06891953
1738411200000,3139,3159.1,3118.5,3139.4,690.15952087
1738425600000,3139.4,3154.9,3069.5,3087.5,957.3641148
1738440000000,3087.2,3087.2,2999.8,3015.1,2976.52133852
1738454400000,3014.9,3061.2,2971.2,2979.6,1295.37099787
1738468800000,2978.7,3038.6,2976.3,3001.5,1209.30390518
1738483200000,2999.6,3023.5,2951.7,2963.1,2167.33417298
1738497600000,2963,2999.7,2948.8,2978.3,2472.78528512
1738512000000,2978.6,2979.3,2801,2869.8,8055.33358628
1738526400000,2869.4,2899.7,2690,2801.7,6437.26303941
1738540800000,2802.7,2804.1,2109,2476.6,15277.0981161
1738555200000,2478,2584.2,2397.3,2571.4,6352.12836816
1738569600000,2570.1,2571.5,2469.5,2523.1,6571.39607236
1738584000000,2523.9,2654,2471,2627.6,8712.60650308
1738598400000,2627.6,2703.2,2602.5,2698.2,5384.58953466
1738612800000,2698,2832.1,2625.6,2795.9,4633.0588869
1738627200000,2795.6,2804.8,2711.7,2729.3,1516.21821713
1738641600000,2729.6,2753.8,2594,2625.3,3350.66637433
1738656000000,2624.9,2704.7,2596,2676.1,3010.08372345
1738670400000,2677.3,2755.7,2640,2679.6,4958.56553819
1738684800000,2679.3,2768.4,2667.6,2673.2,3541.83027422
1738699200000,2672.6,2692.7,2539,2636.1,4512.97015101
1738713600000,2636.1,2667,2602.6,2622.9,1137.13604593
1738728000000,2622.4,2688.4,2613.8,2654.6,1620.57017917
1738742400000,2655.6,2710.9,2642.1,2690.3,2025.62692567
1738756800000,2694,2716.4,2649,2664.6,2376.03430269
1738771200000,2662.1,2679.8,2607,2668.5,3208.49870535
1738785600000,2669.2,2695.8,2635.9,2680.7,2310.07078714
1738800000000,2683.5,2713.6,2654.4,2702.6,1055.81034571
1738814400000,2704.3,2750.1,2702.2,2729.4,1160.38482667
1738828800000,2732.1,2761.1,2697.3,2707.7,1628.1037809
1738843200000,2708.6,2712.1,2590.5,2610.9,4260.82458131
1738857600000,2611.3,2629.7,2577.5,2591.9,2607.42893086
1738872000000,2591.9,2626.1,2559.2,2589.2,1656.84943251
1738886400000,2588.8,2639.7,2583.5,2617.3,1238.30223648
1738900800000,2618.5,2632.5,2573.5,2613.3,1457.87282771
1738915200000,2613.3,2664.8,2606,2663.4,1500.24722414
1738929600000,2662.9,2700.3,2621,2631.7,5905.46187167
1738944000000,2631.7,2639.2,2572.4,2574.2,4760.55379672
1738958400000,2576.2,2576.6,2484,2542.5,4401.96305134
1738972800000,2542.4,2585.9,2536.4,2560.9,1189.96288038
1738987200000,2561.2,2568.1,2516.1,2550,1333.3646984
1739001600000,2550.1,2552.4,2523.7,2535.2,1301.48416145
1739016000000,2533.3,2558,2512.8,2526.9,1163.99171523
1739030400000,2527.9,2569.2,2512.9,2558.1,1036.97526412
1739044800000,2558.6,2566.4,2545.3,2553.4,681.11110306
1739059200000,2553.9,2615,2548.1,2594.8,662.26890047
1739073600000,2596.3,2596.8,2568.9,2581.3,494.27885289
1739088000000,2582,2591.6,2572.3,2575,800.79547625
1739102400000,2575.1,2581.8,2533.1,2573.2,883.26580268
1739116800000,2573.3,2585.1,2538.2,2544.4,627.55278064
1739131200000,2544.4,2571.8,2450.1,2549.8,4346.54886863
1739145600000,2549.8,2578.3,2487,2547.3,2388.25310895
1739160000000,2547.3,2580,2540.2,2557.8,1110.8070203
1739174400000,2558,2577.9,2555.4,2571.9,1257.75420503
1739188800000,2571.7,2601.6,2552.2,2578.7,2209.19864061
1739203200000,2578.6,2613.5,2571,2593.5,1558.60100585
1739217600000,2593.1,2607.2,2574.1,2583.9,805.87939087
1739232000000,2585,2644.1,2585,2601.7,1299.13562847
1739246400000,2601.9,2644.7,2598.3,2633,1480.6169548
1739260800000,2634.1,2638.6,2608,2625.5,1590.83732784
1739275200000,2625.6,2626.5,2545,2575.7,2078.30771328
1739289600000,2573.7,2581.9,2491.3,2501.8,2557.26440921
1739304000000,2501.6,2542,2474.5,2512.7,1745.89877564
1739318400000,2512.8,2532.3,2482.8,2498.1,1015.56968861
1739332800000,2497.8,2532.8,2489.6,2525,1327.76462373
1739347200000,2525,2543.5,2518.6,2532.5,1664.80804673
1739361600000,2533.1,2571.5,2462.6,2514.2,6617.47739145
1739376000000,2512.7,2581.1,2495.7,2577.3,6183.49991723
1739390400000,2577.7,2692.2,2570,2634.1,4232.50042564
1739404800000,2635.3,2651.6,2613,2633.7,1291.31270905
1739419200000,2635,2635.2,2561.7,2573.1,1826.97947411
1739433600000,2572.9,2580.7,2547.2,2554.3,2050.78962579
1739448000000,2554.7,2579.9,2520.5,2540,4293.86288872
1739462400000,2537.8,2555.2,2509,2531.6,3482.17442849
1739476800000,2532,2562.3,2531.3,2558.3,1241.59867459
1739491200000,2558.4,2602.6,2548.3,2596,899.34668561
1739505600000,2597.5,2597.5,2574.8,2580.4,828.60957779
1739520000000,2580.7,2593.9,2563.7,2565.1,2172.13698786
1739534400000,2565,2614.6,2558.9,2602.8,3441.82635349
1739548800000,2603.1,2657.9,2580.9,2609.1,3892.28584915
1739563200000,2609.2,2622.8,2580,2600,1248.60644464
1739577600000,2599,2610.8,2580,2597.8,796.80195928
1739592000000,2598.1,2606.2,2569.8,2573.8,511.5166347
1739606400000,2573.4,2589.9,2571.3,2583.9,655.25956513
1739620800000,2584.4,2589,2542.3,2567.7,1027.85190907
1739635200000,2568,2583.4,2556.8,2568.4,470.14406077
1739649600000,2569,2580.8,2556.4,2569.6,337.29719037
1739664000000,2568.6,2581.6,2564.4,2574.7,370.19477755
1739678400000,2574.2,2600.5,2567.1,2571.8,713.95192114
1739692800000,2571.9,2588.3,2565.9,2586.5,482.81938801
1739707200000,2586.5,2587.6,2555,2571.3,1096.69654818
1739721600000,2570.8,2579.3,2538.5,2561.1,870.71039431
1739736000000,2559.9,2566.3,2530,2539.4,1109.29300911
1739750400000,2538.6,2557.6,2534.3,2549,631.80175095
1739764800000,2546.8,2570.3,2516.1,2561.7,1440.59387622
1739779200000,2560.1,2648.3,2555.6,2629.4,2729.04373546
1739793600000,2629.3,2720.7,2622.8,2631.1,3254.33269109
1739808000000,2631.1,2639.9,2565.9,2596.5,2542.05810421
1739822400000,2594.8,2651.2,2594.3,2618.3,1527.11605593
1739836800000,2618.9,2630.7,2587.1,2592.3,1130.03635816
1739851200000,2591.7,2598.9,2537.2,2554.5,2023.00786797
1739865600000,2554.4,2587.2,2536.3,2561.4,1784.55481692
1739880000000,2561.3,2616.1,2543.2,2554.6,2233.60688762
1739894400000,2554.7,2565.8,2495,2517.9,3219.578185
1739908800000,2517.2,2556.1,2505.9,2554.8,1653.01054591
1739923200000,2554.1,2582.4,2542.2,2575.3,1195.21507406
1739937600000,2576.1,2597.1,2548.7,2591,1376.86844053
1739952000000,2590.7,2623.7,2590.6,2615.5,1902.2607473
1739966400000,2615.8,2618.6,2566.3,2586.7,2037.60793952
1739980800000,2587.8,2612.5,2585.2,2599.7,1472.90719592
1739995200000,2600.2,2621.3,2595.4,2605.3,982.53116216
1740009600000,2605.3,2635.1,2599.7,2628,841.4091046
1740024000000,2627.8,2644.3,2609.5,2618.2,1249.3931799
1740038400000,2617.2,2635,2613.1,2626,456.3673443
1740052800000,2626.7,2652.7,2586.6,2590.1,2828.28194987
1740067200000,2590.6,2638.9,2586.1,2617.8,2152.19476496
1740081600000,2617.8,2630.6,2592.2,2608.3,1031.75488923
1740096000000,2607.8,2618.4,2598.4,2612.7,630.28658265
1740110400000,2613.5,2639,2613.5,2626.9,1035.62103554
1740124800000,2627.4,2703,2623.9,2664,3004.47147161
1740139200000,2664,2717.3,2561,2606.3,5281.0464253
1740153600000,2606.4,2650.1,2510,2523.8,5095.45477532
1740168000000,2523.4,2548,2502,2547.2,2272.81012822
1740182400000,2544.7,2571.5,2538.7,2560.3,615.0875538
1740196800000,2558.5,2580,2557.9,2567.9,495.53140258
1740211200000,2568.4,2633,2561.1,2614.5,1543.77263256
1740225600000,2614.4,2663.4,2604.2,2654.5,1064.84824938
1740240000000,2654,2675.1,2636.4,2648.5,1436.4892932
1740254400000,2649.8,2656.8,2639.4,2643,659.35479506
1740268800000,2643,2655.1,2626.6,2632.1,594.39063675
1740283200000,2631.9,2706.9,2627.3,2701.8,1195.99394297
1740297600000,2702.3,2707.5,2663,2675.3,1195.74484709
1740312000000,2675.2,2702.7,2653.3,2661.4,1850.33792004
1740326400000,2661.6,2700,2661.3,2683.8,1398.24224202
1740340800000,2683.6,2728.1,2662.9,2691.9,1888.83156255
1740355200000,2693.3,2709.5,2581.1,2586,1596.96982504
1740369600000,2585.8,2606.3,2563.4,2596.6,1950.63641343
1740384000000,2596.7,2597.4,2545,2569.5,2147.87945781
1740398400000,2568.4,2575.9,2520,2542.1,2000.87382679
1740412800000,2540.7,2561.2,2506,2521.8,3522.69259959
1740427200000,2522.4,2544.9,2365.7,2403.6,9569.26497915
1740441600000,2403.4,2419.5,2351.8,2383.5,7314.52798729
1740456000000,2384.1,2398.8,2217,2262.5,9904.65011559
1740470400000,2262.1,2323.6,2247.6,2318.3,12518.09625774
1740484800000,2318.2,2332.3,2244.3,2293,8417.45032758
1740499200000,2293.3,2352.3,2267.3,2349.7,4034.57453406
1740513600000,2350.3,2409,2336.3,2372,3250.00827152
1740528000000,2371.7,2385,2348.8,2371.1,2050.96164893
1740542400000,2370.1,2386.9,2358.7,2366,1862.08302746
1740556800000,2367.1,2377.8,2341.2,2350.6,2479.77937859
1740571200000,2350.3,2352,2259.8,2310.8,3934.41409381
1740585600000,2311.3,2315.2,2160.1,2185.6,6562.72401012
1740600000000,2185.9,2283.7,2147.4,2224.3,4896.82708564
1740614400000,2226.5,2259.3,2208.1,2227.3,2383.83050808
1740628800000,2225.9,2264.7,2199.4,2249.5,2665.7468953
1740643200000,2249.2,2270.1,2237.6,2246.1,2027.44539402
1740657600000,2246,2256.5,2196.7,2229.6,3457.24526177
1740672000000,2229.7,2242.9,2187.6,2200.8,2303.61454134
1740686400000,2200.8,2220,2143,2217.4,2861.90497567
1740700800000,2218,2223.8,2046.2,2064.5,3750.39643092
1740715200000,2066.2,2073,2000.1,2023.9,5051.75624492
1740729600000,2022.7,2066.4,1993.7,2043.1,4932.28080808
1740744000000,2042.6,2141,2022.6,2138.3,6155.2744435
1740758400000,2138.3,2172,2116.1,2151.9,4271.09725877
1740772800000,2151.7,2158.9,2120.8,2155.5,2127.44142504
1740787200000,2157,2191.6,2133.2,2180.6,1240.60044092
1740801600000,2181.9,2198.6,2144.8,2148.2,1752.72346382
1740816000000,2149.4,2161.3,2094.7,2106.2,1879.0538998
1740830400000,2107.2,2110.4,2067.8,2096.6,1937.64796131
1740844800000,2097,2155.4,2092.8,2145.6,1115.84878448
1740859200000,2145.7,2157.2,2116.2,2140,1187.30522491
1740873600000,2139.9,2147.8,2127.2,2141.9,444.62091449
1740888000000,2150,2153.7,2131.3,2143.1,354.08110313
1740902400000,2143.4,2181.3,2130.5,2161.5,1353.87081982
1740916800000,2161.5,2211.1,2097.5,2152.5,3058.77797758
1740931200000,2152.1,2429.3,2135.8,2397.6,11876.86482456
1740945600000,2398.8,2453.6,2392,2420.5,4274.14805136
1740960000000,2421.3,2426.1,2321.6,2343.2,2619.53148916
1740974400000,2344.4,2358.3,2260,2294.6,2415.37028482
1740988800000,2294.1,2295.2,2230,2254.2,3710.18595724
1741003200000,2254.4,2280.5,2163,2181,7298.11961701
1741017600000,2181.5,2189.8,2002.7,2014.4,7241.9534628
1741032000000,2012.9,2072.3,2002.7,2048.8,4017.10041417
1741046400000,2048.8,2065.1,1911,1981.1,3354.89936452
1741060800000,1980.2,2025,1972,1982.5,2268.94073286
1741075200000,1982.5,2016.7,1973,1994.2,3979.79978726
1741089600000,1993.5,2050,1930,1970.7,6829.29508838
1741104000000,1970.4,2054.9,1896.1,2053,5887.4080491
1741118400000,2052.4,2093.9,2006.2,2046.3,3334.64318024
1741132800000,2045.6,2066.4,2032.1,2036.6,1773.98948749
1741147200000,2036.7,2077.4,2033,2069,1847.02203672
1741161600000,2069.3,2128,2068.4,2079.2,2940.78904157
1741176000000,2079.1,2090.4,2015.9,2032.5,3884.14146241
1741190400000,2032.4,2063.3,2009,2057.8,2723.62394669
1741204800000,2057.8,2089,2052.6,2077.9,1576.14010447
1741219200000,2077.5,2127.4,2070.5,2122.8,2374.16720548
1741233600000,2122.8,2147.3,2110,2118,2395.15889654
1741248000000,2117.4,2137.8,2110.8,2128.6,2378.48758386
1741262400000,2129,2129.9,2042.6,2088.8,4498.32260529
1741276800000,2089,2093.6,2018.1,2036.7,2646.51853815
1741291200000,2036.7,2068.8,2033.3,2043.2,2590.48613632
1741305600000,2043.5,2064.3,1951.2,1988.4,2214.02867853
1741320000000,1989.2,2026.9,1986.5,2025.4,2673.11874694
1741334400000,2025.2,2037.2,2008,2026.7,3936.58509752
1741348800000,2027.1,2081,1998.7,2034.3,5831.90579606
1741363200000,2033.6,2041.6,1976.3,2008.3,4827.84915067
1741377600000,2007.8,2017.2,1950,1976.6,4350.39259706
1741392000000,1977.2,1989.8,1945.5,1974.7,1770.60197208
1741406400000,1974.6,1988,1969.6,1975,1296.84065106
1741420800000,1974.9,1980.3,1964.4,1978,1416.17313901
1741435200000,1978.1,2030,1974.6,2014.7,2924.72324835
1741449600000,2015.3,2063.5,1996.4,2054.9,2783.6841806
1741464000000,2055.1,2055.2,2026.1,2034.8,1218.01867334
1741478400000,2035.4,2042.8,2010.4,2020.8,551.39440255
1741492800000,2018.7,2028.6,2005.8,2017.3,953.45478116
1741507200000,2017.2,2019.6,1965.2,1982,1385.48247178
1741521600000,1982,1982,1925,1936.1,3411.62848546
1741536000000,1935.6,1946,1842,1882.2,9695.53407668
1741550400000,1882.2,1897.9,1836.6,1857.8,7733.23853435
1741564800000,1859.9,1907.8,1837.9,1899.1,2672.89336395
1741579200000,1900,1918.3,1895.7,1918.3,1850.55257607
1741593600000,1918.4,1995.8,1893.6,1961.3,5027.54100628
1741608000000,1961.3,1969,1842.4,1862,5072.02591611
1741622400000,1861.2,1868.5,1670.6,1725.2,10637.33915399
1741636800000,1723.9,1755.6,1699.7,1718.7,4538.78443259
1741651200000,1719.6,1740.6,1616,1702.9,6989.95824279
1741665600000,1703.8,1763.8,1700.6,1748.4,3534.61410191
1741680000000,1748.3,1770.7,1744.1,1756,4694.34875019
1741694400000,1755.9,1794,1687.8,1751.4,7612.95576674
1741708800000,1749.2,1797.9,1726.3,1788.7,5894.18696074
1741723200000,1787.5,1791.2,1756.9,1762.1,2199.05789394
1741737600000,1763.2,1771.2,1714,1714.8,3035.94132536
1741752000000,1713.5,1758.4,1700.5,1753.7,3989.98585421
1741766400000,1753.7,1795,1717,1758.9,7609.32704239
1741780800000,1758.8,1785.4,1677.9,1712.8,7450.68674294
1741795200000,1712.7,1737.2,1707.7,1725.4,3416.9283342
1741809600000,1725.5,1759.2,1721.1,1752.7,2366.70407315
1741824000000,1753.8,1761.2,1729.5,1733.8,1986.07326784
1741838400000,1733.1,1737.3,1706.8,1723.6,1683.41475789
1741852800000,1723.8,1752.8,1705.4,1749.9,3862.33407945
1741867200000,1749.9,1770,1718.3,1727.9,4869.4768868
1741881600000,1727.3,1730.2,1677.7,1706.9,3332.57992934
1741896000000,1708,1735.2,1695,1718.5,1210.58511114
1741910400000,1718,1748,1714.6,1741.9,704.94838157
1741924800000,1741.6,1758.5,1740.7,1746.9,972.15148636
1741939200000,1747.1,1753.6,1740,1746.8,2119.82615682
1741953600000,1746.8,1785.7,1725.3,1768.4,3761.91557533
1741968000000,1768.9,1789.1,1760,1778.5,2062.83746628
1741982400000,1778,1778.8,1755,1757.1,993.86634361
1741996800000,1757.2,1768.2,1750.9,1765.6,411.46570602
1742011200000,1768.5,1778.8,1761.1,1763.8,532.00113907
1742025600000,1764.8,1777.7,1759,1774.8,547.15601985
1742040000000,1774.7,1784,1769.6,1782.6,456.05412012
1742054400000,1782.6,1792.1,1774.3,1782,655.97462337
1742068800000,1782.8,1800.6,1782,1782.4,614.94453074
1742083200000,1782.4,1785,1763.1,1773,302.32156976
1742097600000,1773,1778.4,1767.7,1771.7,171.29299137
1742112000000,1771.2,1772.4,1717,1723.3,1330.9387463
1742126400000,1723.4,1745.9,1722.8,1743.4,1366.65258987
1742140800000,1743.1,1768.7,1712.9,1729.7,1508.27386246
1742155200000,1732,1746.1,1720,1735,1729.37187073
1742169600000,1735.2,1760.7,1734.9,1754.6,791.78413808
1742184000000,1755,1757.1,1728,1748.2,671.24785126
1742198400000,1747.8,1760.5,1739.7,1752.9,1335.40635361
1742212800000,1753,1778.1,1732,1757.5,4438.88710463
1742227200000,1757.6,1787.2,1747.5,1778.4,1993.50400097
1742241600000,1778.8,1784.7,1760.7,1764.4,562.64441184
1742256000000,1764.3,1767.1,1740,1742.7,562.07309763
1742270400000,1743.4,1751.5,1736.3,1742.3,1040.62045687
1742284800000,1742.1,1746.8,1724,1734.7,2257.79658864
1742299200000,1733.5,1743.4,1716.8,1721.6,2251.0714447
1742313600000,1721.2,1743.2,1711.3,1740.1,1381.04275721
1742328000000,1740,1768,1734.6,1766.6,1637.34811476
1742342400000,1766.2,1782.4,1762.4,1771.5,741.69277765
1742356800000,1772.6,1778.6,1765.4,1773,1178.51336755
1742371200000,1773.6,1864,1772,1859.1,4303.93177163
1742385600000,1860.4,1893.2,1828,1884.3,4305.95267503
1742400000000,1884.6,1896.8,1835.5,1863.5,5106.95275021
1742414400000,1864.7,1896.9,1861.5,1885,1514.93122265
1742428800000,1886.2,1894,1852.4,1854.7,1620.60344438
1742443200000,1854.7,1856.7,1843.4,1846.2,1562.34422442
1742457600000,1846.4,1861,1820,1833.6,4143.00306032
1742472000000,1833.2,1855.8,1814.1,1818.3,2326.66446726
1742486400000,1816.7,1825.1,1798.6,1818.9,1634.54164383
1742500800000,1818.7,1828.3,1816,1826.2,722.433648
1742515200000,1826.4,1839.4,1819.4,1824.8,589.73402138
1742529600000,1825.7,1835.9,1814.2,1823.8,867.44876181
1742544000000,1822.3,1827.8,1806.6,1813.6,1323.26473326
1742558400000,1812.3,1819.6,1786,1803.3,2819.72025994
1742572800000,1803.7,1827.8,1799.8,1824.7,2433.29547468
1742587200000,1826,1832.6,1813.1,1815.6,929.02372757
1742601600000,1815.2,1836.2,1815,1835.7,653.22602061
1742616000000,1835.7,1841.5,1833.4,1834.1,412.87704776
1742630400000,1834.4,1854,1832.1,1840.1,758.95797725
1742644800000,1839.9,1847,1831.7,1836.7,503.9197353
1742659200000,1836.3,1848.2,1833.3,1844.8,566.24174122
1742673600000,1844.6,1852.2,1825.3,1830.7,762.24003221
1742688000000,1830.1,1856.5,1826.8,1855.8,664.12091641
1742702400000,1855.3,1866.3,1841.4,1856,725.96345117
1742716800000,1857.5,1867.1,1851.7,1855.8,793.53458273
1742731200000,1856.1,1867.6,1851.5,1856.1,822.33276093
1742745600000,1856.1,1856.1,1837.9,1845.5,850.53483086
1742760000000,1846.5,1852.2,1831.1,1851.3,1415.68476734
1742774400000,1850.5,1865,1827.5,1862.1,1892.30832438
1742788800000,1861.7,1917.4,1861.7,1909.7,2981.06985605
1742803200000,1909,1941.2,1908.9,1931.7,3297.36883415
1742817600000,1932,1945.3,1916.1,1935.9,3481.07299856
1742832000000,1936.3,1944.9,1916.5,1936.7,2113.75035124
1742846400000,1934.3,1939.9,1915.8,1926.8,1053.66790264
1742860800000,1926.7,1942,1890.6,1891.9,974.10516664
1742875200000,1890.2,1914.4,1886,1905.7,1175.76967482
1742889600000,1905.9,1920.7,1905.1,1913,1603.46590175
1742904000000,1914.2,1923.2,1896.7,1915,2429.34257809
1742918400000,1915.4,1928.4,1904.7,1923,1631.86125125
1742932800000,1923.1,1930.7,1903.9,1916.3,892.58267211
1742947200000,1916.4,1927.4,1893.9,1900.1,914.11944459
1742961600000,1899.9,1921.1,1899.3,1919.7,1170.25753344
1742976000000,1919.4,1924.1,1906.3,1917.3,1422.97330408
1742990400000,1917.5,1919.3,1860.5,1867.6,4149.23113472
1743004800000,1866,1875,1843,1860.1,2458.40034592
1743019200000,1859.9,1875.2,1854.1,1871.5,1936.40704261
1743033600000,1871.5,1891.1,1868.2,1884.4,925.1617225
1743048000000,1886.7,1886.7,1877.3,1883.4,458.40233972
1743062400000,1882.9,1890.6,1867.3,1870.5,1634.22728831
1743076800000,1869.9,1879,1842.8,1857.7,2701.02279132
1743091200000,1857.5,1866.8,1847.5,1855.6,1089.38055368
1743105600000,1856.6,1870.2,1851.4,1853.9,617.2516786
1743120000000,1855.5,1866.9,1845.6,1852.9,768.68112344
1743134400000,1852.8,1857.9,1763.8,1769.7,3626.05675035
1743148800000,1769.8,1786,1730,1764.1,2737.98171273
1743163200000,1763.9,1766.5,1729.3,1730.3,3608.76487686
1743177600000,1729.2,1743.5,1719.3,1730.8,1668.51466547
1743192000000,1730.8,1756.5,1730.3,1752.3,1240.68986082
1743206400000,1752.2,1767.2,1742.5,1755,871.67376915
1743220800000,1754.5,1760,1732.4,1736.4,669.80315822
1743235200000,1735.9,1743.3,1692.6,1703,2390.51298179
1743249600000,1703.5,1720.8,1694.1,1698.9,1254.00168408
1743264000000,1699.4,1707,1661.1,1687.7,2552.92068001
1743278400000,1688.4,1691.2,1674,1689.1,759.29837725
1743292800000,1689.2,1691.7,1675.9,1687.5,397.2996225
1743307200000,1699,1704.6,1693.5,1698.3,564.36959695
1743321600000,1698.8,1708.7,1688.8,1693.4,1310.92617519
1743336000000,1694,1699.6,1656.9,1675.8,1466.88078412
1743350400000,1675.7,1694.9,1650.1,1677.1,1485.74106508
1743364800000,1677,1683.3,1636.3,1670.3,2414.24671064
1743379200000,1671.2,1682.6,1641.4,1660.6,1652.2211949
1743393600000,1660.8,1674.7,1652.8,1661.5,2905.44465367
1743408000000,1661,1681.3,1644.8,1676.3,3599.09404973
1743422400000,1676.5,1716.4,1661.2,1706.8,3584.68898975
1743436800000,1707,1710.2,1680.7,1688.5,1691.37844511
1743451200000,1689.7,1695.7,1678.7,1683.8,1003.42060344
1743465600000,1684.4,1701.8,1680,1693.7,602.87823863
1743480000000,1694,1727,1691.4,1716.9,1053.11397898
1743494400000,1717.4,1750,1716.8,1727.3,2678.74312668
1743508800000,1728.1,1790.2,1705.1,1776.8,3781.85956906
1743523200000,1777.4,1781.7,1761.6,1770.8,1301.20638848
1743537600000,1770.6,1781.2,1758.5,1764.7,847.9270655
1743552000000,1763.4,1767.4,1734.8,1738.1,683.44056636
1743566400000,1738.7,1744.4,1715.8,1728.7,1193.3113806
1743580800000,1727.9,1748.1,1724.6,1729.4,1083.1894315
1743595200000,1729.9,1768.5,1714.8,1748.7,14259.27730747
1743609600000,1749.7,1764.6,1734.3,1760.9,2655.83312579
1743624000000,1761.4,1796,1641,1645.7,11473.47746758
1743638400000,1645.6,1680.6,1640.5,1671.5,2616.85730342
1743652800000,1671.5,1690.6,1645.9,1654.7,3999.52927049
1743667200000,1654.2,1661.4,1616,1619.5,9980.65506247
1743681600000,1619.4,1623.5,1574.9,1612.6,9085.56660851
1743696000000,1611.6,1629,1601.8,1620.2,2750.193914
1743710400000,1620.1,1648.7,1613.3,1644.4,2233.48032074
1743724800000,1645.4,1650.8,1601,1616.3,2371.34827939
1743739200000,1616.4,1653.1,1608.6,1652.8,2686.30287671
1743753600000,1652.7,1669.6,1592.5,1613.7,8051.31032196
1743768000000,1613.1,1656.4,1601.3,1630,15344.93766207
1743782400000,1630.2,1669.9,1624.3,1653.5,5175.84971041
1743796800000,1653.4,1666.9,1649.7,1656.6,1280.33202862
1743811200000,1655.5,1666.4,1650.6,1650.7,332.971536
1743825600000,1650.9,1655.9,1646.2,1653.4,419.75744875
1743840000000,1653.7,1661.8,1648.1,1648.8,465.53424876
1743854400000,1648.6,1649.7,1621.9,1625.6,780.27598126
1743868800000,1625.5,1637.2,1623.4,1624.7,410.09893452
1743883200000,1625.9,1650.3,1610.8,1646.5,786.74930172
1743897600000,1647.6,1656,1643.3,1650.5,371.53945647
1743912000000,1650.9,1653.6,1635.2,1639.4,395.06337883
1743926400000,1639,1639.3,1625.8,1630.8,1003.54773657
1743940800000,1630.7,1633.8,1585.6,1605.3,2126.49958049
1743955200000,1605,1605,1458.8,1484.9,9130.47254298
1743969600000,1483.7,1488.7,1398.6,1436.5,15054.11711346
1743984000000,1437.7,1469.9,1389.6,1408.6,14845.93604727
1743998400000,1408.9,1420.2,1281,1326.2,22340.06905629
1744012800000,1326.4,1385.8,1321.7,1351.6,10826.63590239
1744027200000,1351.9,1494.9,1347.7,1425.9,15921.71352935
1744041600000,1425.9,1438.2,1397.1,1416.7,6453.06472409
1744056000000,1415.4,1452.7,1415.4,1421.9,2475.66764689
1744070400000,1422.7,1475.3,1409,1445.7,3525.32147517
1744084800000,1445.7,1460.5,1426.9,1438.4,4323.9730953
1744099200000,1438.2,1453.6,1421.2,1452.3,5420.43805356
1744113600000,1452.3,1456.5,1393,1403.5,8231.11406102
1744128000000,1403.1,1405.8,1326,1337.6,9059.97519629
1744142400000,1337.3,1354.8,1317.2,1340.8,4231.43554213
1744156800000,1341.5,1349.8,1254.9,1286.7,9379.12409434
1744171200000,1285.6,1350,1282.9,1346.4,11866.66391925
1744185600000,1346.7,1356.2,1308.4,1318.1,7847.06160196
1744200000000,1317.5,1359.4,1299.9,1344.3,6818.15927147
1744214400000,1344.7,1534.1,1342.7,1499.9,18069.15650321
1744228800000,1499.3,1542,1499.3,1524.2,5651.5518947
1744243200000,1524.1,1524.6,1459.1,1471.7,3545.08529133
1744257600000,1472.2,1480.4,1439.8,1447,6108.46661669
1744272000000,1447.9,1454.3,1428.7,1440.2,7684.25926769
1744286400000,1440.3,1465.3,1321.9,1336.5,11884.74948059
1744300800000,1336.5,1368.5,1313.3,1352.8,7518.14026192
1744315200000,1351.8,1369.9,1350,1352.3,9802.3865111
1744329600000,1352.3,1369.6,1331.8,1362.3,19171.67461
1744344000000,1362.5,1387.1,1361.4,1366.6,14842.63032711
1744358400000,1366.8,1395,1350,1376,24819.05039274
1744372800000,1376.2,1395,1356,1382,19611.90056867
1744387200000,1382.2,1405.1,1377.1,1379.4,6612.06365276
1744401600000,1379.9,1396.6,1372.2,1379.1,1502.43371432
1744416000000,1379.1,1381.6,1362.2,1368.4,803.48512296
1744430400000,1368.6,1396.3,1365.3,1393.7,1148.10947559
1744444800000,1393.7,1414.6,1392.6,1404.2,1338.83064691
1744459200000,1404.5,1470.2,1401.5,1458.3,3355.22529712
1744473600000,1458.3,1463.8,1434.1,1447,1859.52268143
1744488000000,1447.4,1462.5,1446.7,1448.6,1179.59999603
1744502400000,1448.4,1453.1,1415.3,1430.5,978.48406764
1744516800000,1429.6,1430,1407.1,1422.7,1121.47389918
1744531200000,1422.6,1435.1,1404.4,1414.8,1739.00845258
1744545600000,1415.4,1418.7,1380.7,1398.6,1925.62933257
1744560000000,1398.7,1453,1377.6,1402.6,4156.53838188
1744574400000,1402,1426.7,1389.1,1407.9,4869.73966434
1744588800000,1407.9,1457,1406.6,1432.5,4494.45412238
1744603200000,1432.7,1444.5,1413.5,1436,5248.73708099
1744617600000,1437,1485.2,1429.5,1471.8,4605.4643959
1744632000000,1472.1,1487.5,1424.1,1433.5,10084.3987045
1744646400000,1433.5,1456.2,1421.1,1441.5,7398.24760276
1744660800000,1441.7,1443,1416.5,1432.6,3161.27904739
1744675200000,1432.7,1447.5,1426.1,1443.4,2193.15524272
1744689600000,1443.5,1453.8,1437.7,1449.1,3219.20526366
1744704000000,1449,1456.9,1432.2,1441.5,5351.54236583
1744718400000,1441.3,1467.6,1409.2,1436.3,9370.3081605
1744732800000,1436.2,1443.5,1416.2,1425.3,4910.40801728
1744747200000,1425.1,1431.2,1402.1,1407.4,2559.14762121
1744761600000,1407,1417.5,1394,1404.3,3671.95850295
1744776000000,1402.8,1405.5,1369.8,1374.3,4035.86443233
1744790400000,1374.3,1396.3,1368.9,1394.3,6315.43555025
1744804800000,1394.8,1420,1379,1398,6124.34813598
1744819200000,1398.2,1417.8,1353,1395.6,6378.0873807
1744833600000,1394.5,1401.9,1377.7,1384,2999.45098036
1744848000000,1383.8,1402.2,1383,1394.7,1862.39691683
1744862400000,1394.9,1417.1,1391.2,1407.7,3140.07442909
1744876800000,1407.6,1410.7,1397.2,1402.3,2443.96978706
1744891200000,1403.4,1412.8,1375,1393.2,8561.45174075
1744905600000,1393.6,1424.9,1387,1391.3,4550.73649682
1744920000000,1390.4,1400,1389.4,1392.5,1231.3042874
1744934400000,1392.3,1396.8,1386.8,1392.9,1920.04512574
1744948800000,1393.8,1393.8,1384.4,1393.4,1047.44302264
1744963200000,1393.5,1400.5,1391.1,1397.5,940.54123466
1744977600000,1398.3,1402.7,1387.9,1389.9,1870.33571294
1744992000000,1390.1,1400.2,1389.2,1398.9,655.63880037
1745006400000,1398.9,1404.9,1393.5,1394.8,829.96517612
1745020800000,1395,1404.5,1392,1403.3,820.0239898
1745035200000,1402.7,1415.1,1400.2,1404.6,822.50709287
1745049600000,1405.3,1409.3,1399.4,1401.2,675.51777643
1745064000000,1401.3,1414.6,1399.9,1410.5,452.95820107
1745078400000,1410.7,1431.4,1403,1417.2,1158.49123041
1745092800000,1417.5,1423.8,1414.6,1415,736.55206093
1745107200000,1415.3,1421,1411.3,1414,416.03724253
1745121600000,1414.6,1419.7,1393.3,1402.5,1012.44309441
1745136000000,1402.2,1402.6,1375.2,1380.9,1400.49859808
1745150400000,1380.2,1390.5,1380.1,1382.7,1587.62542983
1745164800000,1382.3,1394.9,1381,1393.3,1208.24732788
1745179200000,1393,1405.2,1378.6,1387,9135.09095371
1745193600000,1387.2,1430.5,1384.9,1419.1,6419.84423916
1745208000000,1419.8,1440.1,1417.7,1424.8,4137.69566344
1745222400000,1424.6,1432,1403.5,1408.7,4119.00275759
1745236800000,1409.3,1427.1,1396.4,1411.2,4772.39337939
1745251200000,1410.4,1413.6,1357,1366.9,4235.00891638
1745265600000,1366.7,1372.6,1364.5,1371.9,1521.17838407
1745280000000,1371.5,1385.8,1340,1368.9,3890.65517359
1745294400000,1369.5,1411.6,1364.4,1407.3,4246.94877998
1745308800000,1406.8,1425,1404.2,1419.3,4109.56856846
1745323200000,1418.9,1505,1418.2,1485.7,7837.72924675
1745337600000,1486.5,1494.1,1472.4,1487.6,3488.99176557
1745352000000,1488.2,1561.8,1481.1,1550.2,5869.76944249
1745380800000,1564,1594,1557.5,1574.7,4308.15756765
1745395200000,1574.1,1590.3,1558.9,1575.4,4491.32111828
1745409600000,1575.4,1612.3,1547.7,1581.4,10671.77840883
1745424000000,1581.6,1598.1,1566.5,1577.3,3650.12696121
1745438400000,1577.9,1594.2,1577.5,1584.8,1793.55260429
1745452800000,1584.4,1587.7,1558,1559.9,2443.2308684
1745467200000,1559.3,1567.2,1540.1,1543.5,2173.04735611
1745481600000,1543.9,1546.5,1514.1,1543.3,3638.41391152
1745496000000,1543.3,1564.4,1536.2,1553.8,4932.37626011
1745510400000,1554,1564.2,1536.5,1549.6,2281.02257761
1745524800000,1549.1,1560.4,1536,1556.8,1146.00082545
1745539200000,1557.2,1577,1533,1554.3,2732.81540572
1745553600000,1555,1570.8,1553.6,1565,2757.73034666
1745568000000,1566,1580.7,1555.8,1577.4,3241.71864444
1745582400000,1578.4,1608.9,1551.9,1588.4,5269.9292188
1745596800000,1589.1,1594.3,1568.8,1588.3,2173.67921799
1745611200000,1588.1,1593.7,1571,1572.1,1288.37904931
1745625600000,1571.8,1598.4,1571.8,1583,1158.63636629
1745640000000,1581.7,1594.6,1575.8,1586.4,1044.0472165
1745654400000,1585.8,1620.9,1567.7,1573.2,1881.56398349
1745668800000,1573.2,1588.6,1568.4,1585.3,895.59234663
1745683200000,1584.6,1597.6,1581.8,1596.8,515.7702673
1745697600000,1597.4,1613.3,1590.3,1603.4,686.95495872
1745712000000,1604.6,1635.4,1587.4,1593.1,1263.4594762
1745726400000,1593.7,1595.7,1577.5,1588.9,661.1777135
1745740800000,1589,1597.7,1587.1,1591.1,466.85359102
1745755200000,1591.5,1592,1570,1580,834.34514558
1745769600000,1580,1592.2,1574.9,1592.2,750.08448299
1745784000000,1591.8,1592,1573.1,1579.4,1660.13976198
1745798400000,1580.1,1580.5,1544.7,1572.2,1521.03750622
1745812800000,1572.2,1597.6,1571.5,1591,1912.71789966
1745827200000,1592.3,1611.8,1576,1600.4,2670.07836679
1745841600000,1601.1,1601.1,1540.6,1550,4751.76458368
1745856000000,1549.5,1581,1532.5,1574.3,3250.97426007
1745870400000,1574.1,1584.6,1560.6,1577.8,1412.89250747
1745884800000,1578.6,1583.4,1573.2,1581.6,259.32093238
1745899200000,1583.1,1602.5,1572.5,1598.7,1392.85004477
1745913600000,1598.2,1619.3,1595.2,1609.4,4727.84134398
1745928000000,1608.4,1612.3,1581.3,1593.4,6635.46970441
1745942400000,1593.5,1607.9,1586.2,1600.5,3648.97978597
1745956800000,1601.9,1604.9,1564.1,1580,3833.14639536
1745971200000,1579.2,1594.6,1573.4,1591,2524.49393738
1745985600000,1591.2,1594.5,1575,1579.3,2063.41129248
1746000000000,1579.2,1597.6,1575.4,1597.2,3329.21863742
1746014400000,1597.4,1598.1,1524.1,1556.1,14139.57990101
1746028800000,1555.2,1582,1547.5,1577.4,4627.14920259
1746043200000,1577.7,1598.6,1576.1,1584.3,3012.32532773
1746057600000,1585.3,1607.6,1583,1598.7,2475.26221085
1746072000000,1599.2,1608.6,1595.3,1601.7,3194.77989665
1746086400000,1601.1,1640.8,1598.3,1631,7223.47476588
1746100800000,1631.2,1660.3,1613.3,1643.2,15499.73123281
1746115200000,1644.8,1658.3,1629.5,1633.8,4724.63292596
1746129600000,1632.8,1640.3,1623.9,1627.6,1574.99927232
1746144000000,1627.4,1641.2,1626,1633.9,2925.74056481
1746158400000,1634.1,1636.4,1603,1603.5,4566.34767821
1746172800000,1603.6,1621.2,1601.4,1616.9,3844.58769231
1746187200000,1617,1632.3,1611.2,1625.9,12904.2969748
1746201600000,1626.3,1652,1621.3,1629.5,6431.29401384
1746216000000,1627.8,1636.8,1623.1,1631,1748.04423826
1746230400000,1630.6,1631.7,1617.6,1624.8,1188.28218297
1746244800000,1624.7,1628.7,1616.2,1617.6,1309.25184046
1746259200000,1617,1621.5,1610.1,1616.2,1618.90247237
1746273600000,1615.6,1629.7,1615.6,1625.5,1164.40239888
1746288000000,1625.1,1629.1,1603.7,1628.4,1823.08687549
1746302400000,1629,1637.1,1620,1624.4,2268.26774245
1746316800000,1624,1637.8,1618.2,1623.5,1593.68432673
1746331200000,1623.1,1638.8,1620.8,1630.9,1557.24914419
1746360000000,1618.9,1624.7,1611.2,1622.4,1023.52253033
1746374400000,1621.8,1624.5,1614.8,1620.1,1311.70314342
1746388800000,1620.2,1631.9,1594.3,1598.4,4459.33964267
1746403200000,1598.3,1606.6,1572.6,1584.6,4246.4942749
1746417600000,1584.4,1616.7,1582.6,1615.2,3664.01052959
1746432000000,1615.1,1618.2,1586.5,1591.7,4690.07302584
1746446400000,1591.5,1601.7,1580.5,1592.4,6025.82754591
1746460800000,1592.3,1618.8,1592.3,1605.3,3957.68818534
1746475200000,1605.6,1620.4,1591.1,1609.4,2037.91981406
1746489600000,1609.5,1613.7,1585.5,1597,3491.04274836
1746504000000,1596.5,1598.2,1588,1592.9,2604.44197396
1746518400000,1592.8,1593,1552.1,1563.1,8424.00408763
1746532800000,1563,1568.7,1542.8,1560.8,8330.72736127
1746547200000,1561.2,1582.5,1553.2,1569.9,4230.63779356
1746561600000,1570.3,1604,1552.8,1602,7024.94750871
1746576000000,1602.7,1631.8,1599.6,1609.8,8014.52836821
1746590400000,1610,1618.5,1606.6,1618.1,3966.46936604
1746604800000,1618.8,1625.9,1611.8,1617.3,4670.20712586
1746619200000,1617.5,1617.5,1599,1602,4958.34072312
1746633600000,1602,1602.9,1575,1589.4,7733.39456027
1746648000000,1588.3,1614.6,1583.5,1602,5256.19595339
1746662400000,1602.2,1682.9,1598.3,1677.1,8469.63986427
1746676800000,1678.1,1721.3,1671.8,1707.2,8349.60939289
1746691200000,1706.8,1743.4,1704.9,1733.1,6017.42305315
1746705600000,1733.3,1842.2,1727.3,1823,15672.89603527
1746720000000,1823.9,1905,1813.3,1886,10317.67387085
1746734400000,1887,1980.4,1880.3,1963.8,12793.37074057
1746748800000,1963.6,1997.1,1944.3,1962.3,9008.47117235
1746763200000,1963.8,2125.9,1960,2100.8,13923.4531405
1746777600000,2101.3,2212.5,2034.6,2089.1,22726.16341811
1746792000000,2088.3,2119.5,2012.6,2040.8,11723.36090628
1746806400000,2041.6,2090.7,2018.5,2070.6,6498.99411752
1746820800000,2071.2,2089.9,2064.5,2082.6,2291.2754522
1746835200000,2083.2,2114,2058.6,2077.8,2736.31868681
1746849600000,2077,2147,2066.1,2131.9,4404.550643
1746864000000,2132,2163.2,2097.9,2118.2,7464.6268383
1746878400000,2119.1,2174.4,2119.1,2162,5336.61276286
1746892800000,2162,2230.4,2158.6,2219.2,9122.10262216
1746907200000,2219.6,2308.4,2193,2294.1,8041.47722101
1746921600000,2292.8,2315.2,2222.6,2253.8,6623.96534583
1746936000000,2253.2,2275.6,2181,2197.1,8138.6606697
1746950400000,2197.5,2252.1,2197.5,2248.5,5303.58512916
1746964800000,2248.2,2249.2,2165.1,2188.1,4945.78134053
1746979200000,2189.8,2244.5,2168.4,2230,4257.14061167
1746993600000,2230.7,2252.5,2212.7,2239.2,5492.25586844
1747008000000,2237.8,2266.7,2219,2242.8,5104.24588729
1747022400000,2242.6,2356.4,2214.2,2297.3,9695.54162384
1747036800000,2299.4,2320.4,2268.5,2276.2,6712.14167585
1747051200000,2275.9,2315.5,2228.4,2238.7,12844.5122286
1747065600000,2238.5,2265.3,2171.4,2217,9248.5890085
1747080000000,2216.8,2252.4,2210,2248.3,3390.28419855
1747094400000,2247.7,2247.9,2175.4,2181.9,4978.70301669
1747108800000,2181,2232.1,2177.7,2213.1,3759.46325899
1747123200000,2213.4,2271.4,2205.9,2261.4,4774.52699968
1747137600000,2261.4,2303.3,2242.6,2296.4,9883.08049425
1747152000000,2296.4,2447.6,2290.9,2405.2,11332.13029713
1747166400000,2403.3,2419,2370.6,2395.4,5575.34413038
1747180800000,2395.2,2435,2344.9,2363.4,7148.33514489
1747195200000,2364.1,2402.2,2353.5,2355.2,5833.5916301
1747209600000,2354.9,2359.7,2293.4,2340.6,10304.92501609
1747224000000,2340.6,2350.3,2282.5,2317.7,7921.0589467
1747238400000,2317.3,2341.8,2275.1,2332.3,4768.50893601
1747252800000,2332.1,2338.1,2310.4,2333.8,1867.09861874
1747267200000,2333.8,2366.4,2293.7,2299.5,3924.07348919
1747281600000,2299.6,2320,2246.8,2259.8,4587.64374953
1747296000000,2259.6,2293.6,2248.7,2286.1,7191.74498029
1747310400000,2285.2,2303.1,2217.4,2292.8,5952.82843831
1747324800000,2292.6,2330,2247.9,2263.5,6510.23001043
1747339200000,2263.9,2292.9,2247.3,2278.2,4712.53586607
1747353600000,2277.1,2308,2262.9,2305.5,4526.87931631
1747368000000,2305.5,2337.8,2292.1,2321.7,4861.09922904
1747382400000,2322.5,2364.6,2283.9,2341.2,5227.95128817
1747396800000,2341.7,2343,2306.9,2328.8,7331.42496196
1747411200000,2329.1,2334.6,2306.9,2324.5,2749.86270262
1747425600000,2323.5,2324,2265.3,2273.2,1857.57278364
1747440000000,2272.7,2273.3,2197.3,2236.4,2740.30379563
1747454400000,2237.3,2251.9,2217.7,2233.4,1724.64020326
1747468800000,2233.6,2236.3,2210,2223.4,1518.86197183
1747483200000,2223,2227.8,2190.8,2216.8,1389.10674327
1747497600000,2218,2229.6,2193.5,2212.1,1455.41675874
1747512000000,2213.9,2236.3,2199,2218,1451.86711685
1747526400000,2218.2,2228.3,2211.7,2219.4,778.36682634
1747540800000,2220.7,2253.6,2219.9,2248.5,1157.32993672
1747555200000,2248.4,2266.6,2237.8,2241.1,1258.5355194
1747569600000,2241.1,2316.6,2228.5,2308.4,2990.59076713
1747584000000,2309.5,2313.1,2151.8,2156.8,4976.94121388
1747598400000,2153.5,2243.8,2078.1,2231.2,5949.4528681
1747612800000,2231.8,2245.4,2128.2,2133.4,2464.03065133
1747627200000,2136.3,2152.3,2096,2139.8,4423.55631142
1747641600000,2139,2154.3,2122.3,2145.3,3017.39385446
1747656000000,2145.1,2199.2,2118.3,2196,4549.48277993
1747670400000,2195.9,2267.4,2182.9,2241.7,5801.34071232
1747684800000,2240.8,2255.4,2218,2250.7,2306.2016071
1747699200000,2251.1,2301.2,2236.2,2269.7,3119.79368906
1747713600000,2271.2,2292.9,2238.4,2246.5,6036.98657037
1747728000000,2247,2257.2,2214.8,2236.4,2489.27676428
1747742400000,2236,2236.7,2190.7,2206.8,3803.98693119
1747756800000,2207.2,2226.8,2167.1,2218.9,3443.45672062
1747771200000,2217.7,2251.7,2204.4,2237,2960.81642079
1747785600000,2235.6,2256.3,2219.2,2246.4,1657.19116221
1747800000000,2246.1,2305.3,2238.3,2254.7,4434.86416979
1747814400000,2255.1,2262.9,2216.2,2242,3478.12495609
1747828800000,2241.8,2277.1,2228,2263.3,6150.16484939
1747843200000,2263.2,2305.1,2163.3,2220.4,8479.65053095
1747857600000,2219.6,2293.4,2194.2,2249.1,3203.03630394
1747872000000,2250.4,2333.6,2244.4,2315.5,3635.95231825
1747886400000,2316.4,2332,2291,2324.4,3177.01191351
1747900800000,2324.6,2380.3,2319.4,2341.5,3440.46093703
1747915200000,2341,2371.8,2318.3,2359,2833.8302381
1747929600000,2360.3,2371.1,2325.5,2331.6,2651.62562316
1747944000000,2334,2359.2,2325.7,2357.6,1367.05773805
1747958400000,2358.4,2411.4,2338.4,2401.6,1168.94324414
1747972800000,2402.2,2404.8,2336.4,2339.5,2055.66862044
1747987200000,2340,2367.7,2250,2264.5,6423.33991668
1748001600000,2265.6,2290.4,2207.7,2264.1,7219.65972723
1748016000000,2263.4,2278.3,2242.6,2253.5,3235.71392621
1748030400000,2253.4,2254.6,2203.2,2223.3,2503.50615738
1748044800000,2222.7,2250,2214.4,2244.8,1275.70873088
1748059200000,2245.7,2257,2232.6,2242.5,853.662017
1748073600000,2243,2267.5,2240.9,2256,1130.94772692
1748088000000,2256.5,2258.5,2239.7,2250.8,1310.46481187
1748102400000,2248.7,2260.5,2240,2249.5,691.90668863
1748116800000,2249.2,2251.3,2217.1,2228.3,1518.19434762
1748131200000,2227.9,2236.8,2182.5,2214.3,2230.71261499
1748145600000,2213.6,2219.5,2191.9,2197.1,1084.99761814
1748160000000,2196.6,2204.4,2169,2200.7,1832.04405204
1748174400000,2200.1,2224.5,2184.9,2213.5,1795.28935799
1748188800000,2213.9,2234,2200,2225,1162.51229963
1748203200000,2227.1,2247.9,2209.5,2244.4,2097.56382409
1748217600000,2246.1,2263,2229.7,2240,971.44719508
1748232000000,2253.3,2282.7,2248,2269.2,1253.43240519
1748246400000,2269.2,2270.7,2246.3,2258.3,1555.83775777
1748260800000,2259.4,2264.5,2232.3,2255.5,1571.85174319
1748275200000,2255.9,2262,2219.3,2233,1551.16214104
1748289600000,2233.1,2270.1,2229.1,2253.2,1432.27801485
1748304000000,2252.4,2258.9,2202,2239.1,2216.62000706
1748318400000,2239.4,2310,2238.2,2299.4,3151.05273242
1748332800000,2301.5,2338.6,2301.3,2337.1,4321.13022054
1748347200000,2336.2,2361.6,2320.4,2356,5387.83723389
1748361600000,2356.1,2392.6,2344.3,2372,4212.01710073
1748376000000,2372.1,2377.6,2340,2347.5,2386.86122273
1748390400000,2347,2347.3,2314.3,2340.6,1903.48341589
1748404800000,2340.8,2347.2,2320.6,2328.4,1451.91285213
1748419200000,2328.4,2349.7,2302.8,2346.7,1758.61252701
1748433600000,2348.7,2380.6,2313.2,2328.9,3658.08050859
1748448000000,2329.9,2360.4,2318.3,2320.6,2073.35529708
1748462400000,2320,2390.2,2314.4,2388.3,3149.03441547
1748476800000,2388.7,2479.3,2377.1,2456.9,6155.77913672
1748491200000,2457.1,2460.6,2402.8,2422.5,3893.21279414
1748505600000,2423.9,2435,2402.4,2411.6,3066.09073465
1748520000000,2410.5,2412,2311,2327.3,8336.44835983
1748534400000,2327.3,2350.6,2313.3,2331.6,4038.42376455
1748548800000,2334.6,2348.6,2304,2315.5,2157.64445462
1748563200000,2314.9,2330,2252.2,2320.5,3373.16660804
1748577600000,2320.3,2337.7,2299.4,2312.2,1555.64252596
1748592000000,2312.4,2322,2287.8,2315.1,2030.49688622
1748606400000,2315.1,2319.1,2274,2290.8,3260.82890682
1748620800000,2292.2,2296.2,2235.1,2268.5,2773.60596725
1748635200000,2269.1,2282.9,2212.7,2232.4,2570.37278299
1748649600000,2232.8,2240.8,2187.1,2218.4,1720.50630807
1748664000000,2218.9,2230.7,2211.5,2226.1,596.1498138
1748678400000,2226.5,2241.3,2215.5,2224.9,583.50523347
1748692800000,2225,2252.8,2222.2,2239.7,909.97179423
1748707200000,2239.9,2250.6,2229.3,2242.3,641.58249896
1748721600000,2242.1,2253.4,2230.8,2233.4,418.17600447
1748736000000,2233.1,2235.2,2202.1,2220.3,717.16876166
1748750400000,2220.4,2231.7,2214.6,2217.6,387.03035023
1748764800000,2217,2218.1,2190,2205.9,1172.040676
1748779200000,2206.8,2230.8,2180.8,2229.1,698.49148502
1748793600000,2229.1,2250.4,2202.3,2231,1899.25722575
1748808000000,2231.4,2247.5,2224.7,2240.8,677.97335657
1748822400000,2239.5,2239.9,2191.5,2201.4,561.47618341
1748836800000,2200.9,2206.6,2186.8,2198,1004.64569041
1748851200000,2198.6,2208.2,2168.5,2176.8,1776.98823728
1748865600000,2176.5,2238,2172.7,2228.1,2541.32549471
1748880000000,2228.7,2247.4,2208.9,2215.2,1617.60721374
1748894400000,2214.8,2285,2214.8,2277.5,1800.86517873
1748908800000,2278.2,2320,2269.3,2281.8,1660.68406616
1748923200000,2281.4,2297.2,2269,2289,879.65922832
1748937600000,2288.9,2299.7,2277.2,2286.4,977.11874906
1748952000000,2286.3,2334.4,2283,2308,2562.04604007
1748966400000,2310,2314.1,2290.9,2311.3,1080.86002145
1748980800000,2311.5,2311.5,2265,2280.2,1187.61576265
1748995200000,2279.4,2324.5,2272.1,2313.4,883.98790329
1749009600000,2314,2328.3,2305.2,2308.8,947.17880056
1749024000000,2309.7,2330,2308.2,2308.3,1444.15345538
1749038400000,2308.4,2347.8,2273,2337.6,4552.11106598
1749052800000,2338.5,2338.7,2298.3,2301.3,1486.37065171
1749067200000,2300.2,2301.4,2277.5,2285.2,1106.52963187
1749081600000,2285.1,2307.5,2280.1,2301.7,587.80889171
1749096000000,2302.1,2310.4,2281,2283,1061.17249253
1749110400000,2284.4,2290.1,2258,2284.3,1390.87069509
1749124800000,2283.8,2312,2235.8,2265,4888.44228555
1749139200000,2265.4,2268.3,2192.5,2211.2,3899.16940291
1749153600000,2212.5,2216.6,2090.8,2110,5955.18091938
1749168000000,2110.6,2150.3,2082.9,2148.9,2044.47224637
1749182400000,2149.3,2162.4,2142.1,2150.1,1407.77871814
1749196800000,2151.5,2185,2149.9,2170.9,1273.97751993
1749211200000,2171.5,2224,2167.4,2204.5,4494.80527086
1749225600000,2203.8,2211.8,2181.3,2181.9,1338.39800018
1749240000000,2182.7,2202.2,2172.2,2174,673.7388637
1749254400000,2175.5,2189.5,2158.7,2186,355.0661233
1749268800000,2185.5,2197,2178.6,2187.8,615.10805921
1749283200000,2188.4,2196.4,2180,2192,475.41893693
1749297600000,2191.7,2217.3,2188.8,2212.7,1719.74540271
1749312000000,2212.7,2217.7,2201.4,2210.3,799.13937965
1749326400000,2210.3,2232.9,2210.3,2217.3,613.90433385
1749340800000,2217.7,2217.9,2202.8,2205.8,271.40291056
1749355200000,2205.3,2212.8,2202.6,2208.5,567.68447961
1749369600000,2208.9,2214,2187.7,2207.9,1325.16422663
1749384000000,2207.9,2219.6,2196.4,2207.8,746.39905538
1749398400000,2208.2,2230.2,2206.4,2223.6,727.36322555
1749412800000,2223.3,2237.1,2193.3,2201.8,1359.03648206
1749427200000,2201.1,2203.3,2175,2188.9,706.06511163
1749441600000,2188.8,2189.3,2170.7,2183.6,848.26249312
1749456000000,2182.9,2233.5,2176,2227.6,1450.4739417
1749470400000,2227.6,2235.9,2199.2,2220,1723.25108857
1749484800000,2220.7,2267.5,2220.5,2259.5,1906.1676762
1749499200000,2260.1,2358.7,2255.3,2345.4,3722.5860029
1749513600000,2345.9,2385.6,2343.8,2358.2,2235.80162717
1749528000000,2358.3,2368.8,2328.2,2350.7,2587.9893085
1749542400000,2351.1,2449.3,2342.8,2427.4,4419.78064302
1749556800000,2427.2,2430.9,2356.9,2392.3,4333.88982879
1749571200000,2393.5,2455.6,2389.4,2428.9,3194.45649709
1749585600000,2428,2472.5,2392,2462.5,3446.04000382
1749600000000,2461.7,2478.5,2428.2,2444.3,966.9642042
1749614400000,2444.6,2456.2,2435.5,2444.4,946.88175448
1749628800000,2445.6,2445.9,2407.2,2424.1,1676.24923096
1749643200000,2423.6,2506.2,2416.2,2494.6,5690.7487477
1749657600000,2494.1,2502,2438,2449,2616.76155047
1749672000000,2450,2465.3,2387.9,2409.2,2409.59720889
1749686400000,2409.2,2420.5,2385.1,2401,903.82996772
1749700800000,2400,2410.9,2374.1,2379,1583.70597543
1749715200000,2378.6,2393.2,2347.5,2356.1,3823.34259855
1749729600000,2355.9,2397.1,2339.5,2350.6,4062.41289663
1749744000000,2349.7,2395.9,2325.9,2330,2390.54547015
1749758400000,2329.1,2335.4,2261,2280.4,3349.62310341
1749772800000,2279.4,2281.2,2113.3,2182.1,8330.06537256
1749787200000,2182,2203.4,2162.8,2192.4,4872.73717312
1749801600000,2192.4,2214.8,2176.3,2214.7,3899.42097633
1749816000000,2214.4,2228.4,2171.4,2209.9,4839.37209477
1749830400000,2210.3,2239,2176.5,2190.4,2676.72792863
1749844800000,2191.4,2238.3,2188.9,2235.1,1670.64660686
1749859200000,2233.2,2233.2,2208,2209.4,823.32328991
1749873600000,2208.9,2215.8,2190.3,2200.1,581.74258731
1749888000000,2199.7,2202,2183.6,2200.4,738.90428703
1749902400000,2200.6,2207.3,2171,2184.6,783.32289697
1749916800000,2183.7,2189.5,2157,2173.6,1795.93553772
1749931200000,2173.8,2201.7,2164.3,2194.7,999.23928212
1749945600000,2194.4,2202.2,2189.4,2193.5,371.62033321
1749960000000,2193.1,2212.4,2187.1,2193.1,633.06523067
1749974400000,2192.6,2193.5,2173.6,2179.8,973.44898518
1749988800000,2180,2213,2180,2200.8,991.87660731
1750003200000,2202.1,2216,2191.8,2196.2,1032.77565749
1750017600000,2196.7,2210.5,2160,2208.8,2686.32040737
1750032000000,2208.4,2236,2179.9,2229.1,1993.56947627
1750046400000,2228.7,2280.7,2226.9,2270.9,3439.09477732
1750060800000,2271.4,2275,2239.2,2262.1,1213.33402859
1750075200000,2262.1,2290.7,2250.2,2274.5,2047.51378603
1750089600000,2275.5,2309.8,2270.3,2301.7,1282.57455901
1750104000000,2301.6,2318.7,2196.7,2203.2,3750.23517774
1750118400000,2202.9,2265,2186.8,2255.2,1555.59050472
1750132800000,2255.4,2257.7,2224.1,2235.4,1331.30416038
1750147200000,2234.2,2238.1,2196.9,2207.5,1426.8878428
1750161600000,2206,2223.3,2154.1,2167.6,3417.28952981
1750176000000,2166.9,2215.2,2134,2202.4,3318.95351794
1750190400000,2201.7,2208.2,2171.9,2185.7,1606.75224455
1750204800000,2186.3,2207.3,2181.7,2198.5,593.26086531
1750219200000,2198.5,2213.9,2186.5,2200.5,724.50428877
1750233600000,2201.5,2212.8,2166,2184.9,1092.16836089
1750248000000,2184.6,2208.4,2145.1,2179.3,3250.24829772
1750262400000,2178.1,2187.3,2146.8,2173.3,5451.15099644
1750276800000,2173.9,2211,2163.9,2200.6,1847.50873393
1750291200000,2201.1,2219.4,2187.2,2202.4,793.15035831
1750305600000,2202.6,2208.9,2193.9,2198,1221.60480819
1750320000000,2197.8,2217.5,2197.8,2205,1226.5718507
1750334400000,2207.2,2210.6,2172.8,2175,1717.27446183
1750348800000,2176.1,2200,2169,2178.4,1360.92204653
1750363200000,2179.6,2201.4,2176.9,2189.9,840.2362786
1750377600000,2189.5,2197.7,2181.3,2183.5,212.76483394
1750392000000,2183.4,2215.8,2172.1,2213.7,900.30211861
1750406400000,2213.6,2231.2,2206.3,2213.1,1092.92879299
1750420800000,2213.6,2223,2160,2164.3,2261.71754042
1750435200000,2165.4,2166.5,2052,2099.5,5611.42570021
1750449600000,2097.5,2117.6,2068.8,2089.7,1145.43948913
1750464000000,2089.8,2112.3,2080.5,2106.8,599.32112622
1750478400000,2107,2109.4,2101.1,2107.8,310.88713024
1750492800000,2108,2126.7,2105,2121.4,760.0336559
1750507200000,2121.9,2123.9,2095.1,2104.2,589.73485078
1750521600000,2104.7,2108.5,2067.6,2070.1,1628.50265722
1750536000000,2070.7,2091,1925,1994.9,7222.95920699
1750550400000,1995.8,2010.1,1951.3,1967.4,1286.29715392
1750564800000,1967,1997.1,1964.8,1972.4,1269.34712576
1750579200000,1973,1980.7,1941.9,1972.5,1780.93339471
1750593600000,1972.8,1984.9,1871.4,1886.3,5502.73500035
1750608000000,1885,1925.4,1884.5,1896.3,1942.51730096
1750622400000,1895.5,1947.9,1837.9,1938,4649.75379804
1750636800000,1935.6,1968.1,1932.4,1944.4,1028.67632876
1750651200000,1945.2,1980.7,1939.2,1965.6,1668.26536486
1750665600000,1965.9,1978.9,1952.2,1963.6,1413.41709215
1750680000000,1965.2,2013.4,1946.8,1950.3,3823.52482126
1750694400000,1951.4,2010.2,1900,2000.2,4323.52895809
1750708800000,1999.4,2105,1992.3,2080.1,4887.5512519
1750723200000,2082.3,2087.7,2063.6,2069.7,990.606589
1750737600000,2069.8,2100.5,2064.3,2066.7,2703.18017719
1750752000000,2066.8,2111.8,2052,2077,2781.29155066
1750766400000,2077.5,2114.2,2072.9,2101.5,3138.43168845
1750780800000,2103.6,2137.8,2082,2099.1,3205.02091924
1750795200000,2097.7,2112.3,2095,2110,860.21225399
1750809600000,2109.8,2125,2098.6,2106.6,786.15518575
1750824000000,2107.4,2113.4,2089.6,2109.7,1004.24578549
1750838400000,2109.2,2110.4,2078,2095.3,1429.56858386
1750852800000,2094.1,2110,2061,2071.9,1874.1921257
1750867200000,2071.8,2092,2065.6,2088,1224.95025536
1750881600000,2087,2106,2065,2071.7,689.19673993
1750896000000,2071.4,2156,2070,2129,1054.91263849
1750910400000,2130.2,2137.9,2113.7,2127.7,1260.75003713
1750924800000,2127.5,2133.1,2086.8,2096.2,1558.30758385
1750939200000,2094.3,2100.7,2060.2,2077.9,2726.02074214
1750953600000,2077.6,2087.2,2061.2,2081.9,1128.11093965
1750968000000,2080.9,2101.8,2047.7,2067.1,1243.27106916
1750982400000,2066.5,2094.1,2038,2093,826.13328827
1750996800000,2093.2,2100,2081,2086,551.47571817
1751011200000,2086.5,2104.5,2079.7,2090.2,573.36363572
1751025600000,2090.2,2098.8,2061,2081.8,1653.58094274
1751040000000,2082.1,2089.7,2043.3,2062.7,1651.08752497
1751054400000,2063.1,2074.6,2061.6,2069.8,613.19523376
1751068800000,2070.7,2070.7,2055.3,2067.9,358.99702728
1751083200000,2067.8,2078.8,2065.6,2077.4,263.54868818
1751097600000,2077.5,2077.5,2067.4,2073.9,378.34869012
1751112000000,2073.5,2086.8,2066.4,2080.8,355.17877247
1751126400000,2081.8,2090.5,2076.7,2078.3,497.23626762
1751140800000,2077.6,2085.8,2073.3,2080.6,190.55042245
1751155200000,2081.1,2084.4,2070.8,2073.8,99.22412643
1751169600000,2073,2083.6,2072.3,2083.4,140.22897447
1751184000000,2084,2103.5,2081.9,2101.4,822.82086739
1751198400000,2101.2,2102.3,2078.5,2081.2,1011.41374874
1751212800000,2081.5,2086.2,2075,2081.3,534.63577451
1751227200000,2081.3,2153.3,2059.4,2133.1,2029.00118133
1751241600000,2133.9,2153.9,2130.3,2134.9,1111.17906184
1751256000000,2134.7,2139.5,2094.1,2116.2,791.87329365
1751270400000,2116.7,2121.9,2088.3,2098.2,854.58237099
1751284800000,2097.6,2115.7,2075.2,2103.5,1328.53100875
1751299200000,2105,2137.9,2094.4,2137.2,916.64404292
1751313600000,2136.4,2141.1,2108,2110.4,796.11472774
1751328000000,2109.2,2121.2,2101.9,2109.1,396.00494316
1751342400000,2109.1,2109.1,2076,2092.6,695.96355085
1751356800000,2092.4,2092.4,2068,2073.8,1342.66197305
1751371200000,2073.1,2084.6,2044.5,2059.3,1452.79302129
1751385600000,2059.3,2067.3,2038.3,2038.8,945.75389786
1751400000000,2040.3,2050,2023.4,2038.2,1457.50359884
1751414400000,2037.4,2062.8,2011.9,2061.1,524.17181127
1751428800000,2059.9,2084,2056.8,2079.2,588.82260817
1751443200000,2079.6,2093,2076.8,2083.1,820.88248286
1751457600000,2083.3,2126.7,2068.8,2120.9,1838.95529446
1751472000000,2121.6,2210,2118,2207.1,3543.93351317
1751486400000,2207,2219,2177.8,2177.9,1668.59894523
1751500800000,2179.6,2191.5,2167,2172.9,512.45996685
1751515200000,2172.8,2208.4,2171.8,2204.1,855.56058576
1751529600000,2204.7,2220.1,2191.4,2205.2,1312.44001741
1751544000000,2203.3,2241.1,2182.5,2187.6,4026.90616012
1751558400000,2186.7,2208.3,2184.5,2202.7,686.35680212
1751572800000,2203.4,2215.6,2198.9,2202.8,525.44812548
1751587200000,2202.8,2213.2,2186.6,2191.3,349.32354248
1751601600000,2192.5,2196.2,2150.8,2154.6,981.54925583
1751616000000,2154.7,2174.9,2147.8,2167.6,801.73807846
1751630400000,2167.2,2172.5,2121.6,2125,1131.17442083
1751644800000,2126.2,2126.2,2102.4,2109.9,971.687413
1751659200000,2109.9,2142.6,2108.8,2131.3,622.21134623
1751673600000,2131.5,2145.6,2124.6,2140.7,87.07740735
1751688000000,2140.1,2150.6,2136.3,2142.1,187.76658229
1751702400000,2143.2,2146.3,2132.7,2140.5,230.42982043
1751716800000,2140,2142.8,2130,2131.5,214.45372152
1751731200000,2131.8,2136.2,2114.9,2130,408.84206405
1751745600000,2129.9,2144.1,2123.4,2139.2,243.60432972
1751760000000,2139.7,2139.7,2136.3,2136.3,4.63470012
1751774400000,2135.1,2147.3,2132.3,2139.8,258.37203171
1751788800000,2139.9,2140.2,2127.2,2137.9,315.6111535
1751803200000,2136.9,2183.4,2134.2,2172.7,1008.44728508
1751817600000,2174.5,2175.1,2144.3,2158.8,431.35571698
1751832000000,2158.7,2212.1,2158,2182.8,1429.84727056
1751846400000,2182.3,2200,2166.9,2190.9,372.52619974
1751860800000,2191.3,2195.8,2178.7,2195.6,524.14906265
1751875200000,2195,2207,2177.9,2186.1,887.38056343
1751889600000,2186.1,2190.8,2155.9,2159.9,1341.17835574
1751904000000,2161,2182.5,2143.2,2171,1970.54655256
1751918400000,2171,2173.7,2156.2,2165.9,612.02090188
1751932800000,2165.9,2174.9,2149.4,2161.3,990.95525647
1751947200000,2161,2184.6,2156.1,2171.4,385.2468882
1751961600000,2170.7,2203.5,2165.7,2196.5,827.68944804
1751976000000,2198.3,2221.2,2187,2191.7,1205.03643184
1751990400000,2192.3,2242.4,2187.4,2227.1,2078.2846014
1752004800000,2227.5,2233.7,2215.4,2231,595.91790449
1752019200000,2231.4,2241,2213.5,2214.4,445.9914518
1752033600000,2214.7,2260,2214.2,2242.3,1170.77307661
1752048000000,2242.5,2249.7,2223.8,2246.9,745.2316849
1752062400000,2246.9,2284.5,2244,2269.4,2081.40265161
1752076800000,2269.3,2384,2265.4,2357.4,2923.42803924
1752091200000,2357.9,2373.9,2330.7,2359.4,2130.42205457
1752105600000,2360,2383.5,2347.2,2366.5,410.1468099
1752120000000,2365.5,2406,2357.1,2379.8,1951.50366372
1752134400000,2379.3,2385.7,2363.4,2374,1104.9025452
1752148800000,2373.1,2390.9,2363.8,2371.5,1683.36536679
1752163200000,2371,2430.6,2370.7,2407.5,3018.61381964
1752177600000,2407.1,2557,2405.2,2514.1,5379.90341442
1752192000000,2514.6,2544.1,2488.3,2540.2,1048.74715368
1752206400000,2539.9,2586.8,2521.7,2532.4,4139.74579724
1752220800000,2532.3,2592.1,2526.5,2546,3582.13415816
1752235200000,2546.2,2570.6,2508,2517.5,3099.42063731
1752249600000,2518.7,2569.2,2490,2569,3218.60083355
1752264000000,2568.5,2571.8,2489.2,2517.4,1966.4182241
1752278400000,2517.9,2528.6,2498.6,2524.8,330.25646739
1752292800000,2525.2,2533.6,2505.1,2520.8,812.88445764
1752307200000,2521,2535.5,2517.2,2522.1,569.51623658
1752321600000,2520.9,2523.8,2468.4,2477.4,2204.68821781
1752336000000,2477.1,2502.9,2473.6,2497.8,771.96724902
1752350400000,2498,2505.8,2476.6,2501.8,478.66163714
1752364800000,2503.9,2515.5,2497.3,2510.5,177.43122785
1752379200000,2511.5,2525.4,2508.2,2520.8,501.66680525
1752393600000,2522.4,2523.9,2506.3,2520.3,474.55887148
1752408000000,2519.9,2564.2,2514.8,2541.8,1188.37093165
1752422400000,2540.7,2553.9,2514.4,2540.1,831.27260114
1752436800000,2541.7,2556.1,2516.6,2537.6,1273.68483469
1752451200000,2535.1,2601.4,2527.6,2584.9,1269.69043412
1752465600000,2587.3,2609.6,2564.7,2578.7,2838.34147113
1752480000000,2580,2630.1,2565,2607.6,2690.97452815
1752494400000,2607.5,2624.3,2561,2578.1,2895.69639058
1752508800000,2577.2,2595.3,2551.1,2567,1171.66058887
1752523200000,2567.9,2584.3,2551.7,2581.6,565.34995801
1752537600000,2577.9,2587.1,2510.7,2526.1,992.28223387
1752552000000,2526,2563.9,2510.7,2545.3,1449.84191044
1752566400000,2545.4,2556.3,2529.9,2553.7,1052.08440857
1752580800000,2554.3,2633.7,2543.4,2615.4,3907.19408672
1752595200000,2615.3,2669.8,2610.4,2620.3,4069.597719
1752609600000,2619.8,2707.4,2610.3,2702.7,1844.73500083
1752624000000,2702.9,2713.7,2671.6,2682.5,1266.82242501
1752638400000,2682.5,2732.8,2669.5,2721.2,2141.84524642
1752652800000,2721.2,2730.3,2706.2,2715.7,1449.98176555
1752667200000,2715.6,2821.7,2712.9,2789.9,7920.95620009
1752681600000,2789.3,2909,2779.9,2907.7,4991.84578106
1752696000000,2907.1,2940.5,2873.6,2898.5,3684.0821769
1752710400000,2897.4,2922.9,2849.8,2866.3,1291.63474542
1752724800000,2865.3,2992.7,2857.9,2974.9,3357.20063094
1752739200000,2975.2,3002.2,2952.7,2965.4,3321.39201036
1752753600000,2967.6,2971.3,2900,2950,3305.88749435
1752768000000,2950.6,2980,2904.7,2942.5,2977.40891764
1752782400000,2941.2,3030.7,2907.4,2992.7,3438.67926855
1752796800000,2992.1,3116.8,2976.7,3091.4,2104.40442782
1752811200000,3092.5,3161.8,3076.1,3096.6,4386.55255392
1752825600000,3098.9,3117.8,3076.1,3101.5,3321.22504352
1752840000000,3102.5,3152.3,3028.5,3061.1,4840.08568234
1752854400000,3060.5,3119,3045.6,3054.5,1968.83476461
1752868800000,3055.8,3076.3,2992,3050.2,3374.68906273
1752883200000,3050.9,3096.2,3015.2,3090.3,602.79843379
1752897600000,3091.4,3103,3068.4,3072,788.08278149
1752912000000,3072.3,3078.5,3043.9,3055.6,816.67468772
1752926400000,3055.8,3071.9,3033.3,3055.2,940.08676258
1752940800000,3054.4,3080,3038.1,3076,894.2742934
1752955200000,3076.7,3096.1,3044.5,3089.6,651.82367078
1752969600000,3090.5,3176.2,3079.4,3145.6,982.96590349
1752984000000,3148.3,3173.7,3124.9,3154.4,1144.52563852
1752998400000,3154.8,3239.1,3154.8,3229.2,3022.88790787
1753012800000,3228.8,3256.5,3201.8,3252.7,2807.553369
1753027200000,3253.1,3286,3204.3,3220,4332.87483251
1753041600000,3220.7,3239.9,3163.6,3231.1,2203.28553232
1753056000000,3229.9,3240.4,3186.6,3232.6,977.93470468
1753070400000,3231.9,3277.2,3223.3,3250.5,1765.85174383
1753084800000,3250.4,3290.7,3225.5,3263.1,2926.38267396
1753099200000,3263.2,3301.1,3237.7,3256.4,3005.19705548
1753113600000,3256.6,3263,3182,3195.5,3456.50929888
1753128000000,3196.6,3237.9,3182.1,3218,1346.13955412
1753142400000,3218.9,3251.7,3163.1,3190.6,1443.15772711
1753156800000,3191.3,3195,3124,3146.2,2610.52347552
1753171200000,3146.2,3180,3092.8,3168.1,3861.89727778
1753185600000,3167.9,3178,3099.8,3166.4,3692.38944432
1753200000000,3166.3,3190.9,3112.4,3124.3,2140.88561847
1753214400000,3123.3,3196.4,3117.4,3192.5,1189.43051669
1753228800000,3192.9,3208.1,3163,3177.8,1163.62398827
1753243200000,3177.9,3186.3,3123.6,3128.4,1287.82338343
1753257600000,3128.7,3151.8,3103.5,3132.7,1653.99125318
1753272000000,3132.6,3139.9,3054.2,3104.5,5984.01051154
1753286400000,3103.8,3104,3021.4,3047.2,4455.01752255
1753300800000,3048.3,3087,2996.1,3083.7,3839.34644712
1753315200000,3083.3,3113.4,3070,3093.3,883.41143451
1753329600000,3095.8,3107.2,2980.8,3054.6,3221.88800141
1753344000000,3054,3115.5,3044.7,3110.1,2887.84556754
1753358400000,3109.7,3209.2,3068.5,3172.1,4474.73138666
1753372800000,3173.6,3192.4,3118.6,3176.5,2512.13479537
1753387200000,3177.3,3189.5,3145.1,3153.8,1940.12860028
1753401600000,3155.1,3155.1,3045.2,3063.3,3300.65928108
1753416000000,3062.5,3120,3049,3092.1,3139.75037492
1753430400000,3089.6,3196.7,3089.6,3175.4,3168.89341937
1753444800000,3176.4,3187.1,3072.6,3099.5,4035.95752469
1753459200000,3099.1,3116.9,3086.3,3102.5,1385.49983218
1753473600000,3100.7,3176,3100.7,3172,1531.04599496
1753488000000,3171.9,3206.2,3147,3185,1371.05712798
1753502400000,3184,3198.7,3178.9,3186.6,852.49102539
1753516800000,3187.2,3221.6,3179.2,3185.1,1712.97853014
1753531200000,3185.5,3197.4,3166.1,3180.2,1045.62792044
1753545600000,3182.8,3198.6,3160,3194,1283.76227882
1753560000000,3193.8,3230.1,3179.3,3183.7,1095.68170619
1753574400000,3186.8,3224.9,3176.7,3213.5,430.85141062
1753588800000,3213.9,3244,3205.3,3208.8,1368.82326178
1753603200000,3208.8,3269.5,3193.4,3248.5,2295.83436576
1753617600000,3248.1,3266.4,3228.4,3249.9,1560.99729411
1753632000000,3252.2,3293.7,3241.5,3256.3,3051.87468895
1753646400000,3256.3,3300,3246,3295,2045.69668123
1753660800000,3294,3324,3270.4,3300.1,2090.911178
1753675200000,3300,3356.2,3290.6,3332.6,3405.50500258
1753689600000,3331.9,3340.5,3314,3331.3,2049.34555598
1753704000000,3331,3337.8,3241.7,3281.4,3346.3407009
1753718400000,3281.2,3295.9,3239,3275.7,2421.67628595
1753732800000,3279.8,3280.7,3247.9,3275,1332.15131977
1753747200000,3275.7,3296.8,3217.3,3273.2,1471.97753521
1753761600000,3274.4,3360,3256.7,3354.4,2682.08812322
1753776000000,3355.3,3361.5,3300.8,3312.7,2204.36985315
1753790400000,3313.8,3359.9,3249,3261.8,3880.56413321
1753804800000,3262.2,3285.1,3218.8,3259.2,2342.89866767
1753819200000,3259.2,3291.2,3239.3,3284.7,1369.13939285
1753833600000,3283.8,3311.1,3247.7,3300.9,885.21106582
1753848000000,3301.2,3315.4,3278.3,3297.5,1065.53513604
1753862400000,3297.7,3309.4,3248,3257.2,2780.8595788
1753876800000,3258.6,3336.7,3251.9,3309.6,2696.13610587
1753891200000,3310.4,3325.8,3218.3,3292.3,5180.63623288
1753905600000,3291.5,3335,3280,3332,1571.01946744
1753920000000,3332.5,3385.9,3323.2,3378.4,1286.86110047
1753934400000,3380.2,3383.9,3367.9,3373.2,1119.64532967
1753948800000,3373.2,3383,3343.9,3351.7,1337.27751622
1753963200000,3352,3358.3,3287.7,3314.4,2946.87310578
1753977600000,3314.5,3342.6,3268.6,3274.9,2417.42377636
1753992000000,3274.1,3291.5,3228.2,3238.8,2230.37631428
1754006400000,3238.5,3264,3166.9,3246.1,2126.19498768
1754020800000,3244.7,3244.7,3173.3,3197.6,2317.48208759
1754035200000,3194.2,3194.2,3140.9,3192.8,2597.87011331
1754049600000,3192.8,3212.1,3082.1,3130.4,7401.96545568
1754064000000,3130.1,3145.5,3037,3042.5,3948.53350613
1754078400000,3040.4,3068,2963.9,3014,4104.63858789
1754092800000,3012.1,3050.6,3004.4,3047,746.89909638
1754107200000,3047.8,3055.5,2985.4,3042,1466.37105769
1754121600000,3042.7,3046.7,3002.6,3032.7,1267.54715059
1754136000000,3031.7,3040.5,2983.2,2989.1,1608.6090848
1754150400000,2989.4,3008,2912.3,2922.8,3426.05882436
1754164800000,2922.8,2975.2,2909,2931.2,1467.76652012
1754179200000,2929.6,2981.1,2896.6,2975.3,952.72063896
1754193600000,2974.7,2990.3,2966.3,2988,898.14900914
1754208000000,2988.4,3044.9,2986.4,3017.5,2017.4406671
1754222400000,3016.3,3033.3,2989.9,3008.4,1354.75258223
1754236800000,3006.8,3040.9,3001.3,3025.6,1488.03173188
1754251200000,3024.4,3043.8,3010.4,3021.1,1031.23515651
1754265600000,3022.4,3091.1,3018,3074.9,1013.54293457
1754280000000,3075.3,3081.9,3044.2,3073.1,1685.10949226
1754294400000,3073.9,3094.7,3065.1,3074.9,1614.26114367
1754308800000,3075.7,3170,3068.2,3156.3,3451.21313793
1754323200000,3157,3216,3155.9,3174.1,2897.90183049
1754337600000,3172.8,3228,3165.4,3213.1,1265.41813982
1754352000000,3213.3,3213.8,3158,3160.8,761.35285718
1754366400000,3160.8,3185.8,3117.4,3129.6,1751.49853196
1754380800000,3129.9,3200.6,3126.2,3184,1183.85467665
1754395200000,3184.8,3188.4,3072.8,3083.7,3638.835642
1754409600000,3083.1,3120.9,3076,3087.5,1256.3423899
1754424000000,3087.8,3131.5,3063.4,3120.7,678.2211115
1754438400000,3120.1,3120.9,3081.6,3095.5,563.18668274
1754452800000,3095.5,3163.1,3082.9,3144.4,1060.45527648
1754467200000,3143.5,3148.4,3111.9,3119.9,872.13717583
1754481600000,3120,3152.6,3077,3149.4,1725.36298785
1754496000000,3147.4,3175.1,3126.6,3161,1660.49303563
1754510400000,3160.8,3162.2,3134.3,3159.9,613.68178802
1754524800000,3158.6,3190,3131.3,3136.5,373.35425103
1754539200000,3136.6,3179.2,3135.4,3168.4,440.1351141
1754553600000,3169.6,3300,3169.4,3287.3,3323.75726703
1754568000000,3287.7,3320,3275.1,3297.7,3538.99464735
1754582400000,3297.9,3332,3249.7,3320.9,1825.98267532
1754596800000,3320.4,3365.2,3305.5,3349,2024.58693947
1754611200000,3349.8,3403.5,3328.3,3379.3,1949.9140277
1754625600000,3378.3,3379.1,3343.3,3358.8,1372.17569018
1754640000000,3359.1,3369.6,3337.1,3366.2,807.29425132
1754654400000,3365.9,3443.9,3343.5,3390.4,4277.66162291
1754668800000,3391.1,3488.7,3389.8,3486.6,3561.96243736
1754683200000,3485.7,3495.6,3440.1,3441.2,1682.96953022
1754697600000,3441.4,3478.1,3439.8,3477.6,651.83450981
1754712000000,3477.5,3612.2,3472.3,3574.9,4566.69367196
1754726400000,3574.8,3639,3573,3589.4,3372.33094896
1754740800000,3589.6,3613.3,3554.5,3598.9,2503.58721973
1754755200000,3598.3,3654.7,3589,3643.2,1958.18954038
1754769600000,3643.3,3698.5,3628.6,3644.9,1981.72043391
1754784000000,3646.3,3703,3594.8,3625,978.37231747
1754798400000,3625,3642.2,3563.1,3570.7,1702.94649102
1754812800000,3570.3,3614.2,3543.7,3566.1,1464.66015422
1754827200000,3566.1,3618.2,3548,3600.7,1190.95367936
1754841600000,3599.6,3639.2,3596.8,3632.4,978.83090753
1754856000000,3630.6,3648,3588.5,3645.2,1386.04620369
1754870400000,3641.7,3713.4,3635.7,3681.8,1958.54639728
1754884800000,3680.8,3718.6,3654.4,3662.2,1758.80560004
1754899200000,3661.1,3669.9,3583.9,3593.9,2596.65732757
1754913600000,3594.8,3730.6,3581.7,3727.2,4772.08407185
1754928000000,3728.4,3760.3,3647,3668.1,3524.2120691
1754942400000,3667.8,3668.3,3606,3635.9,1844.73361788
1754956800000,3635.9,3709.5,3632.7,3688.3,947.67946702
1754971200000,3688,3717.6,3673,3712.4,1714.71332482
1754985600000,3714.1,3729.9,3666.5,3695.6,1155.99737493
1755000000000,3695.3,3836.6,3687,3829.1,8252.13497378
1755014400000,3831.6,3869.4,3800.8,3865.7,4077.56678614
1755028800000,3867,3970,3855.5,3928.1,5367.42551611
1755043200000,3926.6,3980,3905,3973.1,1335.92844869
1755057600000,3972.4,4001.5,3936.1,3947.6,5143.44555071
1755072000000,3947.7,4018.3,3932.3,4001.5,4935.08274207
1755086400000,4001.2,4046.1,3939,3979.3,5159.68285738
1755100800000,3980.7,4056,3978.1,4045.2,4036.3765517
1755115200000,4047.9,4068.6,4006,4039.1,2866.02569085
1755129600000,4042,4074.7,4003.3,4071,1222.1810016
1755144000000,4071.1,4085,4024.6,4061.9,2366.54637486
1755158400000,4062.4,4078.9,3998.2,4037.4,3488.74252751
1755172800000,4037.2,4053.1,3816.3,3968.1,12200.93041239
1755187200000,3969.1,3971.3,3852.3,3897.9,3926.52032971
1755201600000,3897.6,3927.2,3827.5,3905.5,2474.50498272
1755216000000,3906,3990.9,3898.3,3977.9,1181.35293418
1755230400000,3977.3,3999,3950.8,3974.2,1295.34735887
1755244800000,3974.9,3999,3950,3968.6,1341.1668081
1755259200000,3969.6,3999,3757.4,3788.7,5063.90035574
1755273600000,3786.9,3817,3737.7,3750.4,3294.40651655
1755288000000,3749,3845.1,3737.3,3798.8,1968.03069374
1755302400000,3795.2,3842.5,3786,3787.8,972.7273413
1755316800000,3794.7,3821.1,3773.7,3810,956.14454727
1755331200000,3809.6,3816.6,3744.3,3755.7,1580.68218492
1755345600000,3757.2,3791,3746.1,3767,974.585841
1755360000000,3767.5,3803.4,3760.1,3786.6,840.70824825
1755374400000,3784.1,3799.6,3770,3788,638.22284035
1755388800000,3786.1,3786.1,3785.1,3785.1,0.00977997
1755403200000,3834.8,3844.4,3800,3822.9,690.82539902
1755417600000,3823.5,3915.5,3815.4,3895.7,2155.28533926
1755432000000,3895.8,3906.3,3869.4,3902.5,865.91207663
1755446400000,3903.6,3906.8,3784.6,3811.9,1840.162648
1755460800000,3811.9,3874.6,3808.2,3823,1038.63387743
1755475200000,3821.3,3830.4,3660.7,3698.4,3964.27813827
1755489600000,3694,3719.4,3620.1,3647.1,3318.16804414
1755504000000,3646.9,3702.3,3618.6,3664.8,3573.27993588
1755518400000,3664,3746,3661.2,3728.9,3337.64589988
1755532800000,3729.5,3762.4,3690.5,3736.3,2406.92396294
1755547200000,3734,3762.2,3691.9,3698.4,988.08151946
1755561600000,3697.7,3736.8,3616,3622.6,1911.13126412
1755576000000,3621.4,3647.3,3600,3626.3,2322.1620403
1755590400000,3626.5,3697.7,3615.9,3689.6,1810.66668165
1755604800000,3689.6,3720.3,3574.6,3595.7,4739.97440099
1755619200000,3595.2,3606.8,3532.6,3556.4,4370.8252663
1755633600000,3556.6,3575.3,3494,3501.6,2029.07546427
1755648000000,3500.9,3574.6,3494,3560.4,1444.7636104
1755662400000,3559.3,3620.9,3559.1,3595.2,1728.77319987
1755676800000,3595.4,3645.7,3564.6,3604.2,2681.5754828
1755691200000,3605,3695.9,3523.8,3653.3,3153.17965098
1755705600000,3653.8,3744,3653.8,3730.3,2390.98630969
1755720000000,3730,3757.8,3708.1,3722.4,1482.55965859
1755734400000,3721.4,3724.1,3674.4,3688.1,756.545392
1755748800000,3689,3709.9,3670.3,3698.1,697.27785606
1755763200000,3699.3,3702.8,3651.2,3675.6,1245.79078343
1755777600000,3675,3721.8,3636.6,3653.9,1847.16828119
1755792000000,3656.2,3681,3623.5,3638.6,1728.62457076
1755806400000,3640.9,3669.8,3623,3636.6,687.47712278
1755820800000,3637.6,3714.9,3636,3690.4,686.37228315
1755835200000,3690.1,3746.1,3686.2,3732.7,1733.90793867
1755849600000,3732.2,3754.2,3682,3682.6,1462.30177344
1755864000000,3683,3982.6,3624.1,3940.6,10536.91986613
1755878400000,3940.7,4140.9,3940.7,4117.9,10881.7884935
1755892800000,4119.6,4160,4066.5,4097.2,4471.46790721
1755907200000,4098.7,4098.7,3955,3982.2,1936.85266335
1755921600000,3983.3,4043.6,3981.6,3994.7,2244.18888696
1755936000000,3996,4024.8,3981.5,3992.5,1912.93781705
1755950400000,3993.8,4045,3982,4030.3,1954.67364623
1755964800000,4029.5,4038.3,4009,4036,1048.40315241
1755979200000,4036.2,4069.6,4018.6,4053.3,648.37227934
1755993600000,4053,4086.2,4033.9,4063,507.20396164
1756008000000,4065.5,4073.4,4036.3,4038.2,804.52520667
1756022400000,4038,4061.8,4012,4035.1,1485.83671894
1756036800000,4034.4,4103.6,4027.8,4076.8,1958.39600658
1756051200000,4076.3,4209.7,4031.2,4092,8641.06906641
1756065600000,4092.6,4111.9,4010.8,4076.7,2988.15801279
1756080000000,4079,4095,3989.7,4034.8,1316.71399886
1756094400000,4037.3,4046.7,3912,3922,2963.02667646
1756108800000,3922.3,3945.7,3867.1,3930.8,2800.30037329
1756123200000,3930.8,4002.9,3920.7,3952.7,3397.35626835
1756137600000,3953,3981.9,3803.8,3807.3,3042.16085376
1756152000000,3808,3830,3731,3771.2,4947.31158982
1756166400000,3769.2,3824.1,3703.7,3787.6,1994.07654064
1756180800000,3790.5,3832.3,3784.4,3813.4,1621.81118063
1756195200000,3811.8,3837,3783.9,3798.7,1576.98572384
1756209600000,3798.8,3929.7,3779.3,3879,3333.93360328
1756224000000,3881.2,3952.3,3860.9,3952.3,1857.60959792
1756238400000,3949.5,3981.4,3920.4,3954.6,1589.06673437
1756252800000,3955.1,3980.1,3903.7,3960.9,725.04295937
1756267200000,3959.3,3999,3930.9,3949.2,1631.97763611
1756281600000,3948.2,3986.3,3928.6,3979,1295.27028215
1756296000000,3978.1,4025,3949.3,4012.1,2237.46852684
1756310400000,4012.8,4012.8,3897.8,3926.8,2000.26820536
1756324800000,3923,3966.9,3851.3,3870,2487.32513744
1756339200000,3869,3906.7,3837.8,3901,552.01247877
1756353600000,3900,3951.6,3896.1,3948.6,1188.14374511
1756368000000,3948.3,3980.6,3930.6,3939.2,1673.04576252
1756382400000,3939,3957.7,3843.6,3860.5,2254.38347612
1756396800000,3860.4,3880.8,3797.9,3797.9,1934.97683244
1756411200000,3798.8,3867.5,3791.6,3862.9,924.77486896
1756425600000,3861.2,3867.2,3802,3850.8,692.72743716
1756440000000,3849.9,3856.9,3743.3,3753.5,2403.64841995
1756454400000,3753.7,3768.3,3700,3728,2664.49039425
1756468800000,3728.3,3821.4,3655.5,3693.2,3622.44540429
1756483200000,3693.3,3735.1,3674.5,3711.6,1430.23466761
1756497600000,3714.3,3751.9,3687.4,3733.2,1088.89338029
1756512000000,3734.6,3751.6,3646.2,3726.4,1287.21391816
1756526400000,3729.7,3783.3,3724.4,3770.4,1020.45004112
1756540800000,3770.1,3774.6,3750,3763.1,866.37068167
1756555200000,3762.1,3763.2,3708.4,3748.1,731.02662196
1756569600000,3748,3748,3713.9,3730.6,462.27014618
1756584000000,3730.2,3750,3713.9,3746.6,285.30305245
1756598400000,3746.8,3842.6,3745.8,3842.6,800.46827418
1756612800000,3842.8,3844.8,3794.8,3810.8,477.22053438
1756627200000,3810.7,3839.5,3802.6,3833.4,661.89402429
1756641600000,3833.3,3851.5,3810.8,3839.7,762.55612407
1756656000000,3840.8,3844,3812.3,3813.6,660.08425792
1756670400000,3813.4,3829.6,3747.3,3757.4,1233.72525989
1756684800000,3755.2,3791.8,3729.4,3762.7,773.21949245
1756699200000,3762.8,3808.6,3724,3808,1031.61608499
1756713600000,3808.5,3832.1,3740,3749.2,1489.2192273
1756728000000,3749.3,3778.6,3715,3729.7,852.01644086
1756742400000,3729.3,3737.4,3684.1,3731.7,1310.16868119
1756756800000,3732.2,3732.2,3600,3683.8,2514.22293536
1756771200000,3685.7,3757,3667.7,3734.7,955.67046115
1756785600000,3735.5,3774,3729.9,3759,1854.22734036
1756800000000,3758.3,3788.5,3728.9,3734.4,1450.63985801
1756814400000,3733.4,3774,3677.4,3686.6,3609.61258328
1756828800000,3686.9,3719.3,3658,3670.9,1608.01882631
1756843200000,3671.4,3726.9,3665.1,3718.6,1381.79653732
1756857600000,3718.2,3741.6,3683.6,3728.4,500.64196434
1756872000000,3727.2,3732.2,3690,3705.1,725.29527632
1756886400000,3704.3,3767.1,3691.3,3752.9,1392.7049447
1756900800000,3754.2,3842.8,3726.6,3837.7,2853.69108563
1756915200000,3837.6,3847.8,3817.6,3840,1347.17346774
1756929600000,3840.8,3844.9,3808,3818.2,1135.84864437
1756944000000,3817.4,3846.2,3768,3776.3,627.18369515
1756958400000,3774.7,3790,3738,3754.4,1059.09683413
1756972800000,3753.1,3807,3748.7,3786.4,1118.13394746
1756987200000,3787,3801.5,3691,3697.4,2522.62970085
1757001600000,3695.8,3716,3662.6,3670.6,1692.62121495
1757016000000,3671.6,3736.2,3668.1,3687.4,704.55390464
1757030400000,3690.4,3715.6,3682.7,3711.2,474.15062848
1757044800000,3711.8,3794,3699.5,3784.2,1514.32229296
1757059200000,3784.3,3789.2,3742.5,3781,1269.44590352
1757073600000,3780,3832,3628.2,3645.7,8335.19161234
1757088000000,3644.3,3699.9,3638.8,3699.1,1405.68104361
1757102400000,3698.5,3707.3,3662.8,3678.1,971.19965285
1757116800000,3678.2,3695.5,3674.8,3688.5,198.19987711
1757131200000,3686.6,3689.2,3663.7,3681.8,355.98454955
1757145600000,3683.3,3683.8,3660.6,3671.7,385.32360853
1757160000000,3671.5,3678,3641.3,3647.8,882.53616212
1757174400000,3646.9,3677.4,3616,3634.7,1343.59289057
1757188800000,3634.9,3661.9,3633.1,3650.6,330.45639912
1757203200000,3651.9,3675.1,3648.5,3669.3,284.13704737
1757217600000,3668.6,3676.7,3652.5,3666.2,279.33659677
1757232000000,3666.8,3684.2,3663.3,3679.9,635.27351985
1757246400000,3680.2,3680.4,3661.9,3668.7,622.28370132
1757260800000,3668.5,3670.6,3645,3664.9,673.95566674
1757275200000,3665,3703.9,3655.4,3676.4,663.21329237
1757289600000,3675.4,3697.3,3654.1,3681.9,337.68167088
1757304000000,3683.4,3683.5,3655.3,3658.6,555.66900665
1757318400000,3659.2,3698,3653,3676.3,1223.58734789
1757332800000,3677.2,3731.4,3671.2,3721,1491.3370116
1757347200000,3720.8,3722.6,3643.7,3647.7,1028.93771251
1757361600000,3650.1,3682,3641,3659.1,848.11617118
1757376000000,3659.7,3666.9,3634.4,3662.8,349.74905582
1757390400000,3660.1,3725,3655.1,3711.1,1138.80476718
1757404800000,3711.9,3715.8,3691.9,3702.7,1006.49433797
1757419200000,3703,3723,3648.5,3656.2,2566.10976944
1757433600000,3656,3672.7,3650.8,3669.3,871.03257055
1757448000000,3668.9,3689.3,3657.4,3682.8,512.93604008
1757462400000,3683.8,3695.5,3663,3689.9,447.60932317
1757476800000,3688.4,3702.5,3669.4,3700.2,899.9217092
1757491200000,3700.5,3705,3681.8,3699.9,1296.52468817
1757505600000,3700,3799,3698.6,3760.9,3513.78627327
1757520000000,3761.5,3763.8,3675.8,3693.1,2383.19103549
1757534400000,3692.2,3722.5,3691.3,3715.2,643.73423497
1757548800000,3715.8,3768.6,3708.8,3766,641.81484138
1757563200000,3765,3805,3757.3,3797,2177.18180926
1757577600000,3797.6,3799,3770.3,3792.2,1370.08298445
1757592000000,3792.4,3834.5,3725.1,3763,4136.72864993
1757606400000,3764.1,3786.6,3758.3,3769.4,560.48480161
1757620800000,3769.6,3807.9,3763.1,3802.3,718.3719573
1757635200000,3803.1,3869.5,3796,3844.3,1200.31139966
1757649600000,3845.1,3892.1,3839.5,3855.5,1380.79488727
1757664000000,3857.2,3869.7,3843.7,3857,1031.77157025
1757678400000,3857.8,3900,3844.2,3877.9,1980.59828672
1757692800000,3877.9,3975,3872.6,3973.2,2886.99028334
1757707200000,3972.8,4045.6,3948.3,4014.4,3328.4170064
1757721600000,4014.2,4059,3998,4051.4,809.5008336
1757736000000,4049.2,4049.2,4004.2,4011.6,1399.60793557
1757750400000,4013.6,4036.8,4010.2,4019.3,1389.33434193
1757764800000,4019.1,4028.4,3945.4,3956.3,2717.29830584
1757779200000,3956,3967.3,3908,3943.9,2583.15433664
1757793600000,3943.7,3972.3,3943.1,3966.2,662.98395944
1757808000000,3966,3987.4,3953.8,3962.8,382.94481647
1757822400000,3963.6,3979.8,3938,3952.6,536.2017052
1757836800000,3952.3,3972.1,3933.7,3941.2,753.01457037
1757851200000,3940.6,3949.6,3890,3893.3,1830.1306463
1757865600000,3893.1,3937.5,3891.6,3920.9,707.19333182
1757880000000,3921.3,3951.3,3918.6,3927.6,1409.85470807
1757894400000,3927.1,3958.9,3907.6,3953.1,496.96243935
1757908800000,3954.7,3983.4,3911.9,3918.7,1218.68464587
1757923200000,3917.9,3918.7,3834.9,3853.2,2609.40219434
1757937600000,3853.5,3863.2,3796.7,3825.7,1400.10208932
1757952000000,3823.6,3836.4,3805,3819.5,660.70887018
1757966400000,3818.1,3851.5,3814.4,3846.9,427.43596966
1757980800000,3846.4,3859.7,3831.6,3839.2,211.21302299
1757995200000,3839.3,3851.9,3812.3,3827.9,539.68661228
1758009600000,3828.8,3843,3806.3,3811.4,650.22594673
1758024000000,3812.1,3820.4,3740,3772.6,2126.79863633
1758038400000,3773.2,3800,3751.2,3788,1774.48111209
1758052800000,3788.4,3815.4,3780.9,3791.7,650.25970614
1758067200000,3793.6,3841.5,3786.4,3796.8,577.24511421
1758081600000,3796.8,3847.7,3768.9,3838.9,1207.68195012
1758096000000,3840.2,3840.2,3783.8,3795.4,845.48672332
1758110400000,3795.3,3814.1,3769.7,3791,1293.86430351
1758124800000,3790,3828.3,3725,3821.5,5965.0479207
1758139200000,3823.2,3905.8,3798.9,3883.3,2289.17592844
1758153600000,3884,3929.2,3873.5,3908.3,1094.54119784
1758168000000,3907.9,3912.1,3864.9,3868.2,1549.64072176
1758182400000,3867.7,3898.7,3862.6,3871,1087.62749114
1758196800000,3871.2,3928.1,3867.9,3906.2,1494.24073705
1758211200000,3906.1,3938,3887.5,3894,1860.43341026
1758225600000,3894.1,3909.7,3878.4,3892.9,536.90992122
1758240000000,3893.6,3923.6,3856.1,3860.8,683.25081388
1758254400000,3861.6,3873.7,3843,3858.2,1044.44666911
1758268800000,3858.1,3871.7,3837.8,3848,850.64035666
1758283200000,3847.6,3866.2,3787.7,3810.5,1914.75200407
1758297600000,3810.8,3824.6,3778.3,3785.3,1020.24469303
1758312000000,3782,3815.6,3781.4,3807.7,401.70478007
1758326400000,3808.2,3815.4,3797.3,3806.5,129.58283351
1758340800000,3806.2,3822.9,3804.7,3821.9,337.42960464
1758355200000,3821.6,3822.2,3799.7,3810.2,246.67250903
1758369600000,3810.2,3842.4,3804.6,3833.3,394.74095956
1758384000000,3834.8,3843.3,3811,3819.6,445.69845378
1758398400000,3818.7,3837.2,3817.8,3818.9,312.25430885
1758412800000,3819.3,3826.2,3798.8,3815.2,393.8196121
1758427200000,3815.7,3827.7,3806.1,3816,204.9764927
1758441600000,3816.4,3817.9,3787.7,3800.8,408.95673848
1758456000000,3802.5,3822.4,3801.5,3819.1,449.40387457
1758470400000,3819.4,3833.2,3804,3830.3,733.39236913
1758484800000,3829.6,3829.6,3787.8,3790.1,474.94733945
1758499200000,3789.4,3800.4,3636,3673.1,2630.01006343
1758513600000,3673.1,3678.2,3450,3573.2,7093.82905599
1758528000000,3573,3583.2,3517.5,3555.3,2720.20810431
1758542400000,3555.9,3591.6,3536.9,3544.9,2134.03818338
1758556800000,3543.3,3552.7,3500,3508.5,2286.04811391
1758571200000,3507.9,3570.1,3507.9,3564.1,942.17184954
1758585600000,3560.2,3573.9,3492.5,3551.9,838.89885263
1758600000000,3552,3578.8,3525,3568.9,1088.3722483
1758614400000,3570,3586.8,3544.8,3558.4,1186.39458837
1758628800000,3558.1,3571.8,3531,3547.8,1382.37901563
1758643200000,3547.3,3566,3505,3517.3,1387.11361932
1758657600000,3516.6,3549.2,3506.9,3526.5,504.00595802
1758672000000,3525.7,3554.4,3501.8,3518.5,840.99153689
1758686400000,3518.3,3552,3456,3543.5,1448.72958215
1758700800000,3545.2,3575,3540.7,3561.1,924.36354512
1758715200000,3561,3584.8,3535,3550.4,1619.46592836
1758729600000,3550.4,3576.5,3541.3,3548.3,863.33949902
1758744000000,3548.2,3556.9,3520.9,3538.6,457.77104166
1758758400000,3537.9,3545.9,3425,3461.1,2189.17012114
1758772800000,3457.4,3466.1,3374.6,3417.5,3275.63878206
1758787200000,3418.7,3452.8,3398.8,3410.3,1893.34122388
1758801600000,3410.3,3445.1,3350,3432,4436.33408278
1758816000000,3431.9,3434.7,3281.5,3355.7,6611.73250454
1758830400000,3355.2,3374.8,3304,3323.2,1855.54028386
1758844800000,3324.8,3402.7,3317.6,3398.3,1232.22981622
1758859200000,3398.7,3406.8,3350,3375.9,1445.65817322
1758873600000,3378.3,3380.5,3322.6,3349.4,1838.90111316
1758888000000,3347.5,3414.4,3321.3,3379.6,3182.39222246
1758902400000,3376.6,3480.8,3374.9,3443.1,2237.73046653
1758916800000,3437.7,3456.8,3426.7,3450.5,839.75967512
1758931200000,3449.7,3449.7,3427.5,3438.4,443.5566734
1758945600000,3438,3447.4,3428.8,3430,311.32223536
1758960000000,3429.6,3438.7,3399.4,3425.7,839.02566022
1758974400000,3425.9,3457.5,3419.1,3440,574.91996366
1758988800000,3440.4,3440.4,3408.5,3425.1,591.82585829
1759003200000,3426.2,3451.9,3424.1,3438,358.18819917
1759017600000,3438.5,3440.6,3438.5,3440.6,1.31932429
1759032000000,3441.6,3441.6,3419.6,3435.46,403.3491804
1759046400000,3435.84,3436.8,3409.17,3415.71,502.8236118
1759060800000,3415.6,3446.7,3393.2,3440.4,833.20837635
1759075200000,3440.6,3467,3439.78,3454.9,778.36095025
1759089600000,3455.24,3543,3452.55,3541.4,1319.1440761
1759104000000,3541.49,3545,3502.3,3516.99,534.93311285
1759118400000,3517.23,3519.33,3487.9,3505.91,649.32629184
1759132800000,3506.68,3532.65,3497,3501.19,808.90385058
1759147200000,3500.7,3588,3479,3553.64,2381.48590958
1759161600000,3553.41,3578.1,3522.4,3573.51,735.03384371
1759176000000,3574.1,3614.3,3569.05,3596.6,988.20718497
1759190400000,3595.04,3626.52,3575.4,3584.11,855.78401242
1759204800000,3584.29,3586.48,3556.4,3564.19,775.02048632
1759219200000,3563.5,3563.5,3520.1,3550,1574.95681137
1759233600000,3548,3560.61,3493,3512.4,1299.2997009
1759248000000,3512.8,3553.46,3482.6,3544.8,1652.13005611
1759262400000,3545.6,3581.5,3509.4,3532.1,1235.08164231
1759276800000,3532.87,3557.89,3515.77,3518,446.24480684
1759291200000,3517,3539.42,3505,3530,639.7096188
1759305600000,3529.5,3682.4,3527.5,3664.2,4042.38234953
1759320000000,3664.3,3706,3642.7,3692.29,2617.98081609
1759334400000,3695.4,3704.51,3658,3694.62,1554.9966071
1759348800000,3694.89,3712.4,3656,3703.7,1234.71239309
1759363200000,3706.6,3748.4,3694,3730,900.71824362
1759377600000,3729.86,3769.6,3716.7,3725.06,1497.70294819
1759392000000,3724.11,3742,3719.2,3729.79,750.82629947
1759406400000,3729.33,3799.7,3704.4,3794.12,1573.91453298
1759420800000,3794.59,3851.5,3783.6,3835.71,1895.25373709
1759435200000,3835.09,3836.99,3802.2,3825.9,933.16331976
1759449600000,3824.5,3889.8,3808.6,3838.91,545.28743425
1759464000000,3838.21,3847.19,3798.73,3804.3,1398.62124372
1759478400000,3803.52,3832.7,3769.38,3818.3,1321.15373743
1759492800000,3818.03,3866.6,3778.72,3861.27,1422.72890579
1759507200000,3863.6,3907,3710.84,3846.39,4124.43190005
1759521600000,3846.7,3865.1,3824.3,3839.55,820.4665643
1759536000000,3840.7,3843.53,3801,3820,380.81906107
1759550400000,3819.19,3844.9,3813.2,3828.5,347.26885907
1759564800000,3828.19,3831.39,3809.2,3812.8,492.8270263
1759579200000,3812.9,3835.85,3774.4,3783.25,595.28889799
1759593600000,3784.99,3800.76,3771.8,3792.54,449.15565152
1759608000000,3792.55,3818.5,3792.55,3813,295.69886232
1759622400000,3813.6,3878,3796.58,3842.8,1012.66954365
1759636800000,3843.7,3900,3840,3895.3,1549.17835148
1759651200000,3895.81,3905.2,3823.4,3853.31,1668.17794326
1759665600000,3851,3853.19,3834.2,3838.89,427.68865439
1759680000000,3841,3846.38,3805,3811.77,652.40591986
1759694400000,3810.3,3848.6,3801.88,3841.1,829.72847845
1759708800000,3840.48,3871.9,3820,3865.09,800.11968865
1759723200000,3863.19,3903.38,3841.28,3879.6,1331.20432773
1759737600000,3881.8,3929.99,3881.8,3910.11,1412.09434898
1759752000000,3912.28,4000,3907.5,3984.1,2746.19285592
1759766400000,3984,4032.2,3972.3,4025.03,3516.14473175
1759780800000,4025.59,4035,3978.8,3991.9,1410.94651754
1759795200000,3991.7,4007.8,3977,4003.7,389.9531536
1759809600000,4002.13,4044.2,3988.95,4005,1314.82926227
1759824000000,4003.57,4040.07,3966.8,4035.54,1076.65216521
1759838400000,4036.1,4074.96,3835.26,3865.06,5246.06904908
1759852800000,3865.02,3876.9,3813.2,3847.1,2508.94899317
1759867200000,3845.86,3878.06,3801.52,3818.35,1112.22008717
1759881600000,3817.5,3869.77,3807.57,3822.9,487.19183347
1759896000000,3823.98,3844.04,3797.1,3838.76,893.36653748
1759910400000,3840,3876.84,3834.26,3860.58,891.85575378
1759924800000,3861.98,3888.33,3817.34,3833.37,1219.83620139
1759939200000,3832.56,3928.1,3825.3,3884.03,2446.73860589
1759953600000,3883.79,3901.54,3869.3,3892.3,617.19135437
1759968000000,3892.81,3894.71,3780,3824.44,1310.95921864
1759982400000,3822.16,3831.13,3800,3811.8,691.31093606
1759996800000,3812.95,3812.95,3722.9,3768,1722.93176712
1760011200000,3765.41,3801.57,3714.96,3733.2,2071.12281562
1760025600000,3733.1,3759,3690.82,3754.1,1506.36308747
1760040000000,3754.75,3791.3,3743.93,3776.96,517.68440639
1760054400000,3777.8,3798.9,3753.9,3757.09,372.52432692
1760068800000,3756.2,3783.6,3729.3,3734.7,582.44176201
1760083200000,3735.39,3761.96,3728,3757.7,569.86493224
1760097600000,3757.69,3797.5,3507.5,3532.91,3895.38405954
1760112000000,3537.37,3568.2,3406,3445.53,5056.36952702
1760126400000,3446.49,3670,2989,3345.9,14034.54188658
1760140800000,3347.7,3410,3240.85,3300.8,1748.52806508
1760155200000,3300.8,3359,3275,3291.36,2036.9081463
1760169600000,3299.99,3436.05,3286.16,3384.57,1943.63187682
1760184000000,3381.19,3389,3339.87,3357.6,1814.89235859
1760198400000,3356.29,3379.8,3271.9,3293.3,1549.63713842
1760212800000,3291.96,3300.68,3179.23,3279.6,2151.19998079
1760227200000,3277.2,3334.4,3232.5,3301.09,410.85556721
1760241600000,3299.8,3385.08,3294.1,3341.9,1394.01177445
1760256000000,3342.25,3390.38,3327.42,3347.2,887.20543719
1760270400000,3344.9,3598.99,3317.24,3538.8,2587.99003834
1760284800000,3538.21,3655,3538.21,3608.51,2937.5665316
1760299200000,3608.71,3641.7,3529.05,3591,1540.63126194
1760313600000,3592.19,3643.1,3566.5,3574.4,583.37034577
1760328000000,3575.9,3626.89,3554.08,3609.31,1626.6612107
1760342400000,3609.19,3626.7,3499.75,3536.09,1591.32511285
1760356800000,3535.09,3621.5,3516.53,3581.24,1936.00052009
1760371200000,3580.6,3697.59,3574.6,3680,2554.0616131
1760385600000,3681.84,3715,3667.61,3673.01,1008.44934386
1760400000000,3672.74,3692.53,3580,3593.16,945.94304535
1760414400000,3593.91,3596.73,3430,3447.09,3340.86467599
1760428800000,3446,3479.23,3371.1,3445,3534.91541875
1760443200000,3446.2,3530.74,3372.77,3527.9,4254.98072791
1760457600000,3528.6,3593,3468.21,3542.11,3971.2717655
1760472000000,3545.3,3578.5,3516.92,3562.8,983.81872751
1760486400000,3561.38,3575.09,3503.83,3518.66,897.14457977
1760500800000,3520.18,3554.54,3509.52,3547.2,1256.55120218
1760515200000,3547.16,3629.2,3522.31,3534.94,1713.97831428
1760529600000,3533.35,3539.7,3406.8,3425.65,2516.75233651
1760544000000,3425.25,3451.3,3380.96,3422.35,2015.87159745
1760558400000,3424.23,3433.77,3375.1,3423.75,1082.64865649
1760572800000,3425.91,3463.03,3413.9,3444.01,490.72808313
1760587200000,3446.36,3477.1,3417.18,3440.68,1269.15379926
1760601600000,3438.31,3500.6,3381.61,3486.94,1421.91534044
1760616000000,3487.71,3509.86,3339,3352.52,3320.1265151
1760630400000,3352,3401.3,3296.58,3310.51,4393.64612392
1760644800000,3310.85,3335.09,3275,3330.12,1582.20075785
1760659200000,3329.41,3375,3326.26,3361.11,417.18768805
1760673600000,3361.69,3363.44,3205,3207.2,3827.79532283
1760688000000,3207.24,3268.9,3143.22,3235.6,5907.92762991
1760702400000,3235.5,3269.6,3184.69,3255.6,2595.70249751
1760716800000,3256.85,3302.3,3240,3283.94,1998.61020187
1760731200000,3284.06,3336.48,3276.07,3292.26,1384.34972401
1760745600000,3292.53,3334.6,3281.67,3325.04,579.99259031
1760760000000,3325.3,3375,3300,3346.35,1567.24596057
1760774400000,3346.47,3358.45,3322.35,3339.84,1051.29810239
1760788800000,3340.19,3350,3311.9,3333.77,673.74175626
1760803200000,3334.52,3351,3313.27,3346.52,590.36815938
1760817600000,3345.7,3360,3326.54,3342.68,363.85559473
1760832000000,3341.46,3356.8,3314.7,3355.2,280.45509935
1760846400000,3355.97,3369.45,3329.71,3340.57,450.66761239
1760860800000,3340.78,3399.35,3284.3,3371.24,2690.85470644
1760875200000,3372.3,3439.34,3359.53,3421.51,1732.08789161
1760889600000,3421.69,3461.8,3405.48,3425.89,1743.5324314
1760904000000,3425.35,3461.46,3407.5,3419.83,986.33005308
1760918400000,3419.49,3464.35,3355.03,3454.91,932.03925268
1760932800000,3454.6,3505.61,3451,3478.4,1407.11156959
1760947200000,3477.95,3490.8,3444.56,3463.8,1083.31877428
1760961600000,3460.52,3476.1,3435.86,3435.98,892.69365462
1760976000000,3435.81,3436.46,3368.17,3426.11,2395.80678487
1760990400000,3419.28,3440,3410.92,3419.01,557.32083011
1761004800000,3417.4,3421.8,3369.35,3373.59,368.75563776
1761019200000,3371.34,3371.34,3301,3349.73,1388.10394266
1761033600000,3348.52,3356.33,3314.97,3350.9,1057.62986674
1761048000000,3350.1,3518.66,3319,3513.89,2605.92966137
1761062400000,3514.77,3539.3,3414.91,3447.73,3948.32866079
1761076800000,3447.88,3449.89,3327.07,3339.9,1837.48289467
1761091200000,3337.63,3352.43,3293.35,3325.89,1104.67391907
1761105600000,3325.99,3347.66,3307.3,3336.32,937.86545882
1761120000000,3336.8,3337.19,3256.01,3308.24,3575.34701766
1761134400000,3306.69,3345.6,3259.64,3310.11,2752.22111131
1761148800000,3308.27,3324.16,3260.5,3279.63,1924.87616793
1761163200000,3278.46,3286.85,3195,3279.41,2391.07369513
1761177600000,3277.52,3307.4,3273.13,3301.24,738.86680513
1761192000000,3301.8,3361.75,3297.41,3346.87,1039.79744943
1761206400000,3347.04,3368.72,3330.2,3334.21,1253.23412873
1761220800000,3333.78,3349.3,3281.66,3337.76,1103.47187379
1761235200000,3339.73,3390.07,3311.42,3323.43,1030.69707058
1761249600000,3323.9,3324.7,3287.9,3319.8,527.81697815
1761264000000,3321.7,3355.45,3310.88,3351.03,510.6725617
1761278400000,3351.78,3437.4,3347.8,3400.38,1730.92254152
1761292800000,3400.83,3421.72,3383.2,3398.53,559.28257346
1761307200000,3398.7,3458.8,3330,3345.89,2642.82927758
1761321600000,3346.54,3387.53,3327.23,3376.63,660.36105039
1761336000000,3376.7,3393.2,3374.96,3384.85,415.83818648
1761350400000,3383.95,3386.99,3365.4,3372.17,118.43702553
1761364800000,3373.16,3406.5,3370.5,3378.04,650.27192888
1761379200000,3378.08,3403.18,3377.21,3387.56,389.87506945
1761393600000,3387.92,3400.7,3373.88,3381.45,420.190494
1761408000000,3381.32,3411.51,3377.3,3402.87,362.88284041
1761422400000,3402.41,3409.26,3384.4,3399.62,178.72803431
1761436800000,3398.9,3405.93,3369,3381.14,286.6330421
1761451200000,3380.86,3402.9,3378.9,3398.2,110.83985026
1761465600000,3399.45,3483.84,3397.66,3475.67,1175.80585523
1761480000000,3478,3520.63,3472.07,3501.2,2015.1857966
1761494400000,3499.93,3507.99,3476.86,3495.31,779.53273365
1761508800000,3494.21,3589.19,3483.51,3574.74,1459.56552487
1761523200000,3576.01,3632.22,3565.8,3615.7,900.38303732
1761537600000,3616.9,3658.2,3608.03,3615.59,1366.29964009
1761552000000,3614.57,3614.78,3548.86,3573.8,1655.19882313
1761566400000,3572.1,3597.1,3545,3585.85,812.19250598
1761580800000,3585.73,3637.8,3585.73,3598.62,1407.66058409
1761595200000,3599.46,3599.66,3516.3,3535.13,1321.19584252
1761609600000,3534,3551.98,3491.8,3512.67,798.96949427
1761624000000,3511.12,3541.43,3486.9,3533.34,742.60870145
1761638400000,3533.74,3548.6,3523.36,3528.23,648.29541145
1761652800000,3527.58,3584.5,3493.63,3514.78,1283.81210374
1761667200000,3512.62,3558.44,3454,3465.8,1224.20842755
1761681600000,3466.91,3469.5,3377.98,3416.9,2133.93891975
1761696000000,3415.39,3443.1,3404.81,3437.14,341.02192748
1761710400000,3435.46,3472.8,3434.73,3462.08,554.94722827
1761724800000,3460.71,3463.16,3423.97,3448.01,826.96093026
1761739200000,3447.42,3462.87,3381.8,3389.68,1020.34352044
1761753600000,3389,3452,3315,3367.13,3283.85099469
1761768000000,3366.97,3416.18,3340,3365.33,1127.31421621
1761782400000,3364.52,3399.72,3350.1,3388.98,372.6308322
1761796800000,3387.1,3396.7,3302,3393.11,956.67768454
1761811200000,3390.11,3392.6,3341.6,3347.11,752.95168046
1761825600000,3350.48,3350.48,3250,3264.33,3818.00992161
1761840000000,3263.92,3288.96,3181.39,3189.43,2890.48430353
1761854400000,3189.02,3290.17,3181.47,3288.8,1497.96810967
1761868800000,3288.56,3335.16,3282.08,3307.66,711.29280619
1761883200000,3312.3,3346.8,3304.9,3312.27,1138.67982644
1761897600000,3311.98,3355.46,3302.13,3348.44,730.31530085
1761912000000,3347.68,3365.4,3317.38,3342.79,1778.37409865
1761926400000,3341.8,3384.6,3299,3368.64,2694.46766237
1761940800000,3367.6,3372.87,3327.16,3332.23,723.34139231
1761955200000,3331.3,3346.1,3318.34,3343.78,380.64281369
1761969600000,3344.51,3350,3334.4,3343.51,472.1566907
1761984000000,3343.2,3362.09,3343.05,3357.28,596.877916
1761998400000,3357.88,3377.1,3339.29,3369.87,674.05423836
1762012800000,3371,3382.11,3344,3359.13,458.94698294
1762027200000,3358.57,3368.3,3343.77,3353.16,398.18381013
1762041600000,3352.57,3365.09,3343,3358.69,252.47983314
1762056000000,3358.25,3390.6,3355.12,3380.46,544.74415804
1762070400000,3381.8,3384.22,3335.75,3368.1,1282.84832571
1762084800000,3368.33,3370.64,3324.27,3336.49,908.89771231
1762099200000,3337.25,3348.42,3326.18,3340.5,598.06849481
1762113600000,3340.61,3395,3330.83,3387.49,840.20978787
1762128000000,3386.57,3393,3231.65,3238.07,1502.26293147
1762142400000,3235.8,3264.87,3191.35,3218.9,2082.49888284
1762156800000,3217.27,3246.81,3178.2,3222.75,2246.0723578
1762171200000,3223.23,3256.37,3109.1,3114.12,4155.38423844
1762185600000,3114.84,3192.38,3092.45,3152.05,2946.76878033
1762200000000,3151.9,3156.43,3088.07,3126.98,2202.23461886
1762214400000,3127.7,3175.06,3098.86,3162.02,1099.03634689
1762228800000,3163.94,3167.42,3010.68,3029.22,5365.18635069
1762243200000,3029.89,3073.58,3000.01,3070.67,3430.79166718
1762257600000,3070.67,3123.18,3025.99,3050.53,3152.65992856
1762272000000,3050.89,3061.82,2808.24,2813.12,7905.72513061
1762286400000,2813.19,2877.49,2662.73,2863.1,10250.5100687
1762300800000,2861.8,2915.59,2756.22,2903.31,3081.07571144
1762315200000,2902.39,2919.09,2877.83,2900,2434.45490188
1762329600000,2900.39,2900.64,2851.9,2893.14,2159.62369911
1762344000000,2892.42,2961.2,2883.9,2961.03,2251.1694202
1762358400000,2960.36,3031.89,2937.29,3010.09,3229.8250373
1762372800000,3009.34,3030.49,2972.28,2979.44,1544.48287589
1762387200000,2979.33,2999.4,2933.61,2984.6,767.15188186
1762401600000,2985.3,3004.4,2921,2938.68,1378.02421587
1762416000000,2936.3,2964.92,2924.9,2951.95,1156.51780196
1762430400000,2951.62,2955.71,2842,2859.99,2437.43937928
1762444800000,2861.62,2901.8,2811.87,2879.92,2851.91877209
1762459200000,2882.34,2889.16,2846.72,2869.11,1438.70288144
1762473600000,2869.71,2915.33,2837.33,2899.67,1469.58781065
1762488000000,2899.24,2921.53,2876.53,2911.28,774.39605929
1762502400000,2908.8,2913.02,2790.1,2820.91,1915.14776897
1762516800000,2820.56,2863.37,2758.95,2848.72,2874.41687268
1762531200000,2847.8,2982.2,2826.66,2978.15,3157.79031553
1762545600000,2978.71,3001.95,2966.1,2967.66,1775.69905837
1762560000000,2967.78,2994,2941.96,2982.28,1212.45437324
1762574400000,2987.9,3011,2952.9,2978.21,1422.11298619
1762588800000,2978.5,2996.82,2943.09,2948.72,967.39874998
1762603200000,2948.16,2953.47,2912.62,2918.51,1358.91641015
1762617600000,2918.72,2944.7,2899.59,2928.55,1221.45038117
1762632000000,2929.78,2951.57,2921.08,2938.59,520.08249201
1762646400000,2939.38,2941.13,2902.82,2917.01,626.34844885
1762660800000,2917.73,2962,2912.14,2958.09,648.19345937
1762675200000,2957.67,2968.19,2923.42,2962.55,861.72565101
1762689600000,2962.79,3078.69,2959.4,3039.11,3342.87595302
1762704000000,3039.73,3096.1,3026,3095.89,2197.07741359
1762718400000,3096.44,3133.5,3081.25,3101.91,1630.40069958
1762732800000,3101.9,3163.38,3074.87,3138.72,2068.98985805
1762747200000,3137.87,3139.9,3103.42,3119.67,1506.96074201
1762761600000,3120.67,3138.25,3097.7,3122.38,1475.60239588
1762776000000,3122.02,3129.49,3036.11,3045.67,2592.90998756
1762790400000,3047.25,3092.49,3036.28,3077,2126.60111172
1762804800000,3077.89,3098.26,3052.14,3085.79,1142.22050241
1762819200000,3086.15,3155.4,3073.23,3118.28,1098.19637725
1762833600000,3118.85,3121.44,3052.71,3067.39,1457.46365909
1762848000000,3063.8,3100,3063.8,3088.13,1045.64000308
1762862400000,3087.83,3105.2,2988.8,3003,3050.35147975
1762876800000,3002.17,3019.09,2971.6,2983.04,1824.95243757
1762891200000,2983.58,2987.39,2939.06,2948.09,1604.94676002
1762905600000,2950.1,2984.43,2945.26,2970.6,1016.22383274
1762920000000,2966.41,2986.52,2958.27,2960.42,624.70049968
1762934400000,2959.84,3085.28,2959.84,3066.29,1145.72794301
1762948800000,3066.81,3101.5,2949.34,2957.35,2137.69171647
1762963200000,2956.67,2980.07,2908,2941.55,2849.03309178
1762977600000,2940.39,2968.7,2927.3,2946.29,1230.48828509
1762992000000,2945.59,2997.41,2916.16,2980.04,1637.95651407
1763006400000,2980.05,3075.91,2963.25,3049.15,2416.71141004
1763020800000,3047.02,3056.76,2992.22,3016.67,2009.39238265
1763035200000,3016.9,3021.6,2892.85,2910.08,2872.25972995
1763049600000,2909.57,2919.53,2729.02,2748.25,3784.8471954
1763064000000,2748.21,2813.54,2710,2779.89,2989.53448502
1763078400000,2777.57,2793.74,2740,2772.55,1518.49940788
1763092800000,2773.14,2783.34,2670.7,2762.85,3987.63544928
1763107200000,2762.8,2767.44,2682,2706.32,1879.59603375
1763121600000,2705,2783.94,2635,2751.06,4850.00801567
1763136000000,2752.15,2801.94,2714,2759.05,2427.1762786
1763150400000,2759.57,2763.83,2657.72,2675.93,1734.04242852
1763164800000,2676.47,2745.62,2675.21,2733.69,738.71033079
1763179200000,2734.46,2743.4,2716.38,2732.57,450.10869931
1763193600000,2733.34,2733.34,2697.83,2711.08,654.07378522
1763208000000,2711.48,2751.6,2707.59,2741.5,643.64119952
1763222400000,2741.52,2779.32,2723.03,2751.49,901.48126499
1763236800000,2751.91,2753.25,2712.94,2725.94,627.29362968
1763251200000,2725.95,2760.9,2696.04,2754.8,784.08783731
1763265600000,2756.05,2770.95,2741.59,2770.06,739.68432338
1763280000000,2770.5,2794.83,2719.4,2726.74,1090.0038521
1763294400000,2723.91,2737.85,2665.77,2670.26,1902.46416749
1763308800000,2671.1,2690.43,2600.69,2653.75,3509.45638334
1763323200000,2655,2677.73,2581.03,2661.9,2537.98427913
1763337600000,2660.3,2735.22,2638.46,2733.95,978.86639987
1763352000000,2735.75,2759.65,2724.9,2751.3,871.52485541
1763366400000,2751.43,2774.72,2738.81,2759.4,1032.1049164
1763380800000,2759.73,2767.05,2668.3,2687.26,1827.05959405
1763395200000,2689.18,2707.48,2561,2569.7,2926.60942153
1763409600000,2569.5,2610.54,2547.19,2609.15,2425.94574017
1763424000000,2610.29,2626,2537.4,2604.16,1457.10068545
1763438400000,2603.26,2610.76,2548.45,2603.75,1998.26283083
1763452800000,2606.23,2648.8,2603.2,2632.99,1708.69833273
1763467200000,2635.85,2688.53,2602,2678.82,1743.26646527
1763481600000,2680.97,2736.31,2673.33,2714.58,2301.35135135
1763496000000,2715.18,2718.45,2673,2695.21,1041.59532466
1763510400000,2694.61,2697.55,2649,2650.4,1084.63102496
1763524800000,2649.5,2663.85,2581.2,2663.46,1296.86575761
1763539200000,2661.67,2687.23,2637.49,2660.71,1107.12464723
1763553600000,2660.8,2687.73,2568.1,2572.84,1745.80069215
1763568000000,2571,2586.8,2490.05,2498.24,3212.89142576
1763582400000,2498.58,2621.1,2491.24,2619.91,2732.6115705
1763596800000,2618.7,2651.72,2602.28,2637.93,1156.66467412
1763611200000,2636.76,2657.11,2606.9,2635.99,1141.91433609
1763625600000,2636.17,2640.89,2593.97,2623.82,1482.67670977
1763640000000,2623.28,2643.28,2559.2,2561.56,2044.90389177
1763654400000,2561.8,2565.08,2417,2466.17,6394.06995484
1763668800000,2465.54,2519.12,2441.6,2453.39,2558.84300344
1763683200000,2454.09,2499.2,2400.52,2432.9,2505.54677191
1763697600000,2433,2452.46,2300.67,2354.17,5019.82961466
1763712000000,2354.05,2382.43,2306.88,2333.64,3717.63702355
1763726400000,2334.56,2413.04,2278.2,2349.6,4516.37208108
1763740800000,2350.58,2438.03,2323.78,2389.54,2933.2099749
1763755200000,2389.26,2409.87,2352.9,2401.05,1206.20238833
1763769600000,2401.35,2417.25,2378.57,2390.37,674.10959109
1763784000000,2390.52,2405.23,2367.82,2392.52,653.76790895
1763798400000,2393.76,2393.76,2350.46,2376.71,1347.36417078
1763812800000,2376.7,2392.84,2356.86,2379.95,1209.57237122
1763827200000,2379.2,2395.98,2377.29,2389,729.79208441
1763841600000,2388.11,2430.57,2373.7,2406.52,879.87097123
1763856000000,2405.97,2462,2404.36,2454.13,655.31961164
1763870400000,2454.01,2478.2,2414.28,2429.03,1627.87465269
1763884800000,2428.9,2457.58,2428.9,2448.32,1180.77690554
1763899200000,2449.64,2490.33,2445.87,2468,1916.95980534
1763913600000,2467.91,2477.27,2424.53,2456.31,1325.82451825
1763928000000,2456.95,2475,2429.49,2435.89,1402.28704962
1763942400000,2435.15,2490,2402.27,2482.79,1235.61281249
1763956800000,2482.1,2504.09,2433.44,2457.66,1210.14299522
1763971200000,2456.18,2464,2418,2426.76,1154.86697914
1763985600000,2427.1,2480.99,2415.31,2468.49,1594.22315291
1764000000000,2469.14,2585.35,2465.48,2566.58,4142.5850905
1764014400000,2567.9,2591.27,2558.81,2563.42,1681.0082424
1764028800000,2562.84,2562.84,2521.64,2529.6,847.43026191
1764043200000,2527.31,2555.77,2518.39,2519.13,787.01476684
1764057600000,2519.13,2525.28,2485,2508.91,1295.79868483
1764072000000,2509.15,2542.02,2468.51,2504.87,2429.7096041
1764086400000,2504.87,2554.19,2481.4,2524.26,2028.43536127
1764100800000,2523.96,2575.4,2513.01,2558.67,1359.97113763
1764115200000,2559.79,2576.85,2521.64,2525.49,824.8508786
1764129600000,2525.4,2549.05,2520.43,2543.35,783.49850436
1764144000000,2542.73,2546.46,2508.14,2518.21,966.99134853
1764158400000,2518.98,2547.2,2496.76,2526.1,2295.68938069
1764172800000,2526.1,2626.68,2525.22,2615.42,2711.94905233
1764187200000,2615.23,2618.89,2595.01,2610.3,1575.72575276
1764201600000,2608.31,2646.35,2593.05,2615.8,1691.17055139
1764216000000,2615.48,2631.9,2601.43,2618.2,724.2661949
1764230400000,2618.24,2632.2,2605,2615.47,715.27129708
1764244800000,2615.1,2617.6,2575.7,2597.68,1483.93632427
1764259200000,2597.57,2622.55,2592.5,2615.51,852.47755008
1764273600000,2615.41,2626.3,2592.08,2600.07,844.31793383
1764288000000,2600.6,2608.59,2584.23,2597.57,720.80141024
1764302400000,2596.7,2614.59,2590.2,2592.51,1034.73100955
1764316800000,2592.53,2658.9,2592.19,2625.65,1638.29737477
1764331200000,2624.75,2680,2617.8,2651.09,2162.21911944
1764345600000,2650.15,2650.5,2599.4,2630.31,1500.204679
1764360000000,2626.8,2638.12,2606.15,2615.78,718.89097069
1764374400000,2615.49,2634,2603.57,2608.7,279.39035605
1764388800000,2609.03,2627.5,2582.23,2593.81,734.89041894
1764403200000,2592.71,2599.15,2577.63,2590.33,435.34402725
1764417600000,2589.67,2602.69,2578.22,2595.46,580.78795582
1764432000000,2595.3,2599.47,2557.4,2580.35,1076.37290342
1764446400000,2579.75,2589.34,2574.84,2580.12,312.64465237
1764460800000,2581.02,2600.27,2569.36,2591.3,326.41538706
1764475200000,2590.28,2597.3,2578,2595.17,294.26996154
1764489600000,2594.87,2607,2590,2592.43,409.53040618
1764504000000,2593.56,2635.17,2589.81,2614.47,781.39215569
1764518400000,2614.4,2631.99,2614.04,2618.43,487.40793308
1764532800000,2618.67,2624.39,2578.01,2580.61,764.22300735
1764547200000,2579.41,2586.16,2427.8,2438.21,2251.79707263
1764561600000,2436.49,2450.78,2420.16,2447.82,1396.6751058
1764576000000,2446.46,2457.8,2436.09,2440.98,1891.25123474
1764590400000,2441.26,2442.42,2338.41,2361.4,2542.34430656
1764604800000,2362.6,2373.52,2337.84,2361.37,1481.58673988
1764619200000,2360.88,2427.47,2360.88,2411.26,2071.88802288
1764633600000,2411.15,2434,2398.97,2415.63,456.3277174
1764648000000,2414.87,2426.7,2410.7,2417.47,412.05779695
1764662400000,2416.7,2443.59,2396.65,2434.21,929.97404888
1764676800000,2434.83,2606.34,2425.71,2590,2956.43229997
1764691200000,2590.74,2615,2574.93,2596.4,2344.60227888
1764705600000,2595.5,2599.55,2558.6,2577.23,1512.38824288
1764720000000,2575.4,2618.95,2568.06,2605.36,656.02683711
1764734400000,2605.5,2650,2603.1,2627.63,1317.4350953
1764748800000,2628.5,2642,2617,2636.19,927.18148219
1764763200000,2635.2,2697.48,2599.76,2647.5,3708.37804748
1764777600000,2647.9,2693.34,2629.17,2680.8,1814.98325203
1764792000000,2680.8,2755.1,2672.34,2733.47,4632.01139844
1764806400000,2733.7,2778.38,2722.29,2753.9,842.93222624
1764820800000,2756.21,2762.91,2718.9,2735.64,1131.14810107
1764835200000,2735.74,2748.81,2721.34,2729.56,742.2724127
1764849600000,2729.19,2766.3,2690.71,2750.25,1815.55031406
1764864000000,2749.68,2766.74,2632.77,2677.95,2654.44065168
1764878400000,2678.72,2707.93,2665.78,2691.78,1013.72134055
1764892800000,2692.23,2741.69,2691.28,2723.21,629.94371314
1764907200000,2724,2731.74,2706.65,2721.91,790.08923301
1764921600000,2721,2721.02,2669.11,2690.8,1296.28497098
1764936000000,2690.8,2712,2647.76,2668.74,1918.04510886
1764950400000,2668.15,2668.46,2564.1,2611.7,3664.81504141
1764964800000,2611.38,2621.67,2586.15,2600.39,711.45416222
1764979200000,2598.52,2619.3,2590.87,2614.55,355.55891081
1764993600000,2613.54,2616.39,2602.24,2602.33,315.45986176
1765008000000,2602.64,2615.9,2591.63,2614.08,643.22081302
1765022400000,2614.59,2639.58,2603.7,2615.07,822.03219954
1765036800000,2615.82,2635.5,2601.9,2607.15,483.82175435
1765051200000,2607.44,2628.83,2603.4,2613.29,652.92618593
1765065600000,2612.38,2627.8,2608.8,2626.78,185.61910613
1765080000000,2625.97,2628.57,2607.21,2611.97,220.30257032
1765094400000,2611.33,2618.17,2601.66,2611,400.85910998
1765108800000,2610.86,2624.82,2501,2601.6,2966.35360944
1765123200000,2602.74,2708.14,2579.06,2696.14,2559.81790368
1765137600000,2697.8,2704.47,2590,2630.73,1675.72306643
1765152000000,2630.61,2690.2,2613.69,2672,827.93032324
1765166400000,2672.7,2695.42,2669.53,2688.44,832.13523177
1765180800000,2688.95,2729,2683.28,2697.87,1220.620846
1765195200000,2699.09,2728.77,2658.23,2669.85,1764.53522456
1765209600000,2669.45,2696.99,2645,2681.2,1507.50736653
1765224000000,2682.05,2710,2675.79,2685.5,660.14732083
1765238400000,2685.54,2701.81,2655.12,2688.5,724.53697588
1765252800000,2688.5,2689.9,2658.35,2683.22,490.24433716
1765267200000,2682.96,2690.68,2656.86,2679.43,588.36950236
1765281600000,2679.3,2800.98,2665.5,2790.67,2229.03623564
1765296000000,2792.24,2919.82,2792.24,2886.01,5630.4336029
1765310400000,2883.24,2888.1,2823.82,2852.46,1833.75302284
1765324800000,2852.02,2860.72,2828.56,2846.01,490.86064387
1765339200000,2845,2867.9,2843.51,2856.7,586.71496064
1765353600000,2855.51,2902.47,2835,2853.89,1382.51341459
1765368000000,2852.81,2870.91,2840,2860,1256.75400786
1765382400000,2859.49,2949.99,2853.86,2904.46,4036.13149342
1765396800000,2905.11,2949.99,2837.93,2843.2,2631.50346596
1765411200000,2841.84,2844.56,2710,2732.78,1634.95629751
1765425600000,2730.43,2753.7,2722.58,2738.64,1087.83964165
1765440000000,2737.56,2749.77,2716.75,2727.29,1240.5212941
1765454400000,2727.4,2739.16,2679,2706.57,1730.26388643
1765468800000,2705.5,2754.15,2685.01,2722.28,1320.04069797
1765483200000,2721.74,2789.94,2721.74,2758.35,2024.90212486
1765497600000,2757.49,2782.47,2715.29,2767.49,472.02266041
1765512000000,2765.95,2782.28,2756.57,2767.1,416.19215323
1765526400000,2765.73,2777.15,2752.27,2766.75,522.60714795
1765540800000,2765.9,2773.43,2606,2618.8,2247.13967689
1765555200000,2618.27,2646.5,2594.04,2620.68,2453.27925507
1765569600000,2620.4,2640.76,2614.99,2630.3,766.71387349
1765584000000,2631.2,2638.61,2625.52,2634.87,207.15323756
1765598400000,2635.5,2639.94,2630.72,2639.8,312.13257801
1765612800000,2640,2673.4,2637.39,2659.8,639.65846232
1765627200000,2659.9,2666.64,2639,2650.68,561.19497419
1765641600000,2651.7,2657.24,2640,2650.49,273.42305548
1765656000000,2651.37,2659.2,2625,2655.24,300.40900877
1765670400000,2655.44,2668.1,2646.78,2659.2,257.25614163
1765684800000,2658.65,2662.64,2647.47,2657.41,158.88803812
1765699200000,2657.82,2661.28,2601.21,2630.39,793.58525838
1765713600000,2630.33,2651.85,2617.59,2629.85,916.46609406
1765728000000,2627.57,2649.28,2621.96,2637.55,815.54359552
1765742400000,2638.42,2640,2578.84,2610.47,1370.74424814
1765756800000,2611.21,2685.59,2607.41,2650.48,928.34452099
1765771200000,2650.8,2680.99,2646.62,2668.14,415.03499516
1765785600000,2667.8,2706.4,2665.5,2687.89,863.3786125
1765800000000,2688.36,2689.04,2539.7,2560,2634.89685549
1765814400000,2558.32,2567.5,2466,2503.6,2678.19994149
1765828800000,2501.44,2527.16,2483.12,2523.19,1084.64750949
1765843200000,2522.19,2534.5,2488.93,2499.45,627.58568972
1765857600000,2500.82,2512.04,2447,2488.1,1004.01978994
1765872000000,2488.87,2522.4,2484.52,2515.17,984.00729765
1765886400000,2515.9,2532,2451.9,2517.36,1659.11115631
1765900800000,2517.3,2524.9,2475.86,2505.33,1810.45343968
1765915200000,2504,2522.91,2500.7,2520.83,667.89934787
1765929600000,2517.99,2530,2502.06,2510.47,235.33089279
1765944000000,2510.87,2521.67,2484.4,2516.55,462.39143116
1765958400000,2516,2516,2481.99,2499.86,555.87804001
1765972800000,2500.81,2580.75,2458.47,2470.47,2582.06463422
1765987200000,2469.44,2486.91,2375.28,2401,2659.71188175
1766001600000,2401,2416.31,2386.91,2412.18,897.06285553
1766016000000,2411.7,2424.33,2401.59,2410.84,315.01641222
1766030400000,2410.63,2418.44,2403.05,2415.81,412.61692522
1766044800000,2415.5,2442.5,2412.26,2437.05,455.59630845
1766059200000,2437.48,2554.24,2434.3,2524.06,3024.02029665
1766073600000,2525.91,2528.1,2366.21,2371.24,3244.15325561
1766088000000,2371,2420.29,2369.52,2411.41,1572.9700339
1766102400000,2411.37,2502,2394.27,2480.09,1184.42004581
1766116800000,2479.78,2546.48,2479.46,2519.7,1406.33463899
1766131200000,2520.5,2535.45,2508.35,2529.68,798.50464749
1766145600000,2531.24,2573.5,2508.1,2529.88,2223.40630175
1766160000000,2528,2563.51,2504.1,2545.2,2038.03170074
1766174400000,2545.49,2561.77,2539.16,2543.19,607.08622713
1766188800000,2542.82,2555.2,2535.54,2550.99,224.01642693
1766203200000,2551.49,2551.49,2539.16,2545.3,571.69366442
1766217600000,2545.4,2552.9,2540.02,2550.18,612.17160288
1766232000000,2550.32,2555.8,2531.43,2541.28,596.17149116
1766246400000,2542.7,2544.93,2538.76,2542.36,223.13738464
1766260800000,2541.86,2549,2538.5,2542.81,427.81132305
1766275200000,2543.21,2545.35,2529.43,2538.61,228.98679857
1766289600000,2538.59,2546.69,2538.18,2545.9,89.68735743
1766304000000,2545.45,2573.1,2543.2,2559.1,449.66060298
1766318400000,2559.23,2566.51,2514,2539.49,774.90292789
1766332800000,2538.48,2559.1,2533.8,2553.42,661.34712783
1766347200000,2553.8,2570.56,2535,2562.8,317.30570597
1766361600000,2565.6,2611.35,2535,2577.5,1035.62342019
1766376000000,2577.52,2594.6,2575.75,2583.76,376.523909
1766390400000,2582.24,2605.9,2577.13,2598.44,1172.83540787
1766404800000,2598.7,2621.35,2569.42,2593.8,2191.88529771
1766419200000,2594.95,2600.87,2529.57,2535.1,1074.55270454
1766433600000,2533.63,2563.38,2520.41,2556.83,855.43988166
1766448000000,2556.6,2577.79,2523.46,2541.69,708.17327735
1766462400000,2539.98,2546.41,2500.59,2516.34,726.48481387
1766476800000,2515.8,2521.89,2504.96,2520.22,491.50557043
1766491200000,2519.48,2520.5,2462.63,2486.79,2179.59561674
1766505600000,2485.74,2517.4,2470.93,2496.94,1501.34087714
1766520000000,2498.43,2533.36,2495.46,2512.21,718.10851719
1766534400000,2512.73,2521.05,2476,2498.19,427.01430014
1766548800000,2498.6,2509.02,2472.83,2486.2,577.71263865
1766563200000,2485.6,2494.23,2469,2479.93,634.40332054
1766577600000,2479.66,2491.73,2450,2482.4,800.46093384
1766592000000,2482.18,2506.58,2480.24,2499.45,559.66262333
1766606400000,2500,2513.78,2495.72,2501.5,393.88248427
1766620800000,2500.6,2509.53,2492.04,2501.4,208.09399714
1766635200000,2500.72,2501.1,2493.69,2497.08,213.75029554
1766649600000,2496.8,2500.01,2470.92,2481.95,575.27227924
1766664000000,2481.81,2520.04,2477.79,2510,661.2507569
1766678400000,2512.2,2516.8,2497.08,2508.03,522.96519628
1766692800000,2508.11,2508.29,2453.12,2464.5,736.8563694
1766707200000,2463.89,2539.19,2454.8,2513.16,1243.83490444
1766721600000,2511.42,2540,2502.91,2509.17,471.24408055
1766736000000,2508.25,2526.95,2507.68,2515.54,503.51854218
1766750400000,2515.49,2530.94,2455.8,2480.26,1273.23180182
1766764800000,2481,2494,2469.77,2483.89,511.27496499
1766779200000,2483.77,2493.81,2481.19,2487.15,333.07511897
1766793600000,2487.9,2491.15,2481.16,2490.87,204.08949065
1766808000000,2490.67,2494.4,2486.3,2490.82,169.90543658
1766822400000,2490.82,2496.3,2476.48,2488.68,311.25691653
1766836800000,2489.7,2490.96,2483.82,2484.46,223.2745732
1766851200000,2483.5,2487.6,2477.81,2487.5,292.61785566
1766865600000,2487.8,2511.74,2485.3,2501.6,573.11621106
1766880000000,2502.88,2504,2496.4,2498.12,141.9494246
1766894400000,2496.76,2500.19,2486.84,2493.12,240.91986917
1766908800000,2494.13,2500.28,2487.64,2497.41,363.84171498
1766923200000,2498.16,2511.73,2492.1,2501.73,555.37687251
1766937600000,2502.41,2506.51,2481.8,2486.14,813.0501804
1766952000000,2486.59,2507.4,2482.44,2503.47,614.6190451
1766966400000,2504.6,2584,2498.43,2579.91,1362.21532706
1766980800000,2582.5,2592,2549.01,2559.4,1647.77885434
1766995200000,2559.55,2564.7,2506.7,2512.7,2268.16742828
1767009600000,2512.2,2515.45,2472.7,2492.73,2567.07358879
1767024000000,2489.94,2504.56,2476.87,2489.7,1182.71103846
1767038400000,2489.59,2498.16,2484.4,2494.29,569.86503559
1767052800000,2493.63,2507.62,2476.61,2505.94,385.40423701
1767067200000,2505.6,2510,2491.8,2503.88,403.02749014
1767081600000,2503.71,2548.75,2503.71,2528.92,1193.88706539
1767110400000,2540.44,2542.8,2503.2,2527.13,1388.28198962
1767124800000,2527.14,2529.58,2511.45,2528.68,756.03015047
1767139200000,2526.88,2537.68,2518.55,2526.06,441.80004466
1767153600000,2525.85,2534.75,2525.85,2532.27,471.42853761
1767168000000,2532.28,2553.82,2523,2552.96,1250.86481282
1767182400000,2552.59,2573.8,2524.9,2538.5,1812.77596224
1767196800000,2539.7,2547.35,2517.6,2524.71,1404.99590485
1767211200000,2525.44,2533.86,2516.69,2524.69,1497.2976156
1767225600000,2524.85,2536.89,2524.56,2530.68,393.43131774
1767240000000,2531.31,2533.93,2524.7,2529.36,185.21430694
1767254400000,2528.89,2543,2528.89,2540.59,282.28038519
1767268800000,2539.98,2546.6,2532.41,2542.67,287.34269188
1767283200000,2543.1,2556.78,2534.47,2546.67,612.43710213
1767297600000,2548,2558.3,2539.31,2553.77,626.16643384
1767312000000,2554.12,2577.1,2541.3,2566.36,756.17053286
1767326400000,2566.36,2584.6,2556.15,2568.55,521.84232007
1767340800000,2569.78,2615.54,2566.74,2597.75,1845.73327997
1767355200000,2597.96,2650.1,2573.76,2625.25,2008.71320655
1767369600000,2626.3,2683.57,2620.45,2664.21,2496.00285892
1767384000000,2665.1,2684.04,2654.79,2666.88,992.87068316
1767398400000,2666.74,2676.69,2662.62,2667.29,335.3150515
1767412800000,2667.46,2668.69,2625,2637.05,654.56470399
1767427200000,2635.52,2655.5,2632.45,2645.12,927.51292571
1767441600000,2642.49,2657.2,2639.93,2646.42,600.63101827
1767456000000,2646.33,2662.2,2643.85,2657.65,276.79293276
1767470400000,2658.48,2673,2652.26,2669.93,364.25174026
1767484800000,2670.33,2703.43,2669.62,2686.76,916.85933667
1767499200000,2685.81,2700.6,2676.74,2682.3,524.93247393
1767513600000,2682.4,2689.4,2669.04,2682.67,853.31551323
1767528000000,2682.01,2688.58,2661.87,2676.95,692.9335837
1767542400000,2676.2,2684.13,2663,2673.6,463.45512995
1767556800000,2673.91,2693.7,2672.65,2686.82,696.94225439
1767571200000,2687.42,2750.41,2684.86,2727.53,1505.9684816
1767585600000,2727.89,2729.45,2681.9,2701.96,818.64059007
1767600000000,2700.81,2725,2699,2722.54,921.11589509
1767614400000,2722.8,2741,2686.27,2733.27,2131.17747873
1767628800000,2733.05,2758.19,2696.4,2749.67,2302.67112995
1767643200000,2749.32,2786.07,2747.18,2753.87,1160.10778058
1767657600000,2755.02,2772.2,2735.93,2749,464.19362512
1767672000000,2750.4,2772.76,2735.8,2744.85,678.49360584
1767686400000,2744.69,2770.5,2740.35,2766.69,420.5438137
1767700800000,2766.6,2826.41,2759.16,2798.57,2765.83139763
1767715200000,2798.62,2805.17,2718.9,2756.95,2762.81772187
1767729600000,2757.78,2823.85,2757.42,2820.12,941.87607562
1767744000000,2819.17,2820.22,2768.79,2791.82,306.74178049
1767758400000,2792.65,2794.23,2775.75,2784.34,229.76403181
1767772800000,2785.74,2793.19,2734.51,2755.47,1019.13247341
1767787200000,2754.56,2761.23,2690.3,2706.77,2063.68008287
1767801600000,2706,2720,2673.8,2691.23,1557.86865139
1767816000000,2691.3,2722.54,2675.97,2713,624.5985149
1767830400000,2711.73,2725.8,2681.18,2687.99,403.48520671
1767844800000,2688.43,2704.22,2642.68,2675.19,732.61990833
1767859200000,2676.43,2684.62,2650,2670.36,647.48639495
1767873600000,2670.41,2670.41,2617.1,2660.52,2391.42424336
1767888000000,2660.9,2693.5,2649.9,2669.18,1017.55426519
1767902400000,2669,2683.41,2649.92,2663.31,412.82937411
1767916800000,2663.77,2699.5,2642.58,2674.48,1018.96434737
1767931200000,2674.67,2680.9,2668.65,2668.65,190.58215121
1767945600000,2668.63,2673.2,2632.34,2652.07,566.66543658
1767960000000,2651.1,2699.34,2628.7,2671.25,1772.57717616
1767974400000,2672.91,2700.18,2636,2645.57,1006.74885386
1767988800000,2644.47,2656.08,2633.34,2652.41,368.07280117
1768003200000,2650.5,2657.03,2645,2650.94,123.54874146
1768017600000,2650.63,2656.67,2644.12,2656.45,164.74660232
1768032000000,2656.69,2666.49,2652.02,2661.1,192.43789802
1768046400000,2661.65,2666.5,2653.89,2659.98,179.98208432
1768060800000,2659.99,2662.99,2655.34,2656.47,233.09955214
1768075200000,2657.01,2657.53,2646.3,2652.79,171.96790666
1768089600000,2653.08,2661.59,2650.69,2661.11,114.93796937
1768104000000,2660,2665.35,2655.33,2659.43,68.90075107
1768118400000,2659.37,2672,2656.7,2666.45,160.35581578
1768132800000,2667.9,2687.94,2667.09,2678,401.05660938
1768147200000,2677.81,2702.51,2676.07,2682.1,621.49529272
1768161600000,2682.02,2684.87,2656.76,2683.68,500.81019323
1768176000000,2680.8,2716.85,2653,2700.9,1036.65255977
1768190400000,2702.6,2711.36,2679.8,2680.2,344.9937761
1768204800000,2680.18,2691.38,2652.61,2666.33,697.01908502
1768219200000,2665.13,2680.05,2621.4,2677.3,1392.11308891
1768233600000,2677.04,2692.12,2643.28,2673.16,974.93877099
1768248000000,2671.04,2677.35,2642.29,2650.57,596.70951305
1768262400000,2650.23,2670.9,2649.1,2670.33,315.69237551
1768276800000,2670.78,2693.72,2666.2,2674.53,408.24989346
1768291200000,2674.61,2696.39,2674.61,2683.4,325.82153207
1768305600000,2683.99,2736.21,2680.01,2731.5,2316.69349445
1768320000000,2731.75,2762.36,2723.87,2759.49,1669.16136074
1768334400000,2760,2892.3,2739.2,2853.6,5830.54684913
1768348800000,2852.5,2882.99,2844.7,2875.5,1026.95203134
1768363200000,2875.5,2886.57,2850.1,2861.55,1184.65587538
1768377600000,2861.68,2867.95,2816.99,2819.41,1197.62491058
1768392000000,2818.96,2886.06,2813.81,2869.78,2302.54304807
1768406400000,2870.7,2922,2848.3,2894.24,4454.38797139
1768420800000,2893.21,2914.97,2871.93,2880.72,1338.48770134
1768435200000,2881.21,2882,2814,2823.24,1003.61405745
1768449600000,2822.19,2868.59,2821.64,2863.61,717.60568966
1768464000000,2864.51,2903,2854.15,2880.17,1067.29703711
1768478400000,2879,2915.76,2830.62,2871,1770.03640744
1768492800000,2868.62,2874.92,2818.8,2838.01,1267.75604146
1768507200000,2836.2,2862.02,2822.83,2858.67,632.83571128
1768521600000,2858.65,2865.91,2835.25,2837.65,207.00341014
1768536000000,2837.96,2857.44,2821.35,2849.19,469.19016738
1768550400000,2850.49,2858.53,2834.64,2841.52,363.41520094
1768564800000,2841.52,2857.15,2806.17,2816.04,1151.45882388
1768579200000,2815,2835.56,2810,2825.21,813.54754091
1768593600000,2824.16,2844.51,2813.78,2841,429.53927267
1768608000000,2841.26,2841.26,2831.21,2836.02,85.90935839
1768622400000,2835.1,2839.98,2832.64,2837.86,194.46973642
1768636800000,2836.88,2850,2835.47,2848.25,172.24354471
1768651200000,2848.25,2871.8,2845.11,2871.38,433.20522202
1768665600000,2871.56,2871.56,2856.55,2861.8,369.60504255
1768680000000,2861.87,2864.81,2844.8,2856.82,324.60411461
1768694400000,2855.14,2864.37,2844.55,2861.19,146.44814454
1768708800000,2860.94,2863.17,2852.24,2853.68,120.63151234
1768723200000,2853.1,2870,2850,2866.39,292.65521598
1768737600000,2866.8,2887.32,2859.3,2875.99,486.29066947
1768752000000,2875.64,2905.76,2872.41,2886.52,1009.09928372
1768766400000,2886.01,2896.5,2820.06,2824.4,1209.34497651
1768780800000,2824.41,2824.7,2735.78,2763.82,2782.79763495
1768795200000,2763,2765.95,2739.97,2757.96,1705.41992833
1768809600000,2757.5,2779.32,2749.86,2772.84,1321.02984626
1768824000000,2772.99,2782.1,2753.18,2763.1,836.4335315
1768838400000,2762.78,2771.95,2754.27,2765.14,475.3565335
1768852800000,2766,2770.4,2717.15,2738.73,1323.75585538
1768867200000,2738.8,2748.35,2726.82,2733.64,583.55032219
1768881600000,2733.08,2733.09,2663.37,2669.56,2282.23166718
1768896000000,2669.55,2669.84,2630.6,2648.14,3036.71899268
1768910400000,2648.5,2653.65,2549.24,2584.06,4743.49057026
1768924800000,2582.94,2591.54,2539.55,2554.92,2153.13327274
1768939200000,2554.54,2562.8,2482.24,2504.25,3166.62741602
1768953600000,2504.37,2544.8,2490,2541.66,895.9790862
1768968000000,2541,2560,2529.57,2533.7,811.30181887
1768982400000,2532.5,2538.94,2506.79,2511.09,1008.24462265
1768996800000,2511.19,2582.46,2474.24,2565.14,5682.96664928
1769011200000,2564.87,2624.74,2446.11,2611.09,7528.54452731
1769025600000,2611.29,2612.37,2544.38,2553.95,2314.04909653
1769040000000,2553.74,2598.08,2552.47,2576.97,787.43829346
1769054400000,2576.61,2588.52,2564.88,2565.51,725.79665951
1769068800000,2565.5,2578.51,2544,2551.06,1238.08483469
1769083200000,2550.84,2568.7,2476.56,2507,3869.70998551
1769097600000,2507.3,2528.84,2488.26,2514.06,1940.15822969
1769112000000,2513.03,2516,2492.51,2509.97,1140.77561217
1769126400000,2510.29,2527.2,2505.27,2521.41,599.24246882
1769140800000,2520.76,2539.15,2497,2509.71,1397.07548415
1769155200000,2508.68,2511.26,2480,2502.96,1803.2154149
1769169600000,2502.04,2519.82,2460.34,2507.23,3220.57522206
1769184000000,2508.27,2559.58,2495.55,2503.48,4311.98922506
1769198400000,2501.85,2506.53,2478,2498.34,702.58544163
1769212800000,2498.33,2509.09,2492.14,2502.42,229.04156585
1769227200000,2502.79,2506.21,2495.65,2498.6,294.42554058
1769241600000,2498.23,2504.89,2496.63,2502,161.88902444
1769256000000,2501.64,2507.57,2487.15,2497.93,320.12934182
1769270400000,2498.02,2507.2,2493.77,2495.48,164.3398682
1769284800000,2495.62,2504.65,2491.4,2494.25,393.9011718
1769299200000,2494.4,2500.9,2481.65,2486.23,328.58678309
1769313600000,2486.51,2491.23,2479.56,2483.41,277.97934637
1769328000000,2483.41,2489.83,2466.65,2480.81,649.05743475
1769342400000,2480.36,2486.83,2467.83,2471.87,591.04891456
1769356800000,2471.88,2472.32,2362,2375.15,4535.77279139
1769371200000,2375.16,2381.31,2342.77,2374.34,2152.57797214
1769385600000,2372.9,2440.75,2370.65,2400.77,1483.22780187
1769400000000,2401.12,2452.49,2400.83,2450.46,1285.82523304
1769414400000,2450.46,2475.26,2425.96,2437.17,1916.97422502
1769428800000,2437.49,2483.86,2422.03,2435.64,3570.98230061
1769443200000,2436.22,2469.46,2427.11,2458.48,1817.32198104
1769457600000,2457.8,2477.4,2434.77,2465.35,1914.8494156
1769472000000,2465.43,2477.19,2450.15,2473.2,384.18457729
1769486400000,2472.22,2486.83,2459.36,2465.98,382.33300481
1769500800000,2465.73,2469.63,2437.02,2449.55,444.78423701
1769515200000,2449.5,2465.07,2429.96,2455.15,2006.35617532
1769529600000,2455.12,2499.56,2433.7,2485.06,2461.67130284
1769544000000,2485.78,2521.51,2484.16,2514.51,3827.98706823
1769558400000,2514.41,2518.83,2493.49,2501.55,386.62685769
1769572800000,2500.83,2513.26,2491.8,2502.59,1145.48766324
1769587200000,2502.53,2541.86,2488.28,2536.6,1972.19002249
1769601600000,2535.95,2542.9,2496,2514.61,2413.83330591
1769616000000,2515.83,2537.42,2501.72,2525.11,2350.45996151
1769630400000,2524.1,2540.34,2505.48,2510.14,792.65855505
1769644800000,2512.38,2513.66,2456.9,2460.98,871.92774624
1769659200000,2459.62,2473.28,2448.65,2468.58,434.70973004
1769673600000,2468.37,2476.39,2443.31,2448.64,1609.6703002
1769688000000,2448.72,2455.36,2342.77,2363.76,3363.49250738
1769702400000,2363.9,2391.09,2300,2337.2,6169.7631133
1769716800000,2337.5,2358.17,2327.8,2355.72,1507.20240235
1769731200000,2357.51,2360,2244.47,2297.13,4555.38931668
1769745600000,2296.88,2323.37,2260,2293.77,1420.18118918
1769760000000,2291.74,2315.3,2272.62,2307.67,1570.01898441
1769774400000,2307.11,2317.73,2262.15,2292.65,3619.82185279
1769788800000,2291.29,2322.95,2219.28,2307,4857.92269835
1769803200000,2305.86,2307.43,2244.15,2282.13,3250.81595116
1769817600000,2281.16,2287.96,2262.8,2272.05,369.11842682
1769832000000,2272.6,2278.78,2248.4,2258.45,533.2926289
1769846400000,2258.59,2261.29,2199,2225.91,2997.00385115
1769860800000,2225.03,2228.59,2116,2135.74,6329.48207564
1769875200000,2136.52,2150.4,1891,2012.62,19044.2308253
1769889600000,2013.07,2091.58,1988.53,2073.28,5115.26550686
1769904000000,2072.74,2093.4,2053.97,2066.15,1570.70523867
1769918400000,2066.15,2073.3,2019.17,2035.34,1724.79719913
1769932800000,2035.6,2060.2,2007.49,2037.64,2725.68060281
1769947200000,2037.89,2037.89,1929.34,1954.3,6571.39922958
1769961600000,1954.3,2006.7,1927.87,1957.51,6144.11280466
1769976000000,1957,1981.27,1873.88,1914.47,6835.66434151
1769990400000,1914.5,1956.3,1823.43,1884.88,5894.18387301
1770004800000,1881,1909.86,1819.35,1878.4,5541.70022929
1770019200000,1878.4,1953.7,1878.11,1923.2,4083.53515024
1770033600000,1923.2,2031.18,1922.76,2012.95,5674.277276
1770048000000,2012.78,2023.96,1974.41,1977.56,2566.35680949
1770062400000,1976.35,1996.48,1962.34,1987.45,1296.52697544
1770076800000,1988.19,1997.1,1934.93,1982.96,964.19450089
1770091200000,1983.5,1992.19,1945.27,1965.61,1188.79726235
1770105600000,1965,1974,1917,1930.63,2211.7876486
1770120000000,1931.13,1963.02,1908.07,1949.23,3899.39085019
1770134400000,1948.28,1948.39,1784.2,1866.48,17618.9425341
1770148800000,1866.12,1984.22,1851.01,1888.8,9425.35715329
1770163200000,1887.82,1940,1880.42,1928.75,1589.87286934
1770177600000,1926.8,1936.47,1905.03,1928.24,2088.37239175
1770192000000,1928.23,1930,1882.3,1907.41,2945.9080134
1770206400000,1907.25,1913.52,1808,1821.93,7040.264875
1770220800000,1821.49,1855.07,1757.39,1850.46,12981.51398494
1770235200000,1850,1853.2,1765.34,1816.2,4051.49944271
1770249600000,1815.76,1837.66,1776.98,1788,2076.10848524
1770264000000,1787.1,1798.52,1750.91,1769.96,5216.32471858
1770278400000,1769.93,1819.32,1746.46,1761.08,4096.95927718
1770292800000,1761.08,1779.8,1631.2,1660.82,11785.80365992
1770307200000,1661.01,1707.25,1619.73,1632.28,7045.32967503
1770321600000,1632.38,1644.71,1540.68,1549.3,10367.40532966
1770336000000,1550.16,1651.38,1483.48,1603.05,7285.04171212
1770350400000,1603.41,1673.92,1598.69,1609.9,3715.43191267
1770364800000,1610.67,1645,1582.9,1640.1,4467.03866135
1770379200000,1639.5,1695.86,1624.84,1677.45,5126.24037671
1770393600000,1677.17,1774.1,1670.3,1749.99,6138.12533205
1770408000000,1748.95,1772.32,1729,1748.69,2770.85678705
1770422400000,1748.04,1768,1723.48,1763.86,1310.8791976
1770436800000,1763.37,1796.44,1690.85,1717.46,2930.69478056
1770451200000,1716.49,1721.77,1696.44,1712.27,1765.21137019
1770465600000,1712.24,1760,1705.6,1741.9,2785.0414958
1770480000000,1742.24,1798.75,1704.23,1772.97,19947.25563621
1770494400000,1774.08,1794.46,1758.65,1770.75,1251.29138047
1770508800000,1770.96,1786.45,1760.99,1762.8,388.54635855
1770523200000,1762.87,1770.76,1751,1766.48,1004.67623165
1770537600000,1766.29,1814,1762.32,1809.5,2306.54938256
1770552000000,1810.5,1820.45,1781.11,1788.5,2026.42868098
1770566400000,1789.07,1806.27,1759,1803.59,2055.61362908
1770580800000,1803.87,1822.83,1755.6,1769.9,2029.17143592
1770595200000,1769.44,1778.86,1739.01,1777.78,1121.95296467
1770609600000,1778.04,1778.28,1741.61,1743.76,936.2452528
1770624000000,1743.18,1746.74,1696.35,1708.55,2543.12247102
1770638400000,1707.83,1740.17,1687.6,1731.78,4939.48084444
1770652800000,1730.44,1798.85,1720.07,1788.51,2890.17605043
1770667200000,1787.38,1802.06,1754.5,1768.02,1848.36840717
1770681600000,1767.91,1784.23,1721.93,1733.53,1100.45707176
1770696000000,1733.04,1742.17,1678.18,1685.68,3975.3274673
1770710400000,1686.61,1703.92,1675.11,1682.06,3881.94311311
1770724800000,1682.15,1711.99,1668.36,1697,4904.3994066
1770739200000,1698.39,1720.78,1678.69,1696.12,2231.60320674
1770753600000,1695.53,1701.67,1679.38,1701.67,894.2442141
1770768000000,1699.85,1706.89,1677.94,1687.03,718.2123157
1770782400000,1686.6,1688.11,1626.4,1636.69,3586.41348922
1770796800000,1637,1641.96,1621.35,1640.83,1977.6808277
1770811200000,1640.57,1697,1604.08,1627.3,10819.41408443
1770825600000,1627.42,1649.7,1606.93,1643.5,3867.17684495
1770840000000,1642.79,1674.18,1626.74,1635.17,2290.79037739
1770854400000,1634.16,1664.91,1634.16,1657.99,573.07726809
1770868800000,1657.57,1671.8,1646.31,1656.85,1055.49998013
1770883200000,1658.49,1684.2,1647.71,1673.68,1913.18489627
1770897600000,1673.24,1679.87,1636.8,1637.94,2219.60764967
1770912000000,1639,1640.68,1597.9,1622.18,3318.9691632
1770926400000,1622.31,1644.67,1609.05,1640.2,1067.94981934
1770940800000,1638.77,1649.08,1624,1645.39,653.77069872
1770955200000,1646.25,1647.15,1622.56,1632,701.34575248
1770969600000,1632.24,1660,1630.12,1652.65,1177.40027067
1770984000000,1652.65,1728.46,1646.45,1716.98,4099.28344558
1770998400000,1717.29,1745.44,1714.24,1733.99,2192.4571919
1771012800000,1734.45,1735.67,1718.36,1726,1028.41063573
1771027200000,1725.55,1733.89,1720.72,1731.3,201.06674655
1771041600000,1730.95,1737.35,1726.49,1734.69,306.24692711
1771056000000,1734.55,1777.01,1734.55,1771.75,2265.27077717
1771070400000,1771.97,1771.97,1742.08,1762.03,1497.77770762
1771084800000,1761.73,1764.1,1744.86,1761.99,481.37337331
1771099200000,1762.49,1771.58,1754.19,1760.28,638.84224731
1771113600000,1761.21,1763.74,1717.12,1737.44,2458.11801127
1771128000000,1739.06,1775.38,1738.16,1765.92,1169.62276046
1771142400000,1765.92,1770.52,1733.25,1739.03,1739.64999649
1771156800000,1739.8,1744.45,1680.5,1696.54,2668.59047478
1771171200000,1696.18,1696.19,1626,1637.72,5096.76794602
1771185600000,1636.78,1663.16,1631,1656.95,1910.57209816
1771200000000,1656.11,1670.34,1642.24,1651.35,625.33307151
1771214400000,1651.54,1667.91,1646.74,1662.32,474.37526627
1771228800000,1661.97,1680.55,1650.3,1667.1,994.70503213
1771243200000,1667.36,1706.95,1634.84,1651.65,3000.36009332
1771257600000,1651.4,1678.98,1651.16,1665.61,1025.70742201
1771272000000,1666.19,1691.57,1663.6,1687.32,1119.57790372
1771286400000,1687.12,1696.05,1671.8,1677.99,480.88829286
1771300800000,1677.32,1688.03,1659.27,1678.86,533.52436208
1771315200000,1678.89,1682.91,1656.53,1664.22,1075.69322811
1771329600000,1663.91,1694.18,1644.78,1666.97,2406.94305985
1771344000000,1667.66,1701.16,1651.15,1686.84,2722.46562436
1771358400000,1686,1691.02,1677.45,1680.5,762.78648327
1771372800000,1681.56,1689.17,1662.18,1688.38,544.34969967
1771387200000,1687.27,1709.87,1683.62,1705.24,422.87992033
1771401600000,1706.23,1723.06,1670.63,1675.15,1578.62389853
1771416000000,1675,1699.76,1653.9,1679.09,2697.00491796
1771430400000,1679.67,1683.01,1632,1646.96,2807.04716363
1771444800000,1646.89,1659.81,1642.35,1659.54,873.91680849
1771459200000,1658.9,1673.87,1655.43,1673.3,548.09191461
1771473600000,1672.41,1685,1666.16,1678.95,488.65079018
1771488000000,1678.95,1679.56,1653.25,1655.02,1124.80889283
1771502400000,1654.57,1661.16,1625.86,1637.86,3699.22222035
1771516800000,1637.1,1654.68,1620.67,1649.72,2090.63644181
1771531200000,1649.8,1659.4,1643.9,1654.59,922.58163296
1771545600000,1654.43,1668.34,1654.43,1662.09,412.99826398
1771560000000,1662.79,1674.17,1641.54,1668.15,1529.92552846
1771574400000,1668.15,1676.93,1648.45,1651.49,1543.8327751
1771588800000,1651.79,1680.99,1635.92,1666.28,3428.66919
1771603200000,1667.35,1679.49,1647.42,1666.12,2945.94216072
1771617600000,1666.06,1675.44,1665.1,1670.51,714.36184553
1771632000000,1670.37,1671.79,1659.29,1661.04,307.95508202
1771646400000,1661.28,1667.99,1660.2,1665.22,163.43501403
1771660800000,1665.74,1687.13,1665.2,1677.62,893.84354414
1771675200000,1677.7,1693.27,1671.46,1687.48,1183.73243231
1771689600000,1687.19,1693.9,1678.11,1687.96,621.60729378
1771704000000,1687.96,1689.56,1671.71,1675.41,992.29820483
1771718400000,1674.5,1682.72,1669.58,1675.66,430.05261197
1771732800000,1675.61,1679.59,1675.41,1677.33,547.60606166
1771747200000,1677.28,1683.36,1672.8,1681.54,822.06358133
1771761600000,1681.1,1681.87,1650,1659.09,970.89159442
1771776000000,1658.5,1660.16,1642.5,1650.2,761.16460324
1771790400000,1650.19,1662.51,1646.47,1654.47,573.4942664
1771804800000,1654.5,1654.72,1561.89,1575.63,4243.10966303
1771819200000,1575.97,1597.25,1568.21,1595.17,1793.24448632
1771833600000,1594.5,1634.35,1589.29,1625.69,1563.25022442
1771848000000,1625.58,1641.03,1604.61,1607.52,2547.54387137
1771862400000,1606.71,1610.27,1557.78,1575.2,3311.49942825
1771876800000,1574.85,1586.03,1566.26,1574.13,940.24319433
1771891200000,1573.58,1585.1,1539,1555.05,2283.02179689
1771905600000,1557.06,1563.38,1541,1549.57,2336.64995657
1771920000000,1549.42,1558.15,1538.98,1550.5,1762.10982088
1771934400000,1550.97,1572.07,1528.84,1569.77,4545.73556492
1771948800000,1569.4,1582.57,1560.13,1572.93,1741.89942227
1771963200000,1572.85,1583.17,1567.28,1572.58,761.19734072
1771977600000,1573.69,1650.69,1568.69,1616.36,2914.22621804
1771992000000,1616.97,1623.45,1591.87,1604.99,1337.38670922
1772006400000,1604.48,1638.3,1602.39,1635.9,1685.22024656
1772020800000,1636.64,1719.76,1632.93,1706.79,5985.91778134
1772035200000,1706.75,1767,1705.55,1754.51,7016.07201695
1772049600000,1754.75,1819.85,1722.43,1741.56,6941.19700566
1772064000000,1740.61,1757.51,1724.99,1738.98,1276.23015467
1772078400000,1738.53,1763.73,1736.72,1738.04,1174.75915273
1772092800000,1738.4,1766.61,1732.72,1744.15,2028.30414393
1772107200000,1744,1759.97,1707.3,1722.95,4737.18976395
1772121600000,1724.03,1727.2,1677.87,1721.91,5333.61755408
1772136000000,1721.87,1731.96,1710.5,1717.82,1365.42166214
1772150400000,1717.89,1736.55,1696,1733.03,921.95027102
1772164800000,1732.82,1747.59,1712.4,1720.9,1081.57775096
1772179200000,1720.2,1731.64,1656.3,1663.41,2576.89283466
1772193600000,1663,1668.34,1643,1651.48,4189.91651207
1772208000000,1650.2,1651.65,1615,1626.17,2757.5299195
1772222400000,1626.01,1638.02,1599,1635.35,2213.90187483
1772236800000,1634.81,1640.85,1626.78,1630.52,617.22072098
1772251200000,1631.41,1636.22,1556.11,1583.93,4205.04614875
1772265600000,1581.28,1596.06,1564.98,1581.24,3002.37697191
1772280000000,1581.66,1625.68,1580.62,1611.58,4455.33039895
1772294400000,1610.95,1658.48,1601.71,1652.5,3542.88155568
1772308800000,1651.72,1684,1645,1665.88,2854.85853132
1772323200000,1667.13,1740.52,1647.53,1713.2,3298.71455093
1772337600000,1714.45,1719.73,1685,1700.76,2172.99462549
1772352000000,1700.65,1702.48,1670.25,1680.43,1979.24102735
1772366400000,1680.22,1718.6,1667.93,1688.96,2746.40134382
1772380800000,1689.6,1702.77,1651.13,1657.4,3859.57765686
1772395200000,1657.44,1675.86,1618.85,1649.9,4553.36719017
1772409600000,1649.68,1688.21,1646.36,1673.55,1970.47400812
1772424000000,1673.02,1685.59,1642.49,1656.82,1994.76976947
1772438400000,1656.46,1675.32,1637.98,1660.36,2592.30830308
1772452800000,1659.95,1766.78,1641.37,1751.98,5110.51694308
1772467200000,1752.7,1788.21,1723.8,1745.05,4487.75964013
1772481600000,1744.52,1760.51,1731.14,1734.03,2636.06399852
1772496000000,1734.78,1745.79,1709.34,1717.98,1392.64963673
1772510400000,1718.83,1729.37,1703.25,1714.18,1428.0207791
1772524800000,1713.54,1718.39,1669.96,1691,3872.27655436
1772539200000,1691.55,1715.38,1666.12,1701.98,5265.36588179
1772553600000,1702,1736.82,1690.97,1710.76,3865.47161027
1772568000000,1710.77,1723.29,1687.56,1707.91,1566.63894494
1772582400000,1707.72,1724.79,1677.07,1688.76,1802.21557505
1772596800000,1690.61,1729.21,1681.83,1728.21,1675.04069494
1772611200000,1728.7,1799.42,1724.2,1766.83,5488.29019388
1772625600000,1766.51,1856.71,1751.41,1847.83,6752.99539811
1772640000000,1848.46,1892.32,1831.6,1872.8,4583.95536124
1772654400000,1872.45,1874.67,1819.3,1829,1946.90743617
1772668800000,1828.52,1840.88,1813.3,1826.04,1208.86943406
1772683200000,1826.21,1847.35,1805.62,1815.23,1871.40304254
1772697600000,1815.3,1865,1807.2,1842.8,2592.06838796
1772712000000,1842.75,1846.58,1786.36,1803,3977.68565329
1772726400000,1803.2,1808.69,1775.22,1793.3,3981.38599497
1772740800000,1793.53,1809.71,1782.93,1787.02,1529.26858514
1772755200000,1786.9,1802.75,1777,1794.63,835.24479009
1772769600000,1793.56,1798,1773.76,1794.42,925.67819208
1772784000000,1794.46,1795,1768.05,1775.02,1551.56875204
1772798400000,1774.07,1780.44,1700.03,1709.94,6330.6181498
1772812800000,1709.61,1716.92,1687.11,1711.12,4114.14501359
1772827200000,1711.18,1714.8,1698.3,1704.96,1453.05555317
1772841600000,1705.42,1720,1699.95,1706.77,744.08661345
1772856000000,1706,1709.44,1692.22,1708.35,554.25533973
1772870400000,1708,1718.7,1702.69,1714.55,632.66055986
1772884800000,1714.84,1716.25,1699.39,1708.42,546.99012744
1772899200000,1708.29,1709.79,1678.88,1686,859.33006054
1772913600000,1686.56,1702.44,1686.18,1699.11,583.40285825
1772928000000,1699.91,1705.32,1669.83,1680,699.273739
1772942400000,1680.07,1691.26,1665,1688.2,619.52581718
1772956800000,1687.55,1707.58,1679,1683.86,1284.35845267
1772971200000,1683.87,1686.71,1662,1677.88,1513.44086676
1772985600000,1677.6,1703,1666.33,1698.66,3372.86569413
1773000000000,1698.76,1705.08,1660.12,1682.53,3439.31971404
1773014400000,1681.75,1741.24,1676.22,1718.22,2447.81496101
1773028800000,1718.56,1741.57,1702.2,1716.84,2368.98855277
1773043200000,1717.08,1748.92,1713,1724.26,3350.63887098
1773057600000,1724.26,1758.55,1724.06,1746.26,5618.67206378
1773072000000,1746.82,1769,1732.45,1753.45,4855.23293236
1773086400000,1753.49,1755.41,1713.77,1717.37,3985.02034604
1773100800000,1716.53,1768.16,1715.39,1746.37,2126.35051693
1773115200000,1746.75,1770.42,1746.29,1759.71,2175.34198947
1773129600000,1760.11,1781.35,1760.11,1772.8,3023.59472434
1773144000000,1773.05,1791.11,1728.25,1786.52,4093.53609403
1773158400000,1786.28,1794.02,1746.45,1754.64,3878.12510726
1773172800000,1754.3,1764.91,1740,1755.47,1630.16198381
1773187200000,1755.09,1757.88,1736.55,1739.39,976.95025296
1773201600000,1738.08,1755.31,1728.12,1733.48,1530.03896499
1773216000000,1733.77,1753.22,1731.53,1741.08,1970.22519561
1773230400000,1740.71,1797.44,1736.41,1772,4773.93899956
1773244800000,1773.3,1802.61,1770.93,1794.83,2525.53700175
1773259200000,1794.47,1801.88,1773.22,1777.78,1038.93392511
1773273600000,1778.65,1783.31,1749.51,1753.88,1156.80691631
1773288000000,1753.44,1769.36,1750.71,1767.46,994.55856501
1773302400000,1767.02,1796.7,1765.17,1785.78,2338.08106862
1773316800000,1785.63,1817.64,1770.19,1799.44,5737.01536553
1773331200000,1799.5,1804.09,1777.23,1797.89,2574.97585871
1773345600000,1798.41,1817.96,1785,1800.06,1450.63315233
1773360000000,1799.43,1864.44,1797.05,1841.45,3277.87765894
1773374400000,1841.69,1842.6,1819,1832.31,1450.58916737
1773388800000,1832.82,1862,1829.05,1850.33,3277.8424701
1773403200000,1850,1926.19,1849.56,1860.44,8428.36698775
1773417600000,1860.8,1873,1827.97,1841.18,4771.66424962
1773432000000,1841.3,1854.44,1821.24,1832.68,1190.95862133
1773446400000,1832.35,1842.49,1823.56,1840.72,542.60492434
1773460800000,1841.68,1845.03,1812.47,1820.84,1296.03430373
1773475200000,1819.74,1823.78,1807.28,1817.75,616.58738882
1773489600000,1817.96,1824.44,1814.65,1819.18,649.24185001
1773504000000,1818.38,1823.57,1814.32,1821.6,280.81203617
1773518400000,1821.78,1840.84,1820.45,1838.59,722.8287178
1773532800000,1839.08,1849,1827.54,1838.77,627.33605133
1773547200000,1838.72,1854.18,1838.72,1847.27,258.60782805
1773561600000,1849.37,1862.2,1847.67,1859.71,759.29699702
1773576000000,1859.41,1859.99,1830.43,1836.75,1420.37613882
1773590400000,1836.78,1857.69,1832.37,1852.74,1483.53549828
1773604800000,1852.17,1927.7,1849.95,1905.42,5499.73007464
1773619200000,1906.03,1968.26,1892.03,1953.26,3353.17402081
1773633600000,1953.52,2001.69,1953.52,1968.66,5128.41594595
1773648000000,1968.88,1987.36,1954.02,1978.35,4445.6217552
1773662400000,1978.46,2010.38,1964,1980.32,6500.5583443
1773676800000,1980.15,2038.25,1976.5,2026.13,8263.86508941
1773691200000,2026.23,2074.39,2019.5,2046.95,4227.44991703
1773705600000,2046.34,2068.1,2008.67,2020.18,4965.76913532
1773720000000,2020.37,2035.9,1997.93,2026.41,3213.0360898
1773734400000,2026.72,2031.51,2003.61,2023.07,3915.12845442
1773748800000,2022.96,2045.67,2001.26,2010.9,4032.45160139
1773763200000,2010.8,2031.51,2008.6,2013.11,1628.72552241
1773777600000,2013.48,2032.99,2009.25,2009.55,1530.60276742
1773792000000,2009.87,2038.62,2001.78,2030,633.6654557
1773806400000,2030.25,2031.07,2005.68,2011.69,707.97003188
1773820800000,2011.81,2025.1,1963.41,1966.89,2462.45367602
1773835200000,1965.76,1967.5,1884,1901.1,6297.14915498
1773849600000,1899.6,1927.75,1882.11,1906.33,4540.10927613
1773864000000,1905.8,1925.48,1878.59,1922.73,1694.92646
1773878400000,1922.9,1946.82,1906.79,1928.38,959.43950105
1773892800000,1926.63,1929.21,1869.64,1892.32,2034.91211665
1773907200000,1892.28,1910.1,1885.03,1887.62,2176.74215266
1773921600000,1887.81,1888.3,1825.11,1840.3,7658.14754453
1773936000000,1840.18,1860.57,1824.21,1848.87,4915.26489778
1773950400000,1848.6,1860.82,1841.2,1846.71,1216.13279153
1773964800000,1847.06,1867.78,1844.52,1861.98,1063.61967392
1773979200000,1862,1868.11,1836.33,1859.33,1288.06947905
1773993600000,1859.21,1881.34,1845.52,1850.56,2255.37768951
1774008000000,1851.28,1862.57,1834.87,1848.57,2219.38642566
1774022400000,1849.02,1854.55,1830.48,1844.46,2046.48946378
1774036800000,1844.77,1873.46,1836.47,1855.19,1302.08082766
1774051200000,1855.32,1866.7,1853.42,1861.23,512.97550343
1774065600000,1862.5,1868.04,1858.78,1862.87,533.86438646
1774080000000,1863.4,1866.56,1858.21,1864.96,610.107732
1774094400000,1865.26,1874.36,1855.92,1863.7,553.28735534
1774108800000,1862.82,1864.17,1851.74,1860.91,438.02660088
1774123200000,1860.9,1864.94,1791.4,1803.54,1191.88849175
1774137600000,1803.53,1840.44,1772.64,1828.92,1694.88528328
1774152000000,1828.93,1836.26,1810.71,1811.28,849.57783497
1774166400000,1811.15,1812.98,1788.21,1791.3,1698.09513754
1774180800000,1791.82,1811.3,1790.28,1803.35,665.97319776
1774195200000,1803.65,1805.4,1779.63,1787.01,1036.19238859
1774209600000,1787.68,1795.12,1756.17,1776.67,2663.14555276
1774224000000,1777.17,1794.48,1763.58,1776.86,1536.64411919
1774238400000,1778.51,1794.14,1754.1,1772.32,2327.55664459
1774252800000,1773.68,1898.64,1762.74,1846.7,9577.86803274
1774267200000,1846.7,1889.62,1823.73,1836.38,10636.88343799
1774281600000,1837.17,1873.51,1828.49,1855.13,4402.26558335
1774296000000,1855.25,1865.69,1843.87,1854.25,657.97380225
1774310400000,1854.26,1857.3,1834.58,1848.67,1005.85132194
1774324800000,1849.25,1870.33,1838.57,1865.59,1563.70265206
1774339200000,1867.26,1876.64,1854.55,1868.5,2510.71464509
1774353600000,1868.99,1872.3,1829.62,1844.12,3345.55035075
1774368000000,1842.67,1846.76,1817.8,1826.71,2677.00153044
1774382400000,1826.29,1862.49,1825.63,1855.84,3046.5106305
1774396800000,1856.9,1864.79,1847.57,1860.2,1001.03974575
1774411200000,1859.7,1878.89,1858.3,1865.7,1581.65161818
1774425600000,1866.16,1895,1864.4,1883.96,1977.69373243
1774440000000,1884.46,1897.1,1856.11,1868.9,2395.99013105
1774454400000,1869.17,1888.59,1864.45,1877.57,1985.83978452
1774468800000,1877.23,1887.65,1867.37,1875.63,1413.63701425
1774483200000,1875.9,1878.9,1854.15,1860.81,681.72219453
1774497600000,1860.6,1861.38,1827,1837.15,1093.24890637
1774512000000,1837.42,1840.47,1785,1794.16,1968.93589332
1774526400000,1794.3,1812.09,1776.26,1793.33,2694.10673392
1774540800000,1792.9,1794.11,1764.11,1777.75,1850.73632423
1774555200000,1777.41,1801.27,1775.59,1785.83,3010.97155826
1774569600000,1786.3,1799.5,1784.2,1786.31,552.69298935
1774584000000,1784.93,1797.05,1770.52,1792.96,891.06740274
1774598400000,1793.11,1795.85,1722.06,1730.83,3593.3586506
1774612800000,1730.62,1741.08,1709.14,1728.16,3218.96060113
1774627200000,1727.75,1734.45,1714.82,1728.99,1907.67919511
1774641600000,1728.74,1732.29,1719,1731.23,797.7314286
1774656000000,1730.64,1733.49,1722.28,1727.87,291.80417606
1774670400000,1727.54,1744.87,1726.4,1743.84,474.06977481
1774684800000,1743.78,1745.27,1732.28,1736.44,556.82555112
1774699200000,1736.79,1780,1731.61,1762.6,2143.34278161
1774713600000,1762.6,1765.86,1754.29,1756.95,687.60807637
1774728000000,1757.18,1762.15,1729.47,1734.13,751.46196828
1774742400000,1734.1,1755.54,1731.37,1748.4,388.39376087
1774756800000,1747.75,1749.55,1736.5,1743.84,295.40604454
1774771200000,1743.41,1745.96,1731.03,1742,528.75500919
1774785600000,1741.71,1743.29,1724.12,1732.22,1240.82316625
1774800000000,1732.65,1741.53,1727.85,1734.28,627.89980995
1774814400000,1734.44,1746.2,1687.76,1727.37,2921.97378863
1774828800000,1727.28,1773.91,1723.2,1767.12,1965.21445987
1774843200000,1767.54,1797.68,1767.38,1790.8,1275.89625033
1774857600000,1790.4,1810.17,1782.02,1803.05,1694.89786202
1774872000000,1803.61,1814.61,1782.37,1810.44,3078.94167105
1774886400000,1810.92,1811,1756.48,1765.21,2133.0568101
1774900800000,1765,1786.84,1756.69,1766.59,972.57034482
1774915200000,1767.7,1820,1760.43,1800.32,1224.59584514
1774929600000,1800.51,1805.37,1780.54,1790.35,715.50184043
1774944000000,1791.24,1794.54,1754.19,1775.67,2524.91801592
1774958400000,1775.7,1813.58,1768.33,1783.53,4629.98693253
1774972800000,1783.25,1836.53,1782.99,1812.87,7007.97240682
1774987200000,1813.32,1825,1806.11,1817.91,1274.76747655
1775001600000,1817.85,1828.81,1799.25,1817.5,909.81489075
1775016000000,1818.08,1862,1815.8,1839.73,2306.57719674
1775030400000,1839.89,1846.87,1833.88,1839.99,1316.44648915
1775044800000,1839.38,1851.4,1816.2,1838.83,3093.35369731
1775059200000,1838.52,1865.57,1830.91,1848.89,1639.18569982
1775073600000,1849.04,1868.87,1839.63,1846.62,1195.7606854
1775088000000,1846.08,1862,1772.47,1782.06,3339.30100344
1775102400000,1781.52,1784.22,1767.21,1783.3,1450.22022356
1775116800000,1782.5,1782.5,1759.04,1766.51,1340.82864114
1775131200000,1765.6,1798,1750.6,1784.45,3655.44039697
1775145600000,1783.58,1799.35,1771.75,1791.12,1523.36616599
1775160000000,1790.66,1798.07,1780.2,1783.06,750.73347187
1775174400000,1783.33,1787.31,1768.86,1781.11,397.81962798
1775188800000,1781.42,1798,1776.18,1790.11,682.42455585
1775203200000,1790.37,1795.76,1779.27,1787.61,396.59533139
1775217600000,1788.59,1804.59,1770.84,1780.88,1847.16334128
1775232000000,1779.96,1785.09,1774.42,1782.72,332.12430811
1775246400000,1782.81,1789.29,1779.3,1783.03,549.75860397
1775260800000,1782.48,1783.37,1778.57,1780.47,74.20050407
1775275200000,1779.91,1786.92,1778.76,1783.3,177.39381893
1775289600000,1783,1784.87,1778.38,1781.74,199.55558319
1775304000000,1782.06,1790.28,1775.34,1785.35,541.65369278
1775318400000,1785.28,1809.59,1782.54,1792.68,587.11831389
1775332800000,1792.34,1799.4,1788.45,1793.84,297.38257256
1775347200000,1793.4,1793.83,1784,1785.97,117.76289806
1775361600000,1785.65,1787.2,1761.31,1769.24,420.62059697
1775376000000,1769.14,1782.68,1768.36,1773.53,306.44239151
1775390400000,1773,1797.03,1756.63,1783.38,1154.34085945
1775404800000,1783.55,1797.55,1778.95,1790.51,528.63114143
1775419200000,1790.98,1843.89,1780.76,1832.49,1861.31947401
1775433600000,1832.52,1862,1832.52,1846.86,1781.35766799
1775448000000,1850.03,1855,1839.21,1845.35,1113.89666506
1775462400000,1845.57,1881.22,1844.97,1863.07,2068.45689734
1775476800000,1863.24,1879.64,1849,1875.17,2007.55350013
1775491200000,1875.13,1878.03,1840.07,1857.19,1643.51584276
1775505600000,1857.94,1868.26,1809.5,1826.11,1588.89226864
1775520000000,1824.72,1837.25,1816.35,1827.73,1076.1739717
1775534400000,1827.36,1836.62,1817.63,1822.83,647.29068436
1775548800000,1822.86,1843.81,1803.31,1808.29,2101.06593644
1775563200000,1808.04,1811,1782.41,1797.61,3387.25889455
1775577600000,1797.34,1826.22,1795.15,1823.48,2226.27967447
1775592000000,1822.95,1946.1,1820.56,1916.93,7957.66677965
1775606400000,1917.79,1925.71,1909.31,1914.31,1586.45024909
1775620800000,1914.6,1933,1913.03,1927.53,2611.51247965
1775635200000,1927.94,1937.4,1913.53,1920.96,1158.08794958
1775649600000,1921.77,1938.2,1870.56,1896.52,3071.8256763
1775664000000,1895.57,1919.2,1886.54,1896.12,1616.83380113
1775678400000,1895.69,1906.12,1870.13,1879.41,644.6244469
1775692800000,1878.57,1882.8,1855.17,1872.13,451.04615569
1775707200000,1871.01,1877.79,1866.41,1870.72,564.43579194
1775721600000,1870.89,1882.44,1865.4,1866.2,619.66939798
1775736000000,1866.25,1902,1846.3,1895.83,1567.71505736
1775750400000,1895.92,1905.69,1873.86,1895.36,3295.42512647
1775764800000,1896.95,1920.77,1868.17,1874.2,966.72164732
1775779200000,1873.26,1886.1,1862.31,1869.85,498.92146124
1775793600000,1870.22,1884.99,1863.77,1866.42,1321.1773101
1775808000000,1866.62,1899.42,1864.98,1892.8,1100.97431901
1775822400000,1892.58,1924.36,1884.45,1897.46,5331.15807974
1775836800000,1899.09,1924.18,1896.33,1922.3,1914.74931253
1775851200000,1922.04,1926.01,1907.84,1915.95,755.50791505
1775865600000,1915.41,1921.71,1907.69,1909.4,214.87578253
1775880000000,1908.21,1914.21,1902.14,1905.7,285.10238097
1775894400000,1905.72,1920.23,1905.56,1918,537.75769038
1775908800000,1918.07,1927,1907.74,1921.25,572.47752248
1775923200000,1921.09,1989,1918.59,1975.81,2382.70228517
1775937600000,1977.8,1978.04,1944.1,1950.8,1178.82710171
1775952000000,1950.25,1953.98,1885.28,1890.12,1850.77950982
1775966400000,1890.63,1896.86,1886.44,1896,763.72627836
1775980800000,1895.27,1896.23,1875,1883.51,821.27101651
1775995200000,1883.4,1885.69,1858.69,1868.1,1230.88896118
1776009600000,1866.73,1887.42,1866.01,1881.27,821.60601539
1776024000000,1881.26,1900.37,1872.31,1878.4,1638.15539004
1776038400000,1875.04,1890.64,1874.9,1878.24,436.12791974
1776052800000,1878.27,1885.85,1867.79,1870.08,430.51800187
1776067200000,1869.39,1877,1865.4,1873.11,426.37177873
1776081600000,1871.65,1910.79,1861.8,1888.2,1434.26997795
1776096000000,1887.62,1929.95,1880.09,1924.68,1679.03319756
1776110400000,1924.35,2035.55,1911.73,2013.44,3900.69374707
1776124800000,2016.91,2022.6,2001.59,2011.02,901.75870168
1776139200000,2010.61,2027.11,2002.23,2018.2,2169.75808754
1776153600000,2018.96,2034.3,2006.89,2012.88,2029.82745663
1776168000000,2012.28,2047.98,1977.62,2006.07,3733.17535588
1776182400000,2007.06,2011.8,1954.5,1963.04,2092.32863747
1776196800000,1963.24,1978.85,1958.75,1969.73,738.69815883
1776211200000,1969.03,1987.8,1968.66,1976.74,606.85285101
1776225600000,1977.28,1984.04,1960,1966.32,839.57053391
1776240000000,1966.38,1987.85,1964.67,1984.78,1044.22126202
1776254400000,1985.39,1992.06,1967.88,1977.2,1428.29150356
1776268800000,1977.07,2021.81,1975.35,2013,1405.06261253
1776283200000,2013.81,2017.5,1990.85,1999.46,1109.00709388
1776297600000,1999.37,2005.94,1986.97,1996.95,338.05001992
1776312000000,1996.04,2002.24,1981.85,1986.8,692.34072255
1776326400000,1985.49,1993.91,1977.71,1983.01,759.94819607
1776340800000,1983.82,1996.42,1941.2,1986.5,3140.2618272
1776355200000,1986.37,2005,1962.68,2003.86,1692.93015983
1776369600000,2004.18,2006.84,1983.67,1993.78,811.7034126
1776384000000,1993.84,1995.53,1973.8,1974.5,444.02584478
1776398400000,1973.49,1988.73,1967.37,1981.34,495.26674017
1776412800000,1982.1,2016,1980.81,1997.84,1438.69407359
1776427200000,1998.85,2079.32,1992.57,2070.66,7469.29802908
1776441600000,2070.94,2090.24,2049.35,2063.95,2610.70764851
1776456000000,2064.09,2076.99,2054.55,2057.37,972.47093121
1776470400000,2056.7,2063.52,2041.09,2045,479.49375943
1776484800000,2044.99,2053.33,2041,2044.68,532.95103178
1776499200000,2043.84,2045,1992.1,1999.66,2921.04978498
1776513600000,1999.73,2014.44,1994.22,2009.57,769.51214872
1776528000000,2009.56,2020.2,1989.25,1999.17,1300.50371798
1776542400000,1997.68,2007.74,1994.4,1999.36,495.26934168
1776556800000,1999.6,2003.36,1984.43,1989.53,289.7716038
1776571200000,1991.12,1995.09,1955.72,1972.04,1723.45583954
1776585600000,1970.68,1985.22,1964.49,1983.2,829.60011431
1776600000000,1983.65,2001.31,1972.1,1983.54,1210.4412807
1776614400000,1983.87,1985.36,1949.72,1961.48,2032.91909752
1776628800000,1960.78,1961.05,1921.74,1929.52,1692.79170021
1776643200000,1929.7,1953.19,1927.5,1945.84,795.68732694
1776657600000,1945.61,1982.88,1927.9,1956.08,1134.66347127
1776672000000,1956.63,1973.32,1948,1962.26,841.46515438
1776686400000,1962.7,1978.15,1937.7,1965.42,1859.58061726
1776700800000,1963.99,1990.98,1951.12,1979.77,1488.01844538
1776715200000,1979.41,1992.5,1959.18,1964.62,1198.22307871
1776729600000,1964.73,1975.57,1953.63,1963.79,352.029403
1776744000000,1964.11,1977.62,1958.11,1972.02,676.4480014
1776758400000,1970.81,1991.9,1968.94,1972.96,1061.18806419
1776772800000,1972.8,1977.96,1948.98,1966.8,1510.16873249
1776787200000,1967.15,1984.39,1949.27,1960.77,2762.19233593
1776801600000,1960.49,1984.77,1958.95,1982.32,1956.71530168
1776816000000,1982.6,2026.74,1970.9,2014.42,1617.79850413
1776830400000,2013.83,2052.76,2009.54,2032.92,3794.4036654
1776844800000,2033.6,2045.4,2028.8,2044.73,687.74024971
1776859200000,2044.63,2066,2040.22,2051.79,2342.60221921
1776873600000,2052.79,2061.03,2035.18,2048.01,1401.4610942
1776888000000,2049.01,2055.5,2027.86,2029.25,901.22813087
1776902400000,2029.76,2034.27,1993.69,2003.26,1784.62831188
1776916800000,2001.67,2016.52,1998.92,2004.01,1042.98903435
1776931200000,2003.99,2004.59,1973.04,1993.57,2029.51916364
1776945600000,1993.3,2003.43,1980.58,1993.89,1457.67647638
1776960000000,1994.2,1995.91,1959.59,1979.36,2115.68389253
1776974400000,1980.79,2002.2,1980.79,1995.31,859.40797091
1776988800000,1995.96,2000,1971.5,1977.32,517.66417379
1777003200000,1976.93,1984.28,1970.05,1976.93,680.07982347
1777017600000,1978.56,1991.81,1972.1,1988.62,1079.33036745
1777032000000,1988.96,1992.8,1967.9,1984.1,2065.97337291
1777046400000,1984.14,1984.94,1971.78,1981.9,613.3155008
1777060800000,1981.28,1987.21,1970,1976.21,569.60575813
1777075200000,1975.65,1981.61,1972.99,1979.18,266.34290823
1777089600000,1979.22,1979.88,1974.6,1977.93,315.01389742
1777104000000,1977.32,1983.46,1973.42,1975.65,442.30919566
1777118400000,1975.75,1980.26,1967.3,1971.64,610.02349262
1777132800000,1971.13,1976.43,1965.54,1972.88,490.20155945
1777147200000,1972.49,1981.84,1971.74,1980.88,451.03729742
1777161600000,1980.79,1980.97,1974.86,1979.55,190.15148368
1777176000000,1980.36,1995,1979.33,1991.31,451.01368287
1777190400000,1991.21,1996.05,1989.46,1995.07,346.7022586
1777204800000,1994.8,2007.5,1985.21,2004.45,497.25437576
1777219200000,2004.99,2028.85,1998.35,2022.77,1080.73064669
1777233600000,2022.95,2033.01,2006.04,2024.6,1675.27284231
1777248000000,2025.33,2051.97,2016.05,2042.28,954.40875979
1777262400000,2042.99,2043.09,1972.9,1973.13,2027.18403644
1777276800000,1972.9,1980.1,1967.32,1977.59,662.19370278
1777291200000,1977.1,1983.58,1932.29,1939.71,1542.15099826
1777305600000,1939.63,1955.26,1935.67,1953.35,1072.85928268
1777320000000,1953.43,1969.77,1949.95,1965.78,407.63368494
1777334400000,1965.62,1971.95,1947.79,1956.01,181.86621561
1777348800000,1955.72,1960.56,1940,1955.74,605.89667094
1777363200000,1955.5,1957.93,1943.09,1947.44,404.73535594
1777377600000,1947.44,1953.87,1931,1945.25,1184.88001968
1777392000000,1946.14,1969.15,1942.7,1965.75,662.79472821
1777406400000,1965.93,1968.91,1949.67,1954.2,288.6768401
1777420800000,1953.24,1979,1946.12,1974.78,593.07711117
1777435200000,1975.53,2000.79,1972.64,1985,1018.40441857
1777449600000,1985.29,2005,1984.07,1992.52,740.99033073
1777464000000,1992.99,1992.99,1936.02,1943.7,1076.9373773
1777478400000,1943.09,1953.95,1902.19,1912.74,3055.5484118
1777492800000,1912.74,1940,1910.6,1929.52,871.69393603
1777507200000,1928.34,1950.83,1916.5,1931.31,422.63053617
1777521600000,1931.34,1937.45,1913.7,1934.48,608.67389152
1777536000000,1933.45,1942.3,1922.12,1928.87,644.98426822
1777550400000,1928.87,1943.37,1919.79,1931.78,783.6881917
1777564800000,1931.43,1932.11,1920.52,1927.67,596.01886409
1777579200000,1927.72,1931.74,1920.21,1924.39,221.09076365
1777593600000,1924.63,1955.89,1924.63,1946.33,286.43867688
1777608000000,1946.09,1950.72,1936.1,1942.87,326.58789047
1777622400000,1942.81,1950.75,1939.55,1946.01,296.5963646
1777636800000,1945.9,1976.6,1943.72,1963.47,1962.85558369
1777651200000,1963.09,1971.77,1956.68,1966.72,491.51094291
1777665600000,1966.35,1966.79,1944.8,1959.22,643.12795168
1777680000000,1958.51,1969.57,1956.04,1966.5,296.26915919
1777694400000,1966.48,1967.82,1959.89,1963.2,215.24081664
1777708800000,1963.35,1968.56,1962,1964.28,179.02661703
1777723200000,1964.19,1972.57,1963.5,1969.95,236.04152369
1777737600000,1969.74,1973.33,1965.52,1971.9,117.48314928
1777752000000,1972.1,1998,1970.54,1976.21,556.42094868
1777766400000,1976.17,1976.57,1961.18,1963.39,269.28640963
1777780800000,1962.88,1973.72,1959.71,1970.31,161.35680928
1777795200000,1970.69,1985.29,1968.79,1978.69,304.96913215
1777809600000,1978.78,1990.36,1978.78,1986.04,262.19657128
1777824000000,1986.07,1992.19,1980.97,1989.45,451.52960859
1777838400000,1989.05,2007.56,1971.32,1979.9,1252.84807987
1777852800000,1979,2038.01,1968.75,2030.79,2505.98583513
1777867200000,2030.99,2043.44,2005.49,2015,2436.99003286
1777881600000,2014.99,2022.23,1977.98,1999.14,1583.70007886
1777896000000,1998.23,2034.27,1987.19,2008.79,1518.05564545
1777910400000,2008.8,2034.5,1998.23,2014.58,1421.84822192
1777924800000,2014.14,2023,2005.21,2007.15,444.95726958
1777939200000,2007.63,2044,2005.48,2038.48,592.3175355
1777953600000,2038.56,2045.45,2026.45,2036.8,1065.22113608
1777968000000,2036.27,2039.66,2025.1,2035.98,687.0571736
1777982400000,2035.69,2050.98,2025.55,2034.73,1169.82517778
1777996800000,2034.73,2036.49,2017.57,2028.48,719.52057376
1778011200000,2027.99,2042.5,2009.88,2015.36,1032.32343986
1778025600000,2014.58,2031.35,2009.2,2028.82,271.91923021
1778040000000,2028.36,2030.14,2007.32,2021.1,672.66753166
1778054400000,2021.26,2057.41,2019.31,2048.17,2221.91331046
1778068800000,2048.25,2053.58,1997.11,2007.39,2282.7131765
1778083200000,2006.72,2014.4,1990.15,1999.63,1034.03514359
1778097600000,1999.86,2006.68,1990.36,2001.3,795.9152193
1778112000000,2001.08,2001.98,1968.6,1976.77,784.42372834
1778126400000,1976,1995.36,1972.9,1993.7,1096.290421
1778140800000,1993.13,1994.79,1968.29,1980.61,674.69671489
1778155200000,1979.82,1985.56,1942.57,1950.71,2196.079368
1778169600000,1950.2,1961.35,1940.14,1955.21,1158.48372059
1778184000000,1956.71,1960.87,1945.1,1952.79,811.90649387
1778198400000,1953.38,1955.76,1932,1943.37,455.72961134
1778212800000,1942.95,1947.66,1930.88,1942.65,698.98720206
1778227200000,1942.67,1953.74,1938.15,1951.57,1050.06578326
1778241600000,1951.76,1957.03,1927,1947.94,1062.95076322
1778256000000,1948.47,1971.26,1942.54,1966.09,940.88530508
1778270400000,1966.71,1967.45,1955,1958.02,307.85170055
1778284800000,1958.05,1969.52,1956,1965.26,160.00297419
1778299200000,1965.06,1973.07,1961.19,1964.78,440.37577688
1778313600000,1964.78,1969.56,1961.06,1965.75,320.1917292
1778328000000,1965.21,1967.62,1952.41,1967.29,389.21507829
1778342400000,1967.26,1984.64,1965.3,1979.8,638.74350564
1778356800000,1979.92,1980.99,1973.61,1975.22,179.51843768
1778371200000,1974.84,1980.5,1968.06,1976.45,137.48646313
1778385600000,1976.62,1979.59,1974.69,1975.7,163.88844491
1778400000000,1975.45,1980.73,1968.84,1972.13,402.14865589
1778414400000,1972.03,1995.9,1970.22,1992.85,325.84779164
1778428800000,1993.54,2009.17,1986.29,2006.83,1063.04946782
1778443200000,2007.37,2025,1964,2014.94,2329.33529173
1778457600000,2014.97,2017.5,1973.67,1981.98,696.71784068
1778472000000,1980.96,1991.9,1977.89,1979.74,419.50109968
1778486400000,1979.33,1988.03,1975,1984.42,385.76683921
1778500800000,1984.54,1986.07,1954.9,1980.33,1009.21449169
1778515200000,1980.27,1990,1973.19,1986.77,814.2523547
1778529600000,1987.3,1991,1981.66,1986.3,402.04204918
1778544000000,1985.97,1986.72,1951.3,1963.66,402.50971324
1778558400000,1963.18,1967.98,1950.5,1953.93,527.75222273
1778572800000,1952.83,1954.13,1940.8,1946.69,683.96997509
1778587200000,1946.79,1953.12,1924.26,1927.19,1166.99950719
1778601600000,1927.41,1947.56,1923.5,1946.22,622.50762865
1778616000000,1946.22,1952,1937.44,1938.73,223.52543326
1778630400000,1938.45,1962.74,1937.25,1961,298.23246714
1778644800000,1962.44,1967.75,1956.47,1964.99,354.19663934
1778659200000,1965,1985.69,1962.46,1965.47,735.86899996
1778673600000,1964.9,1969.61,1907.31,1909.15,2173.3148557
1778688000000,1909.08,1937.13,1908.47,1926.73,1200.3108252
1778702400000,1926.78,1932.94,1921.03,1927.5,283.33744017
1778716800000,1927.08,1936.67,1911,1913.42,298.68283609
1778731200000,1914.27,1943.68,1912.22,1934.56,517.38468941
1778745600000,1934.85,1938.86,1924.77,1926.73,647.34097164
1778760000000,1925.5,1969.08,1920.81,1968.44,1763.09816622
1778774400000,1968.62,1985.59,1964.7,1968.78,1641.60078562
1778788800000,1969.15,1971.55,1955.1,1956.62,553.38144391
1778803200000,1957.49,1972.62,1939.86,1951.04,493.24264767
1778817600000,1949.73,1950.77,1921.78,1946.48,1030.75078003
1778832000000,1946.48,1946.5,1934.25,1940.77,577.47710942
1778846400000,1940.36,1943.83,1896.96,1912.13,2323.3098177
1778860800000,1911.93,1920.43,1908.46,1912.93,529.67931241
1778875200000,1912.74,1915,1905.77,1913.3,681.56274955
1778889600000,1913.52,1919.08,1912.63,1916.74,86.94876258
1778904000000,1917.06,1917.39,1877.82,1889.31,885.32889685
1778918400000,1888.93,1890.57,1861.4,1873.35,1148.73408371
1778932800000,1873.29,1884.07,1870.33,1876.59,513.25388834
1778947200000,1876.28,1880.59,1869.02,1876,562.63478205
1778961600000,1876.13,1879.77,1875.97,1877.28,313.6478023
1778976000000,1877.9,1881.4,1866.1,1877.24,208.53777644
1778990400000,1877.75,1888.56,1877.44,1882.07,185.99363857
1779004800000,1882.58,1892.34,1878.97,1886.7,527.59813938
1779019200000,1886.7,1891.96,1874.91,1881.48,559.76688772
1779033600000,1881.34,1887.51,1872.89,1886.4,538.68261059
1779048000000,1886.31,1888.18,1800,1834.99,2024.56317505
1779062400000,1834.46,1835.23,1812.23,1822.62,744.87776278
1779076800000,1823.43,1828.82,1814,1822.75,743.13744824
1779091200000,1822.49,1836.62,1814.08,1832.3,749.28555735
1779105600000,1832.66,1850.76,1797.85,1808.1,2199.82748836
1779120000000,1808.3,1824.97,1783.7,1822.29,2193.34261089
1779134400000,1822.91,1836.85,1813.24,1826.39,934.10141817
1779148800000,1826.68,1841.33,1819.22,1829.61,198.54605621
1779163200000,1829.07,1842.22,1823.96,1838.99,536.91798943
1779177600000,1839.03,1840,1812.54,1816.55,900.9280096
1779192000000,1816.02,1830.97,1804.76,1815.88,956.82552762
1779206400000,1817.61,1828.83,1815.52,1819.28,448.32977769
1779220800000,1819.41,1826.01,1810.28,1818.24,259.8479021
1779235200000,1817.66,1824.5,1811.32,1818.33,159.09395947
1779249600000,1819.23,1840.25,1815.27,1835.16,693.53702671
1779264000000,1835.35,1843.25,1830.34,1833.51,565.20983627
1779278400000,1833.1,1845,1823.41,1837.88,1316.10229819
1779292800000,1837.78,1847.02,1826.15,1838.96,689.16815927
1779307200000,1837.87,1839.57,1820.61,1830.38,288.36604045
1779321600000,1830.3,1853.53,1829.91,1845.81,298.38987358
1779336000000,1845.22,1847.56,1828.88,1838.2,345.13015402
1779350400000,1838.43,1846.57,1816.26,1822.14,885.81217582
1779364800000,1822.97,1843.61,1816.49,1839.05,933.01880385
1779379200000,1840.02,1850.15,1826.42,1842.41,741.49551155
1779393600000,1842.66,1843.49,1829.75,1835.44,213.05119055
1779408000000,1835.43,1841.98,1829.2,1839.66,200.02748383
1779422400000,1840.89,1842,1827.35,1832.12,309.3123157
1779436800000,1832.18,1835.56,1825.32,1835.39,806.21855652
1779451200000,1835.99,1841.01,1819.8,1825.49,997.45392104
1779465600000,1825.06,1832.34,1771.55,1778.1,1924.53318873
1779480000000,1778.54,1791.33,1772.6,1779.73,1018.50445828
1779494400000,1779.96,1784.57,1768.1,1783.56,600.11386633
1779508800000,1783.68,1784.14,1731.92,1747.17,1746.07080837
1779523200000,1747.13,1753.94,1741.35,1750.8,1126.29549399
1779537600000,1750.44,1782.56,1746.95,1775.46,1188.72938981
1779552000000,1775.64,1794.21,1772.83,1789.56,827.46368411
1779566400000,1789.98,1851.1,1787.29,1823.43,3111.39190952
1779580800000,1823.54,1830.73,1818.99,1823.78,370.32724418
1779595200000,1823.92,1833.06,1819.76,1825.8,289.37732888
1779609600000,1826.23,1835.22,1823.82,1830.08,890.03947522
1779624000000,1830.42,1830.42,1789.54,1802.98,1261.76272377
1779638400000,1802.99,1813.05,1801.84,1805.1,707.08937844
1779652800000,1805.23,1807.61,1771.11,1802.01,1802.36863669
1779667200000,1802.53,1813.59,1796.44,1799.14,508.92847652
1779681600000,1798.91,1817.39,1796.64,1816.23,663.39795271
1779696000000,1816.24,1823.33,1812.34,1814.63,512.40764287
1779710400000,1815,1834.38,1813,1826.24,994.88001843
1779724800000,1825.68,1838.32,1816.46,1820.86,816.31483156
1779739200000,1820.38,1822,1804.87,1814.6,650.05769019
1779753600000,1814.71,1815.18,1790.47,1797.49,389.42700832
1779768000000,1797.56,1807.05,1793.93,1798.96,683.05510263
1779782400000,1798.93,1834.89,1797.12,1821.1,1046.98360201
1779796800000,1821.16,1839.51,1786.58,1794.98,1533.26801948
1779811200000,1794.5,1796.41,1766.07,1780.81,1132.27397737
1779825600000,1780.96,1785.43,1773.57,1779.95,405.73274061
1779840000000,1779.83,1788.46,1775.54,1776.6,257.68866796
1779854400000,1776.27,1787.82,1764.69,1787.81,547.42604577
1779868800000,1787.47,1798.21,1782.78,1784.8,760.29027493
1779883200000,1785.43,1796.3,1759.35,1778.72,1905.6669164
1779897600000,1778.14,1780.82,1755.37,1766.35,933.9326168
1779912000000,1766.38,1773.51,1731.5,1740.42,1657.36259924
1779926400000,1739.93,1743.62,1697.21,1707.28,1132.31609676
1779940800000,1707.67,1716.91,1695.96,1715.76,2351.10676914
1779955200000,1716.32,1718.58,1706.32,1710.21,936.96737149
1779969600000,1710.22,1715.75,1689.6,1706.62,2198.97315993
1779984000000,1706.44,1740.56,1701.85,1726.93,1499.92372918
1779998400000,1727.92,1735.54,1719.35,1722.9,706.56543326
1780012800000,1723.12,1729.31,1712.79,1718.99,381.51966548
1780027200000,1719.5,1733.49,1715.23,1722.2,607.77323134
1780041600000,1722.49,1730.42,1717.8,1721.77,695.20145012
1780056000000,1721.51,1749.29,1695.54,1736.54,2786.09959892
1780070400000,1737.9,1749.33,1716.25,1727.47,1337.34786575
1780084800000,1727.97,1733.84,1719.22,1726.16,674.10836629
1780099200000,1726.67,1733.61,1722.5,1727.78,324.51506286
1780113600000,1728.4,1731.05,1715.83,1727.48,619.18295168
1780128000000,1727.2,1732.26,1725.53,1728.46,351.46252236
1780142400000,1728.46,1740.55,1728.08,1735.51,493.77257154
1780156800000,1735.99,1739.1,1729.81,1737.42,275.5327732
1780171200000,1738.2,1740.37,1730.67,1732.42,326.64444697
1780185600000,1732.85,1745.88,1731.09,1742.07,262.839587
1780200000000,1741.48,1743.22,1732.74,1734.1,228.15168285
1780214400000,1734.46,1738.27,1726.68,1733.43,499.63361956
1780228800000,1732.95,1736,1718.61,1722.67,752.19966132
1780243200000,1722.41,1724.19,1708.73,1713.58,713.37588799
1780257600000,1713.18,1733.72,1713.18,1720.41,571.97567437
1780272000000,1720.84,1733.06,1708.15,1723.32,1449.06208926
1780286400000,1723.31,1725.66,1690.79,1693.83,1032.23659462
1780300800000,1694.17,1706.47,1689.33,1699.23,941.61217896
1780315200000,1701.12,1710,1682.5,1691.01,3351.82443735
1780329600000,1690.88,1725,1683.6,1721.49,1963.22255548
1780344000000,1721.58,1725,1703.79,1722.7,789.16850921
1780358400000,1722.38,1722.42,1685.37,1720.39,682.93405809
1780372800000,1720.03,1721.43,1692.61,1699.38,855.29332412
1780387200000,1699.49,1705.39,1687,1696.86,1154.72754002
1780401600000,1696.31,1699.61,1622.52,1642.99,4314.71799305
1780416000000,1642.36,1668.15,1615.95,1642.31,3365.73881927
1780430400000,1642.4,1647.45,1581,1598.73,4068.31220101
1780444800000,1599.04,1610.7,1561.05,1570.08,1902.41469181
1780459200000,1571.2,1620.87,1571.2,1615.57,2402.26427466
1780473600000,1615.55,1627.53,1608.58,1615.44,1537.72252302
1780488000000,1614.94,1618.64,1580.95,1581.41,1925.33995373
1780502400000,1581.8,1587.18,1547.03,1554.1,3059.44304304
1780516800000,1553.27,1595.29,1524,1560.66,5275.05852078
1780531200000,1560.29,1566.7,1481.99,1557.98,6364.57223466
1780545600000,1557.8,1565.09,1527.26,1530.91,2951.32668881
1780560000000,1531.59,1535.25,1486.98,1503.65,6061.13747059
1780574400000,1503.82,1541.6,1497.76,1527.2,4844.28470046
1780588800000,1527.12,1537.53,1508.16,1529.02,3072.97340865
1780603200000,1528.83,1534.23,1508.62,1523.82,2133.96814479
1780617600000,1523.16,1526.87,1482.16,1487.85,1656.32644152
1780632000000,1488.62,1503.35,1400,1443.23,8665.68299481
1780646400000,1443.43,1451.1,1426.03,1427.75,3209.50065635
1780660800000,1427.49,1447.52,1362.38,1373.08,11064.72698115
1780675200000,1372.62,1430,1337.5,1365.32,12216.58081125
1780689600000,1365.89,1406.55,1351.76,1375.21,6578.8146634
1780704000000,1376.69,1390.49,1351.12,1358.27,2097.70910243
1780718400000,1357.49,1374.29,1308.82,1369.27,8302.65222624
1780732800000,1369.62,1383.71,1335.76,1355.37,4538.84882271
1780747200000,1355.38,1369.81,1343.3,1357.47,3451.4924602
1780761600000,1355.69,1361.83,1345.98,1352.11,3016.83091606
1780776000000,1351.5,1364.9,1348.64,1364.57,1204.10629564
1780790400000,1364.41,1391.76,1359.94,1386.87,2743.6834791
1780804800000,1386.69,1411.63,1379.06,1406.07,3681.24861541
1780819200000,1405.36,1435.93,1400.43,1418.83,4192.9586425
1780833600000,1418.82,1427.21,1398.04,1418.87,3921.82026358
1780848000000,1418.93,1425.13,1394.61,1402.33,2876.05991962
1780862400000,1402.29,1494.78,1399.63,1467.29,4670.63446055
1780876800000,1466.85,1485.1,1451.9,1456.33,2131.78227032
1780891200000,1456.87,1457.64,1427.07,1452.45,2708.75508483
1780905600000,1452.14,1474.8,1440.53,1458.84,3120.7702613
1780920000000,1458.67,1478.16,1445.01,1465.07,3331.59412595
1780934400000,1465.25,1476.18,1453,1462.01,2762.25772886
1780948800000,1462.04,1486.99,1456.65,1466.59,2191.86408467
1780963200000,1466.11,1471.69,1434.73,1447.67,1574.57122555
1780977600000,1447.11,1468.83,1442.68,1455.97,2523.38097368
1780992000000,1455.95,1456.37,1440,1445.14,2367.18985607
1781006400000,1444.26,1454.31,1413.02,1416.53,3933.30410339
1781020800000,1415.77,1436.42,1399.25,1435.43,3724.63944742
1781035200000,1435.2,1440.82,1413.12,1420.89,1043.68268479
1781049600000,1421.14,1426.24,1404.81,1411.51,937.72136729
1781064000000,1411.52,1422.22,1399.59,1419.39,1438.52419844
1781078400000,1419.4,1420.06,1389.78,1403.47,2992.8541539
1781092800000,1402.73,1441.02,1400.18,1434.79,5422.52414608
1781107200000,1435.1,1435.36,1404.42,1411.56,2401.40863881
1781121600000,1411.56,1417,1389.8,1405.07,2085.84755551
1781136000000,1405.65,1438.31,1405.16,1432.31,1446.63663966
1781150400000,1431.34,1439.19,1424.92,1432.2,1428.94382061
1781164800000,1432.17,1449.27,1432.17,1443.94,1526.23586307
1781179200000,1443.93,1443.93,1419.44,1427.77,2798.42366249
1781193600000,1428.04,1464.59,1418.28,1451.53,4212.8995789
1781208000000,1451.34,1452.89,1439.17,1444.63,1082.60821859
1781222400000,1444.17,1449.53,1435.3,1444.69,464.41694733
1781236800000,1444.52,1451.82,1427.39,1435.79,897.15639496
1781251200000,1436.07,1453.8,1435.58,1445.6,895.00775055
1781265600000,1444.2,1460.42,1428.44,1434.38,2245.01933147
1781280000000,1434.12,1449.24,1432.01,1439.61,1315.68740357
1781294400000,1439.51,1441.72,1434.75,1440.66,392.3063956
1781308800000,1440.62,1448.47,1437.43,1439.49,491.62011024
1781323200000,1439.48,1450.37,1437.01,1449.5,611.00853536
1781337600000,1449.39,1451.98,1446.12,1450.93,654.04220509
1781352000000,1450.88,1458.16,1449.91,1454.39,612.42291721
1781366400000,1454.52,1455.05,1445.06,1451.74,1230.88132849
1781380800000,1451.52,1468.21,1448.86,1453.57,961.351899
1781395200000,1453.59,1462.01,1452.02,1454.65,359.15726499
1781409600000,1454.74,1455.14,1447.81,1449.58,359.60257292
1781424000000,1449.58,1452.41,1443.89,1447.82,397.49314756
1781438400000,1448.52,1448.78,1431.74,1438.82,710.4785633
1781452800000,1438.7,1443.36,1435.2,1440.53,890.8340504
1781467200000,1440.69,1493.29,1437.97,1487.2,3706.75955286
1781481600000,1487.87,1492.43,1474.58,1482.56,773.58716641
1781496000000,1482.85,1484.95,1477.32,1478.49,965.8233346
1781510400000,1478.6,1523.86,1475,1519.66,2729.224539
1781524800000,1520,1594,1516.79,1589.96,5479.17736123
1781539200000,1590.06,1591.58,1562.49,1570.98,2406.24718759
1781553600000,1570.9,1575.51,1538.14,1549,1881.7606933
1781568000000,1548.25,1553.84,1522.64,1535.29,925.42627662
1781582400000,1535.32,1538.65,1518.8,1529.94,1254.53976666
1781596800000,1529.94,1557.09,1529.35,1550.52,2291.67787775
1781611200000,1550.81,1585.61,1520.65,1534.35,3530.96957135
1781625600000,1533.91,1556.19,1525.84,1545.1,1703.38863764
1781640000000,1544.53,1549.4,1540.47,1542.96,549.78676318
1781654400000,1544.26,1557.26,1531.45,1543.34,537.64289344
1781668800000,1543.81,1550.67,1531.28,1537.39,759.0484289
1781683200000,1536.32,1537.76,1515.77,1520.62,1777.11284037
1781697600000,1520.73,1531.92,1502.1,1529.14,2246.03491926
1781712000000,1529.26,1547.94,1504.4,1508.14,5774.12678907
1781726400000,1508.05,1521.02,1499.65,1519.93,1113.88110815
1781740800000,1520.51,1529.44,1510.17,1512.12,422.25533659
1781755200000,1512.62,1522.17,1493.85,1518.5,1352.12007537
1781769600000,1518.11,1527.62,1515.21,1520.03,1428.51995077
1781784000000,1520.36,1527.39,1463.04,1465.52,3373.37934702
1781798400000,1464.53,1488.89,1455.79,1487.23,2448.19550046
1781812800000,1487.49,1495.89,1482.48,1492.08,1007.37040866
1781827200000,1491.64,1498.94,1468.92,1482.57,1098.71212683
1781841600000,1481.89,1488.55,1474.21,1480.17,701.393729
1781856000000,1480.53,1482,1471.76,1475.47,814.51592519
1781870400000,1475.56,1493.61,1464,1488.56,1616.28216713
1781884800000,1488.15,1492.36,1475.71,1481.55,863.88954133
1781899200000,1481.51,1494.21,1480.14,1490.96,502.47965966
1781913600000,1490.95,1497.8,1485.18,1488.63,327.53233912
1781928000000,1487.73,1510.34,1487.31,1504.01,904.64798658
1781942400000,1504.37,1509.06,1500.45,1505.71,454.72539298
1781956800000,1505.36,1524,1488.51,1516.06,1189.36714908
1781971200000,1515.92,1515.92,1499.54,1506.2,640.4622904
1781985600000,1506.53,1521.33,1504.37,1517.04,339.03007645
1782000000000,1516.77,1517.37,1510.86,1514.12,121.30874613
1782014400000,1514.09,1517.03,1507.32,1508.81,268.99725778
1782028800000,1508.87,1512.93,1497.65,1502.71,553.77590523
1782043200000,1503.05,1509.08,1496.32,1507.76,574.49330503
1782057600000,1507.59,1515,1500.09,1511.24,432.73882965
1782072000000,1511.23,1512.25,1483.85,1487.85,1450.65252539
1782086400000,1488.22,1532.42,1488.22,1508.36,999.65569305
1782100800000,1509.18,1528.31,1506.61,1524.26,824.76517056
1782115200000,1524.7,1548,1520.91,1542.61,894.20704221
1782129600000,1542.97,1554.68,1523.36,1524.84,3084.28053011
1782144000000,1526,1527.69,1512.61,1517.72,1551.07391275
1782158400000,1517.09,1521.26,1501.25,1511.16,501.09009225
1782172800000,1510.67,1517.75,1504.41,1511.94,262.11949144
1782187200000,1512.24,1513.19,1469.8,1472.95,1422.30903935
1782201600000,1473.76,1474.56,1432.39,1457.01,2383.1077359
1782216000000,1457,1467.41,1442.76,1456.5,1965.1571416
1782230400000,1456.32,1468.58,1448.85,1459.56,1033.05595757
1782244800000,1460.11,1468.33,1457.67,1463.46,416.3354603
1782259200000,1463.2,1475.88,1457.16,1464.27,663.15766165
1782273600000,1464.82,1476.23,1457.81,1471.31,560.07777197
1782288000000,1472.15,1490.5,1458.81,1479.38,907.87044544
1782302400000,1478.34,1479.98,1422.93,1424.59,2917.98511157
1782316800000,1423.9,1439.23,1367.05,1394.58,5919.47292407
1782331200000,1394.08,1433,1390.34,1427.25,2116.08022474
1782345600000,1426.97,1430.63,1419.36,1422.87,371.34518078
1782360000000,1423.22,1460.55,1420.33,1457.5,1593.70794366
1782374400000,1457.61,1458.17,1433.58,1438.58,1334.13948024
1782388800000,1439.53,1452.12,1347.32,1377.46,8540.88217075
1782403200000,1378.47,1393.57,1366.21,1369.23,2317.88717745
1782417600000,1370.69,1390.53,1367.71,1378.14,1384.13738806
1782432000000,1378.86,1381.43,1330,1368.56,1896.71366271
1782446400000,1368.68,1391.46,1355.84,1387.35,1444.88827825
1782460800000,1387.47,1387.77,1350.83,1353.96,1932.29942432
1782475200000,1354.04,1390.43,1331.57,1383.48,4468.98251172
1782489600000,1384.41,1396.55,1377.36,1380.79,1971.69346226
1782504000000,1380.89,1388.25,1375.33,1384.62,1044.39818455
1782518400000,1384.66,1391.94,1378.43,1386.29,502.05822719
1782532800000,1386.4,1391.2,1381.92,1390.88,386.29070261
1782547200000,1390.72,1390.88,1384.6,1388.49,381.6047537
1782561600000,1388.51,1412.39,1386.37,1407.59,987.40193251
1782576000000,1407.55,1409.43,1380,1384.48,1593.45309599
1782590400000,1384.56,1390.15,1371.36,1380.7,1050.22723523
1782604800000,1380.85,1386.01,1377.52,1380.96,138.97966978
1782619200000,1382.41,1383.39,1371.01,1382.43,1057.69663728
1782633600000,1382.79,1391.46,1379.98,1388.25,630.82269635
1782648000000,1388.63,1393,1381.78,1386.4,669.47922284
1782662400000,1386.93,1386.93,1365.54,1372.45,1406.76496673
1782676800000,1373.39,1387.53,1358.58,1378.79,1998.43070427
1782691200000,1377.73,1393.77,1360,1389.96,929.94988754
1782705600000,1390.21,1392.25,1370.4,1384.08,763.75014628
1782720000000,1384,1389.51,1375.23,1378.54,1139.25275846
1782734400000,1378.95,1398.06,1363.47,1381.65,3037.63634141
1782748800000,1381.73,1430.59,1375.94,1420.7,3189.36282009
1782763200000,1420.74,1421.33,1405.67,1410.22,931.68725505
1782777600000,1410.39,1411.6,1389.54,1390.8,1101.02935452
1782792000000,1390.19,1397.52,1384.28,1394.8,785.92820395
1782806400000,1395.17,1397.02,1381.78,1383.71,1046.55334246
1782820800000,1382.89,1383.95,1358.8,1369.23,4130.92857804
1782835200000,1368.9,1383.35,1367.17,1381.66,839.97517444
1782849600000,1381.48,1383.52,1370,1376.03,524.48422101
1782864000000,1376.51,1400.51,1360.46,1396.91,951.48544446
1782878400000,1394.64,1403.86,1376.89,1382.76,913.31545956
1782892800000,1382.4,1389,1374.51,1377.31,1021.87296224
1782907200000,1377.83,1430.88,1374.5,1422.07,2992.05548676
1782921600000,1421.21,1429.56,1410.63,1420.3,1341.07104991
1782936000000,1420.66,1444.95,1412.26,1413.39,1584.96208733
1782950400000,1413.04,1441.31,1402.53,1439.33,788.09137745
1782964800000,1438.91,1438.91,1413.35,1414.56,1017.11985836
1782979200000,1414.9,1448.8,1414.2,1445.42,2731.76043876
1782993600000,1445.88,1504.1,1441.81,1481.75,5410.38691253
1783008000000,1482.83,1491.87,1473.48,1486.26,1052.65775531
1783022400000,1487.03,1492.26,1479.1,1486.87,1232.80239979
1783036800000,1487.42,1501.53,1482.03,1490.09,538.78012813
1783051200000,1491.03,1502.49,1486.24,1498.02,1039.65613212
1783065600000,1498.23,1526.47,1496.78,1520.94,1805.74623661
1783080000000,1520.27,1531.8,1509.84,1512.95,1711.81043848
1783094400000,1512.74,1530.82,1509.74,1524.71,1145.98988643
1783108800000,1524.71,1551.25,1523.3,1536.97,1673.66090209
1783123200000,1536.4,1541.15,1524.42,1532.51,407.1912044
1783137600000,1532.91,1542,1530.97,1536.76,334.53541376
1783152000000,1537.22,1542.99,1534.05,1536.74,558.71464588
1783166400000,1537.33,1573,1537.33,1566.11,1629.28234033
1783180800000,1564.98,1580.01,1555.98,1567.96,1213.32549738
1783195200000,1567.37,1570.02,1548.99,1556.68,983.21157459
1783209600000,1557.05,1557.05,1535.98,1539.57,728.89227034
1783224000000,1539.66,1549.37,1538.68,1547.5,416.60600842
1783238400000,1547.56,1550,1529.05,1538.77,833.2313568
1783252800000,1538.56,1557.69,1535.71,1551.62,694.72072045
1783267200000,1551.15,1561.74,1547.38,1556.92,734.18967688
1783281600000,1557.07,1580.11,1546.36,1560.28,1677.93324251
1783296000000,1560.15,1571.67,1549.53,1554.98,569.79976011
1783310400000,1555.15,1559.72,1543.51,1549.6,484.61264898
1783324800000,1550.06,1554.9,1536.2,1541.34,839.136682
1783339200000,1540.27,1565.05,1512.88,1564.71,3079.39629574
1783353600000,1565.2,1578,1560.03,1565.95,1835.27719589
1783368000000,1566.23,1601.78,1561.96,1570.81,2207.96074057
1783382400000,1573.14,1581.57,1546,1548.33,977.71479193
1783396800000,1549.36,1559.16,1536.33,1549.47,1003.17075943
1783411200000,1549.21,1560.55,1545.47,1556.65,961.81232106
1783425600000,1556.55,1577.7,1540.14,1572.62,2110.74453533
1783440000000,1572.05,1586,1553.7,1567.08,1602.00709027
1783454400000,1566.96,1569.98,1547.03,1552.73,858.66370492
1783468800000,1555.21,1563.06,1526,1533.68,967.50814743
1783483200000,1534.17,1540.09,1527.49,1537.07,809.14444696
1783497600000,1536.77,1538.23,1511.84,1532.67,2118.25093654
1783512000000,1532.9,1534.84,1502,1511.19,2032.4170271
1783526400000,1511.12,1527.52,1511.12,1522.98,1445.6034235
1783540800000,1523.23,1527,1515.83,1526.64,395.1489955
1783555200000,1526.45,1536.24,1506.31,1513.98,431.08124963
1783569600000,1515.02,1540.22,1514.07,1532.39,727.87328912
1783584000000,1532.38,1537.3,1522.82,1524.93,351.62513804
1783598400000,1524.79,1531.04,1515,1520.18,1423.98229022
1783612800000,1520.18,1538.19,1513.91,1529.32,764.92559264
1783627200000,1529.79,1531.08,1523.32,1526.45,374.89598271
1783641600000,1525.89,1553.37,1519.13,1550.13,1268.37768952
1783656000000,1551.33,1555,1545.19,1550.15,631.31062338
1783670400000,1550.04,1575.96,1549.61,1574.67,1634.43163706
1783684800000,1575.41,1585.68,1554.91,1564.44,2348.8406833
1783699200000,1565.25,1573.2,1559.85,1569.53,1202.32111466
1783713600000,1569.54,1574.42,1567,1573.26,466.00589961
1783728000000,1573.13,1575.43,1564.72,1573.43,239.19521881
1783742400000,1573.16,1578.66,1571.7,1575.66,656.67586023
1783756800000,1575.88,1578.79,1571.84,1576.85,324.12684249
1783771200000,1576.85,1600.06,1575.08,1589.24,2122.83437359
1783785600000,1588.63,1602.5,1586.35,1597.91,1138.48183778
1783800000000,1597.99,1601.92,1565.3,1567.04,1184.58456364
1783814400000,1565.21,1588.7,1559.14,1586.08,754.56983949
1783828800000,1586.45,1587.68,1568,1575.48,790.46548135
1783843200000,1575.43,1584.54,1573.72,1580.64,548.88137659
1783857600000,1579.79,1600,1579.05,1595.03,523.59070701
1783872000000,1594.82,1598.17,1589.74,1595.22,654.65894997
1783886400000,1595.34,1597.66,1577,1584.01,566.77271178
1783900800000,1583.82,1618.29,1557.27,1561.27,1782.42072166
1783915200000,1559.93,1569.06,1555.31,1563.91,1285.58623502
1783929600000,1563.96,1566.65,1553.44,1557.46,841.83718155
1783944000000,1557.72,1566.03,1542.81,1557.65,1683.76113608
1783958400000,1557.28,1560.39,1536,1558.17,1164.52534087
1783972800000,1558.02,1560.55,1538.51,1559.61,914.003706
1783987200000,1559.74,1574.31,1556.57,1563.81,1029.39689502
1784001600000,1564.23,1572.33,1560.27,1561.49,651.1993013
1784016000000,1561.49,1583.04,1559.82,1574.56,902.88176398
1784030400000,1575.42,1649.02,1571.97,1639.52,7816.29858111
1784044800000,1640.24,1646.46,1627.37,1642.66,1872.82457033
1784059200000,1642.81,1660.39,1638.74,1655.04,1597.58535156
1784073600000,1655.18,1656.12,1628.7,1639.81,415.07639932
1784088000000,1639.7,1652.5,1631.65,1635.97,714.18209831
1784102400000,1636.03,1651.14,1636.02,1650.93,1070.45449417
1784116800000,1650.16,1701.8,1645.88,1688.32,4807.54226936
1784131200000,1688.61,1689.01,1664.16,1677.19,1686.28362395
1784145600000,1677.82,1683.28,1669.4,1671.57,462.46203554
1784160000000,1672.01,1680.98,1663.33,1672.09,415.00296445
1784174400000,1672.25,1681.44,1657.69,1664.06,1007.26881714
1784188800000,1665.09,1666.82,1635.65,1643.21,1640.15054407
1784203200000,1643.05,1654.56,1629.4,1643.03,2130.29434924
1784217600000,1643.22,1645.45,1628.37,1638.92,1118.49943678
1784232000000,1638.13,1643.11,1622.39,1628.44,797.12700264
1784246400000,1628.54,1633.5,1610.98,1618.65,1349.15062013
1784260800000,1617.65,1618.52,1590.95,1596.36,1846.26506335
1784275200000,1596.3,1611.3,1590.74,1608.52,1296.39842946
1784289600000,1608.31,1608.78,1577.4,1599.63,1757.46046223
1784304000000,1599.8,1622.44,1596.41,1611.15,1297.59019602
1784318400000,1609.52,1614.11,1604.64,1609.78,396.45466466
1784332800000,1609.82,1613.54,1607.91,1613.17,194.30789662
1784347200000,1613.06,1616.23,1610.68,1612.05,329.50742234
1784361600000,1612.05,1616.5,1610.68,1613.02,371.70217245
1784376000000,1614.01,1617.58,1606.42,1611.83,338.10724352
1784390400000,1611.77,1633.2,1609.91,1624.57,1060.86215899
1784404800000,1625.03,1630.61,1622.44,1628.5,436.10537584
1784419200000,1628.65,1640.75,1624.75,1632.21,369.35996805
1784433600000,1632.47,1635.79,1629.84,1633.88,226.8665916
1784448000000,1634.74,1642.2,1628.97,1635.53,1560.95875575
1784462400000,1635.63,1641.9,1629.92,1635.28,653.17202328
1784476800000,1634.69,1637.37,1618.85,1627.47,1056.8028074
1784491200000,1628.01,1641.86,1624.66,1637.67,1240.1611714
1784505600000,1636.32,1654.11,1628.76,1641.55,617.89202144
1784520000000,1641.52,1641.52,1611,1627.55,645.05048252
1784534400000,1627.45,1657.89,1620,1655.16,1129.36564182
1784548800000,1655.54,1667.3,1623.01,1665.67,2433.29683853
1784563200000,1666.24,1679.42,1654.48,1661.44,3652.07451774
1784577600000,1662.57,1670,1659.16,1667.92,677.5529107
1784592000000,1667.18,1688.85,1664.04,1687.53,685.47724992
1784606400000,1688.13,1697.47,1682.06,1692.44,1918.1231062
1784620800000,1692.22,1708.64,1686.27,1694.08,2723.48791443
1784635200000,1694.37,1702.53,1685.41,1693.28,1867.63188442
1784649600000,1692.51,1695.19,1678,1686.04,1378.81741393
1784664000000,1686.16,1693.34,1680.84,1691.37,436.94245817
1784678400000,1692.03,1703.63,1688.4,1689.95,317.18766073
1784692800000,1690.37,1698.79,1673.91,1676.92,807.48118248
1784707200000,1676.57,1694.19,1676.57,1688.62,564.86960261
1784721600000,1688.64,1713,1677,1701.26,2709.58942077
1784736000000,1701.62,1714,1683.29,1687.21,1859.21115312
1784750400000,1686.54,1699.49,1685,1694.5,429.45554775
1784764800000,1694.5,1700.3,1677.94,1679.53,298.4897154
1784779200000,1679.27,1686.45,1673.46,1676.31,587.04207705
1784793600000,1676.24,1692,1675.9,1689.66,578.37415682
1784808000000,1689.69,1691.26,1654.81,1666.25,2181.47042552
1784822400000,1665.67,1665.67,1641.9,1647.01,1339.11153881
1784836800000,1647.62,1659.37,1646.62,1650.25,529.01575175
1784851200000,1650.3,1652.2,1633.86,1651.26,655.00769348
1784865600000,1651.02,1675.51,1645.72,1663.7,1816.474949
1784880000000,1663.7,1664.32,1648.39,1655.78,637.9754902
1784894400000,1654.88,1657.01,1623.37,1634.69,1784.36856526
1784908800000,1633.42,1640.46,1627.73,1637.98,639.39853701
1784923200000,1637.74,1639.29,1632.39,1636.59,414.56933521
1784937600000,1635.8,1638.65,1631.07,1633.37,184.05257843
1784952000000,1634.49,1637.15,1630.38,1631.59,172.71826181
1784966400000,1631.07,1635.49,1627.47,1633.44,399.1794772
1784980800000,1633.79,1645.85,1632.66,1642.3,492.20508197
1784995200000,1642.37,1650.23,1639.79,1648.56,360.06432264
1785009600000,1648.75,1649.91,1642.2,1647.94,282.25116188
1785024000000,1647.75,1656.34,1647.19,1654.93,179.83118755
1785038400000,1654.53,1660.67,1651.22,1653.97,197.15085025
1785052800000,1653.63,1659.47,1651.97,1657.71,379.02609134
1785067200000,1658.31,1685.4,1654.66,1683.77,1426.29124179
1785081600000,1683.36,1695,1678.07,1680.98,1387.17684376
1785096000000,1680.94,1725,1677.21,1713.92,2731.73986196
1785110400000,1714.3,1714.3,1696.79,1708.23,519.73584327
1785124800000,1708.26,1735.32,1707.42,1722.33,1654.39949752
1785139200000,1722.5,1728.4,1715.36,1719.88,1268.42456231
1785153600000,1721.08,1736.25,1686.68,1693.52,3287.43116879
1785168000000,1693.06,1718.18,1688.93,1712.38,1988.7987095
1785182400000,1713.3,1713.94,1654.8,1663.71,1694.93125626
1785196800000,1664.28,1665.46,1640,1652.64,1249.40373759
1785211200000,1652.97,1661.64,1649.19,1656.26,1274.93278309
1785225600000,1656,1657.16,1644.84,1650,1479.88926117
1785240000000,1649.2,1686.53,1631.59,1682.5,3671.91774553
1785254400000,1680.95,1690.86,1660.57,1685.43,1683.15104665
1785268800000,1686.53,1691.83,1671.22,1686.53,522.41793546
1785283200000,1686.55,1692.15,1656.81,1658.51,489.58422022
1785297600000,1658.3,1686.85,1651.38,1686.61,799.3416711
1785312000000,1686.55,1687,1675.81,1680.52,681.36582142
1785326400000,1680.56,1680.61,1656.29,1660.05,897.07154415
1785340800000,1660.44,1691.87,1643.21,1647.78,2960.71804832
1785355200000,1647.59,1666.5,1633.16,1664.18,3042.21482021
1785369600000,1664.59,1675.25,1651.08,1665.95,642.99945402
1785384000000,1666.37,1666.37,1656.68,1661.74,471.06687204
1785398400000,1662.27,1677.13,1659.38,1673.97,793.96168103
1785412800000,1674.13,1681.6,1658.64,1663.82,2150.67370221
1785427200000,1664.11,1671.1,1659.17,1666.74,719.89476962
1785441600000,1666.98,1679.38,1661.3,1663.78,1089.56912915
1785456000000,1663.96,1679.48,1648.83,1656.53,738.21493923
1785470400000,1656.5,1657.86,1635.32,1640.26,956.63013263
1785484800000,1640.26,1643.84,1630.83,1638.93,760.29158026
1785499200000,1639.58,1642.87,1610.4,1616.01,2666.29127689
1785513600000,1616,1626.64,1615.33,1618.63,916.74771442
1785528000000,1618.78,1620.93,1611.59,1614.55,921.0910536
1785542400000,1614.3,1620.74,1614.3,1620.6,163.23565526
1785556800000,1620.72,1622.65,1616.81,1620.61,202.24446719
1785571200000,1620.64,1621.7,1615.6,1618.74,408.43371262
1785585600000,1618.75,1626.27,1618.75,1621.76,227.46305488
1785600000000,1621.67,1624.19,1580.01,1593.37,2124.48122684
1785614400000,1593.2,1603.8,1589.79,1600.41,888.89205637
1785628800000,1600.43,1633.5,1599.1,1627.56,747.98239864
1785643200000,1629.28,1632.4,1625.48,1625.8,749.03908937
1785657600000,1625.98,1628.54,1602.87,1605.44,1463.90683867
1785672000000,1606.28,1614.95,1605.69,1611.32,648.31626177
1785686400000,1611.22,1635.71,1609.13,1630.31,1229.36598299
1785700800000,1630.49,1642.47,1624.04,1631.56,799.14323163
1785715200000,1631.21,1632.52,1604.36,1610.1,505.79601719
1785729600000,1608.65,1613.78,1594.69,1597.96,795.27283605
1785744000000,1597.78,1607.96,1584.93,1593.55,936.89612663
1785758400000,1593.66,1625.7,1590.75,1616.73,1956.61633323
1785772800000,1617.83,1628.35,1616,1623.9,802.12309677
1785787200000,1623.08,1628.43,1608.59,1615.22,524.52469486
1785801600000,1614.43,1624.15,1604.01,1618.22,259.4263912
1785816000000,1618.73,1627.3,1608.05,1618.05,843.44579115
1785830400000,1617.65,1625.69,1608.92,1624.65,424.16697945
1785844800000,1624.55,1632.46,1611.9,1623.93,1072.44836442
1785859200000,1624.32,1630.81,1619.22,1624.11,1027.81364358
1785873600000,1624.77,1630.02,1617.91,1620.58,354.16131543
1785888000000,1620,1627.63,1613.5,1617.86,519.15893493
1785902400000,1617.61,1625.89,1613.81,1621.8,499.51433934
1785916800000,1622.01,1624.22,1615.52,1616.38,569.05810575
1785931200000,1616.37,1630,1605.66,1621.62,2161.22474446
1785945600000,1621.64,1666.49,1621.11,1658.08,3350.76898483
1785960000000,1658.79,1663.98,1646.15,1650,1218.77094533
1785974400000,1650.75,1653.89,1638.63,1642.47,382.46243473
1785988800000,1641.36,1660.27,1639.95,1652.46,794.81980941
1786003200000,1653.76,1661.97,1642.11,1651.03,1573.60684296
1786017600000,1651.17,1664,1639.18,1658.52,2196.47764978
1786032000000,1657.87,1663.59,1650.81,1656.12,1308.46049899
1786046400000,1656.09,1656.88,1646.72,1650.62,263.70962896
1786060800000,1650.42,1654.01,1644.72,1645.36,362.99967278
1786075200000,1645.41,1654.18,1642.7,1649.93,1082.19985548
1786089600000,1649.46,1664.91,1649.33,1660.4,803.16060905
1786104000000,1660.44,1681.65,1652.47,1657.62,2279.39390899
1786118400000,1658.43,1663.24,1647.48,1659.05,858.29243557
1786132800000,1659,1662.31,1653.8,1655.48,538.44436711
1786147200000,1655.13,1659.49,1653.99,1658.86,74.18252604
1786161600000,1658.63,1659.7,1655.8,1656.81,163.15902927
1786176000000,1656.42,1663.87,1656.19,1661.63,364.15068388
1786190400000,1661.63,1666.18,1659.57,1663.29,210.32213997
1786204800000,1663.02,1666.01,1660.22,1661.21,294.33991096
1786219200000,1661.2,1662.63,1656.11,1659.33,143.13170607
1786233600000,1657.73,1660.36,1654,1655.6,96.38872337
1786248000000,1655.7,1660.46,1654.68,1659.8,134.31028926
1786262400000,1659.8,1664.88,1655.01,1659.98,266.64799432
1786276800000,1659.54,1667.02,1657.52,1666.68,422.93334709
1786291200000,1666.54,1666.79,1661,1662.29,223.92580197
1786305600000,1662.16,1676.38,1649.87,1652.47,705.34824263
1786320000000,1651.83,1670,1648.55,1658.73,363.40118967
1786334400000,1659.02,1669.49,1654.8,1664.24,462.21107889
1786348800000,1664.29,1667.45,1656.32,1661.26,309.51001569
1786363200000,1660.92,1663.54,1619.35,1623.58,2259.19231303
1786377600000,1623.25,1628.5,1616.95,1625.98,2235.54618266
1786392000000,1625.67,1628.44,1618.99,1620.79,541.55355067
1786406400000,1621,1628.47,1619.4,1628.23,141.97290357
1786420800000,1628.25,1628.9,1619.91,1626.66,365.22087366
1786435200000,1626.85,1641.26,1625.07,1639.75,630.19852344
1786449600000,1640.88,1642.9,1605.88,1613.41,1147.08981577
1786464000000,1612.44,1631.12,1610.4,1628.57,886.55742472
1786478400000,1629.51,1633.08,1626.61,1629.6,331.93763002
1786492800000,1628.58,1634.45,1627.6,1634.11,156.10984858
1786507200000,1634.2,1639.98,1633.02,1637.97,529.41618786
1786521600000,1637.69,1658.23,1636.78,1657.67,994.11170505
1786536000000,1658,1667,1631.28,1638.55,2036.97985467
1786550400000,1638.24,1641.59,1628.33,1629.63,328.18854561
1786564800000,1629.55,1637.76,1624.42,1629.01,691.04935308
1786579200000,1629.01,1637.57,1624.85,1636.33,371.82425016
1786593600000,1636.21,1646.94,1635.12,1643.07,359.91923196
1786608000000,1643.55,1644.64,1624.15,1628.81,555.9001815
1786622400000,1628.78,1643.31,1627.84,1629.77,927.03401951
1786636800000,1629.03,1640,1615.68,1635.36,1207.05798871
1786651200000,1636.27,1640.59,1632.65,1633.34,420.97269816
1786665600000,1634.32,1638.2,1630.46,1630.69,188.74578314
1786680000000,1630.01,1634.69,1620.43,1620.58,688.8987653
1786694400000,1620.58,1624.61,1616.68,1622.21,616.74271221
1786708800000,1621.9,1625.27,1608.61,1624.4,1247.38601408
1786723200000,1623.85,1630.41,1618.33,1624.83,697.84605857
1786737600000,1624.62,1626.07,1620.35,1625.8,191.60003149
1786752000000,1625.51,1629.09,1624.82,1626.29,132.58711779
1786766400000,1626.44,1628.76,1623.79,1624.46,188.15123599
1786780800000,1624.46,1625.39,1620.24,1623.58,180.753557
1786795200000,1623.45,1629.31,1622.43,1628.63,174.26615182
1786809600000,1628.42,1635.68,1613,1627.6,1177.40483603
1786824000000,1627.59,1629.14,1625.96,1626.32,227.73645637
1786838400000,1626.44,1628.63,1622.68,1626.78,94.57500415
1786852800000,1626.84,1627.89,1623.23,1625.28,84.00522415
1786867200000,1625.26,1626.45,1623.19,1625.1,203.44430982
1786881600000,1625.05,1628.67,1623.89,1627.84,257.38867028
1786896000000,1628.11,1634.96,1627,1629.1,498.9816302
1786910400000,1629.12,1630.06,1614.66,1619.58,434.46981964
1786924800000,1619.61,1646.32,1615.76,1639.74,507.7761633
1786939200000,1640.29,1648,1635.76,1636.26,539.95918142
1786953600000,1636.31,1644.79,1628.01,1641.22,403.07228226
1786968000000,1641.36,1659.77,1633.53,1649.26,1155.72713087
1786982400000,1649.86,1650.94,1642.61,1645.81,746.43803856
1786996800000,1645.76,1654.46,1642.42,1650.74,321.60566407
1787011200000,1651.09,1651.28,1628.06,1635.4,432.33593371
1787025600000,1635.55,1646.4,1633.07,1638.81,396.90459834
1787040000000,1638.21,1644.96,1634.88,1642.67,388.71034331
1787054400000,1642.34,1658.4,1634.32,1654.97,817.9077323
1787068800000,1655.11,1658.59,1649.52,1651.64,599.54740458
1787083200000,1652.16,1657.83,1650.01,1655.32,187.77514471
1787097600000,1655.83,1656.25,1645,1649.86,272.83954739
1787112000000,1649.57,1655.54,1643.85,1651.2,366.28124557
1787126400000,1650.91,1662.09,1649.37,1656.03,510.4701302
1787140800000,1656.63,1813.25,1653.5,1787.1,11751.32441653
1787155200000,1787.91,1805,1707.82,1799.69,8153.95606241
1787169600000,1800.2,2000,1799.34,1927.85,14720.09193223
1787184000000,1927.11,1946.51,1902.76,1926,1924.87116456
1787198400000,1925.14,1938.74,1915.62,1923.62,2090.506568
1787212800000,1924.77,1983.4,1923.25,1963.92,5097.40831883
1787227200000,1964.28,2001,1928.27,1990.72,4901.16697084
1787241600000,1990.33,2021.59,1978.01,1989.1,4998.23358471
1787256000000,1989.57,2002.27,1975.51,1990.06,1301.42460094
1787270400000,1991.8,2035.45,1989.16,2000.48,1546.17543897
1787284800000,2002.9,2049.5,2002.9,2028.05,3272.87039828
1787299200000,2027.95,2091.99,2014.22,2025.43,8297.45203952
1787313600000,2025.67,2065.7,2020.7,2047.74,3966.11465293
1787328000000,2048.21,2081.14,2039.36,2065.19,3341.34722711
1787342400000,2066.42,2179.66,2061.84,2151.1,7477.68012513
1787356800000,2150.84,2161.92,2130.82,2151.02,2023.58776762
1787371200000,2151.79,2163.73,2022,2083.51,5950.26910826
1787385600000,2083.61,2089.58,2041.24,2070.75,2667.49846854
1787400000000,2071.03,2083.69,2055.44,2058.96,1702.19045979
1787414400000,2059.04,2087.99,2057.67,2083.02,1903.00297535
1787428800000,2083.94,2086.73,2051.49,2068.28,1450.46142129
1787443200000,2069.14,2079.03,2054.73,2060.15,446.80779894
1787457600000,2059.82,2061.74,2009.74,2037.44,2569.69448874
1787472000000,2037.9,2081.42,2036.7,2078.1,2298.89144357
1787486400000,2077.51,2120.75,2041.3,2082.77,3317.07628889
1787500800000,2083.61,2100.56,2079.11,2090.89,916.62418139
1787515200000,2090.99,2126.67,2083.29,2107.67,1843.02401979
1787529600000,2107.54,2109.26,2074.29,2079.95,475.74021878
1787544000000,2081.67,2119.18,2079.97,2102.93,1216.49691263
1787558400000,2103.55,2150,2057.96,2137.45,3891.32030444
1787572800000,2137.23,2170.3,2120.59,2131.88,6818.98548268
1787587200000,2132.95,2148.35,2105.9,2117.48,3170.16060871
1787601600000,2119.25,2133.29,2113.73,2127.89,668.68019055
1787616000000,2127.94,2170,2119.71,2143.14,2248.50216916
1787630400000,2142.92,2158.63,2113.45,2126.61,2571.94256753
1787644800000,2125.65,2141.68,2111.38,2125.01,2372.95757569
1787659200000,2125.18,2128.38,2090.07,2127.17,2362.17311829
1787673600000,2127.49,2129.6,2102.18,2109.74,1120.64818594
1787688000000,2109.94,2110.24,2068.76,2091.59,1771.17657526
1787702400000,2091.28,2116.02,2086.34,2113.77,420.47787779
1787716800000,2112.33,2119.87,2102.17,2109.04,822.64601781
1787731200000,2109.04,2121.7,2093.21,2110.34,963.58259479
1787745600000,2111.04,2117.65,2087.87,2102.37,1637.84970029
1787760000000,2103.64,2131.13,2092.81,2120.24,1456.02838127
1787774400000,2120.66,2158.35,2111.47,2150.98,1993.70665541
1787788800000,2150.82,2153.88,2133.66,2138.25,509.34372046
1787803200000,2139.01,2144.1,2129.53,2143.11,430.75270088
1787817600000,2143.75,2205.19,2136.54,2149.11,4284.21688265
1787832000000,2149.56,2153.53,2130,2139.74,695.33523732
